iteration	notebook_path	dataset_path	label_index	model	score
10	microaggregation2	data/diffprep_dataset/microaggregation2/data.csv	20	LogisticRegression	0.7779781487933963
10	google	data/diffprep_dataset/google/data.csv	8	LogisticRegression	0.7699672199151489
10	jungle_chess_2pcs_raw_endgame_complete	data/diffprep_dataset/jungle_chess_2pcs_raw_endgame_complete/data.csv	6	LogisticRegression	0.9280809370911877
10	Run_or_walk_information	data/diffprep_dataset/Run_or_walk_information/data.csv	6	LogisticRegression	0.9374259198635204
10	wall-robot-navigation	data/diffprep_dataset/wall-robot-navigation/data.csv	24	LogisticRegression	0.8617853518562454
10	avila	data/diffprep_dataset/avila/data.csv	10	LogisticRegression	0.866647623050759
10	shuttle	data/diffprep_dataset/shuttle/data.csv	9	LogisticRegression	0.9998706812935084
10	abalone	data/diffprep_dataset/abalone/data.csv	8	LogisticRegression	0.49760190464104165
10	connect-4	data/diffprep_dataset/connect-4/data.csv	42	LogisticRegression	0.8632864353785393
10	house_prices	data/diffprep_dataset/house_prices/data.csv	80	LogisticRegression	0.9580230786249787
10	USCensus	data/diffprep_dataset/USCensus/data.csv	14	LogisticRegression	0.8928465047292375
10	pol	data/diffprep_dataset/pol/data.csv	48	LogisticRegression	0.972967967955095
10	mozilla4	data/diffprep_dataset/mozilla4/data.csv	5	LogisticRegression	0.9251498361687902
10	pbcseq	data/diffprep_dataset/pbcseq/data.csv	18	LogisticRegression	0.894139732470557
10	page-blocks	data/diffprep_dataset/page-blocks/data.csv	10	LogisticRegression	0.9820303262342949
10	ada_prior	data/diffprep_dataset/ada_prior/data.csv	14	LogisticRegression	0.892956495802231
10	eeg	data/diffprep_dataset/eeg/data.csv	14	LogisticRegression	0.8490943891635048
10	obesity	data/diffprep_dataset/obesity/data.csv	16	LogisticRegression	0.9540259349900136
20	microaggregation2	data/diffprep_dataset/microaggregation2/data.csv	20	LogisticRegression	0.7910436144739429
20	google	data/diffprep_dataset/google/data.csv	8	LogisticRegression	0.7978760492507485
20	jungle_chess_2pcs_raw_endgame_complete	data/diffprep_dataset/jungle_chess_2pcs_raw_endgame_complete/data.csv	6	LogisticRegression	0.823367450203395
20	Run_or_walk_information	data/diffprep_dataset/Run_or_walk_information/data.csv	6	LogisticRegression	0.9607079171100695
20	wall-robot-navigation	data/diffprep_dataset/wall-robot-navigation/data.csv	24	LogisticRegression	0.8281892512568827
20	avila	data/diffprep_dataset/avila/data.csv	10	LogisticRegression	0.866647623050759
20	shuttle	data/diffprep_dataset/shuttle/data.csv	9	LogisticRegression	0.9917330703161111
20	abalone	data/diffprep_dataset/abalone/data.csv	8	LogisticRegression	0.523376962595868
20	connect-4	data/diffprep_dataset/connect-4/data.csv	42	LogisticRegression	0.8174930268956981
20	house_prices	data/diffprep_dataset/house_prices/data.csv	80	LogisticRegression	0.9633702257080722
20	USCensus	data/diffprep_dataset/USCensus/data.csv	14	LogisticRegression	0.9125765428545716
20	pol	data/diffprep_dataset/pol/data.csv	48	LogisticRegression	0.989781120585085
20	mozilla4	data/diffprep_dataset/mozilla4/data.csv	5	LogisticRegression	0.9433964084793212
20	pbcseq	data/diffprep_dataset/pbcseq/data.csv	18	LogisticRegression	0.8589465659078176
20	page-blocks	data/diffprep_dataset/page-blocks/data.csv	10	LogisticRegression	0.9824951926869505
20	ada_prior	data/diffprep_dataset/ada_prior/data.csv	14	LogisticRegression	0.9201409482963215
20	eeg	data/diffprep_dataset/eeg/data.csv	14	LogisticRegression	0.8580880413934088
20	obesity	data/diffprep_dataset/obesity/data.csv	16	LogisticRegression	0.801889022700855
30	microaggregation2	data/diffprep_dataset/microaggregation2/data.csv	20	LogisticRegression	0.7760476789476275
30	google	data/diffprep_dataset/google/data.csv	8	LogisticRegression	0.8065235620467676
30	jungle_chess_2pcs_raw_endgame_complete	data/diffprep_dataset/jungle_chess_2pcs_raw_endgame_complete/data.csv	6	LogisticRegression	0.8919166972946438
30	Run_or_walk_information	data/diffprep_dataset/Run_or_walk_information/data.csv	6	LogisticRegression	0.9663312783508217
30	wall-robot-navigation	data/diffprep_dataset/wall-robot-navigation/data.csv	24	LogisticRegression	0.9726102487485395
30	avila	data/diffprep_dataset/avila/data.csv	10	LogisticRegression	0.7287970804519757
30	shuttle	data/diffprep_dataset/shuttle/data.csv	9	LogisticRegression	0.9726873545261974
30	abalone	data/diffprep_dataset/abalone/data.csv	8	LogisticRegression	0.5267940410848324
30	connect-4	data/diffprep_dataset/connect-4/data.csv	42	LogisticRegression	0.880601414597635
30	house_prices	data/diffprep_dataset/house_prices/data.csv	80	LogisticRegression	0.9580230786249787
30	USCensus	data/diffprep_dataset/USCensus/data.csv	14	LogisticRegression	0.904379707991068
30	pol	data/diffprep_dataset/pol/data.csv	48	LogisticRegression	0.9743373816770725
30	mozilla4	data/diffprep_dataset/mozilla4/data.csv	5	LogisticRegression	0.9614639850415635
30	pbcseq	data/diffprep_dataset/pbcseq/data.csv	18	LogisticRegression	0.855948488467633
30	page-blocks	data/diffprep_dataset/page-blocks/data.csv	10	LogisticRegression	0.9769021954849825
30	ada_prior	data/diffprep_dataset/ada_prior/data.csv	14	LogisticRegression	0.9159652465941253
30	eeg	data/diffprep_dataset/eeg/data.csv	14	LogisticRegression	0.8490943891635048
30	obesity	data/diffprep_dataset/obesity/data.csv	16	LogisticRegression	0.9675588936937934
40	microaggregation2	data/diffprep_dataset/microaggregation2/data.csv	20	LogisticRegression	0.7689278249614849
40	google	data/diffprep_dataset/google/data.csv	8	LogisticRegression	0.7995462961053569
40	jungle_chess_2pcs_raw_endgame_complete	data/diffprep_dataset/jungle_chess_2pcs_raw_endgame_complete/data.csv	6	LogisticRegression	0.871482859234882
40	Run_or_walk_information	data/diffprep_dataset/Run_or_walk_information/data.csv	6	LogisticRegression	0.9858749565529265
40	wall-robot-navigation	data/diffprep_dataset/wall-robot-navigation/data.csv	24	LogisticRegression	0.8281892512568827
40	avila	data/diffprep_dataset/avila/data.csv	10	LogisticRegression	0.8277644945617778
40	shuttle	data/diffprep_dataset/shuttle/data.csv	9	LogisticRegression	0.9998706812935084
40	abalone	data/diffprep_dataset/abalone/data.csv	8	LogisticRegression	0.4817233814835466
40	connect-4	data/diffprep_dataset/connect-4/data.csv	42	LogisticRegression	0.890671010543787
40	house_prices	data/diffprep_dataset/house_prices/data.csv	80	LogisticRegression	0.9633702257080722
40	USCensus	data/diffprep_dataset/USCensus/data.csv	14	LogisticRegression	0.9203668185066293
40	pol	data/diffprep_dataset/pol/data.csv	48	LogisticRegression	0.9430447143870397
40	mozilla4	data/diffprep_dataset/mozilla4/data.csv	5	LogisticRegression	0.9483272334238139
40	pbcseq	data/diffprep_dataset/pbcseq/data.csv	18	LogisticRegression	0.8869229903128576
40	page-blocks	data/diffprep_dataset/page-blocks/data.csv	10	LogisticRegression	0.9745623066267836
40	ada_prior	data/diffprep_dataset/ada_prior/data.csv	14	LogisticRegression	0.901501728740569
40	eeg	data/diffprep_dataset/eeg/data.csv	14	LogisticRegression	0.8580880413934088
40	obesity	data/diffprep_dataset/obesity/data.csv	16	LogisticRegression	0.8778869968260251
50	microaggregation2	data/diffprep_dataset/microaggregation2/data.csv	20	LogisticRegression	0.7604275113381945
50	google	data/diffprep_dataset/google/data.csv	8	LogisticRegression	0.7995462961053569
50	jungle_chess_2pcs_raw_endgame_complete	data/diffprep_dataset/jungle_chess_2pcs_raw_endgame_complete/data.csv	6	LogisticRegression	0.8212646835824471
50	Run_or_walk_information	data/diffprep_dataset/Run_or_walk_information/data.csv	6	LogisticRegression	0.9858749565529265
50	wall-robot-navigation	data/diffprep_dataset/wall-robot-navigation/data.csv	24	LogisticRegression	0.9838438483563934
50	avila	data/diffprep_dataset/avila/data.csv	10	LogisticRegression	0.8683046945887974
50	shuttle	data/diffprep_dataset/shuttle/data.csv	9	LogisticRegression	0.982344135219425
50	abalone	data/diffprep_dataset/abalone/data.csv	8	LogisticRegression	0.51647498630936
50	connect-4	data/diffprep_dataset/connect-4/data.csv	42	LogisticRegression	0.890671010543787
50	house_prices	data/diffprep_dataset/house_prices/data.csv	80	LogisticRegression	0.9633702257080722
50	USCensus	data/diffprep_dataset/USCensus/data.csv	14	LogisticRegression	0.8928465047292375
50	pol	data/diffprep_dataset/pol/data.csv	48	LogisticRegression	0.9430447143870397
50	mozilla4	data/diffprep_dataset/mozilla4/data.csv	5	LogisticRegression	0.9659696987949616
50	pbcseq	data/diffprep_dataset/pbcseq/data.csv	18	LogisticRegression	0.855948488467633
50	page-blocks	data/diffprep_dataset/page-blocks/data.csv	10	LogisticRegression	0.9820303262342949
50	ada_prior	data/diffprep_dataset/ada_prior/data.csv	14	LogisticRegression	0.9063485471591867
50	eeg	data/diffprep_dataset/eeg/data.csv	14	LogisticRegression	0.8580880413934088
50	obesity	data/diffprep_dataset/obesity/data.csv	16	LogisticRegression	0.9675588936937934
60	microaggregation2	data/diffprep_dataset/microaggregation2/data.csv	20	LogisticRegression	0.757792847683323
60	google	data/diffprep_dataset/google/data.csv	8	LogisticRegression	0.8078457327082046
60	jungle_chess_2pcs_raw_endgame_complete	data/diffprep_dataset/jungle_chess_2pcs_raw_endgame_complete/data.csv	6	LogisticRegression	0.9280809370911877
60	Run_or_walk_information	data/diffprep_dataset/Run_or_walk_information/data.csv	6	LogisticRegression	0.9858749565529265
60	wall-robot-navigation	data/diffprep_dataset/wall-robot-navigation/data.csv	24	LogisticRegression	0.8660254037844386
60	avila	data/diffprep_dataset/avila/data.csv	10	LogisticRegression	0.7987472222548849
60	shuttle	data/diffprep_dataset/shuttle/data.csv	9	LogisticRegression	0.9998706812935084
60	abalone	data/diffprep_dataset/abalone/data.csv	8	LogisticRegression	0.507126250053005
60	connect-4	data/diffprep_dataset/connect-4/data.csv	42	LogisticRegression	0.863843491186137
60	house_prices	data/diffprep_dataset/house_prices/data.csv	80	LogisticRegression	0.941799501682743
60	USCensus	data/diffprep_dataset/USCensus/data.csv	14	LogisticRegression	0.9086986018952833
60	pol	data/diffprep_dataset/pol/data.csv	48	LogisticRegression	0.9430447143870397
60	mozilla4	data/diffprep_dataset/mozilla4/data.csv	5	LogisticRegression	0.9696255407574413
60	pbcseq	data/diffprep_dataset/pbcseq/data.csv	18	LogisticRegression	0.8869229903128576
60	page-blocks	data/diffprep_dataset/page-blocks/data.csv	10	LogisticRegression	0.9820303262342949
60	ada_prior	data/diffprep_dataset/ada_prior/data.csv	14	LogisticRegression	0.8954063124655012
60	eeg	data/diffprep_dataset/eeg/data.csv	14	LogisticRegression	0.8007423124834451
60	obesity	data/diffprep_dataset/obesity/data.csv	16	LogisticRegression	0.8294234518093563
70	microaggregation2	data/diffprep_dataset/microaggregation2/data.csv	20	LogisticRegression	0.7779781487933963
70	google	data/diffprep_dataset/google/data.csv	8	LogisticRegression	0.7992125259818146
70	jungle_chess_2pcs_raw_endgame_complete	data/diffprep_dataset/jungle_chess_2pcs_raw_endgame_complete/data.csv	6	LogisticRegression	0.9280809370911877
70	Run_or_walk_information	data/diffprep_dataset/Run_or_walk_information/data.csv	6	LogisticRegression	0.9858749565529265
70	wall-robot-navigation	data/diffprep_dataset/wall-robot-navigation/data.csv	24	LogisticRegression	0.816496580927726
70	avila	data/diffprep_dataset/avila/data.csv	10	LogisticRegression	0.7492209657919187
70	shuttle	data/diffprep_dataset/shuttle/data.csv	9	LogisticRegression	0.9998706812935084
70	abalone	data/diffprep_dataset/abalone/data.csv	8	LogisticRegression	0.498802393489843
70	connect-4	data/diffprep_dataset/connect-4/data.csv	42	LogisticRegression	0.890671010543787
70	house_prices	data/diffprep_dataset/house_prices/data.csv	80	LogisticRegression	0.941799501682743
70	USCensus	data/diffprep_dataset/USCensus/data.csv	14	LogisticRegression	0.9054825587552978
70	pol	data/diffprep_dataset/pol/data.csv	48	LogisticRegression	0.9430447143870397
70	mozilla4	data/diffprep_dataset/mozilla4/data.csv	5	LogisticRegression	0.9696255407574413
70	pbcseq	data/diffprep_dataset/pbcseq/data.csv	18	LogisticRegression	0.8484069450876789
70	page-blocks	data/diffprep_dataset/page-blocks/data.csv	10	LogisticRegression	0.9815652396222593
70	ada_prior	data/diffprep_dataset/ada_prior/data.csv	14	LogisticRegression	0.9171602441624201
70	eeg	data/diffprep_dataset/eeg/data.csv	14	LogisticRegression	0.8580880413934088
70	obesity	data/diffprep_dataset/obesity/data.csv	16	LogisticRegression	0.8193868433495705
80	microaggregation2	data/diffprep_dataset/microaggregation2/data.csv	20	LogisticRegression	0.7779781487933963
80	google	data/diffprep_dataset/google/data.csv	8	LogisticRegression	0.7978760492507485
80	jungle_chess_2pcs_raw_endgame_complete	data/diffprep_dataset/jungle_chess_2pcs_raw_endgame_complete/data.csv	6	LogisticRegression	0.8532427579105599
80	Run_or_walk_information	data/diffprep_dataset/Run_or_walk_information/data.csv	6	LogisticRegression	0.9944251422731902
80	wall-robot-navigation	data/diffprep_dataset/wall-robot-navigation/data.csv	24	LogisticRegression	0.9626733229605601
80	avila	data/diffprep_dataset/avila/data.csv	10	LogisticRegression	0.7837594459974471
80	shuttle	data/diffprep_dataset/shuttle/data.csv	9	LogisticRegression	0.9858044150984445
80	abalone	data/diffprep_dataset/abalone/data.csv	8	LogisticRegression	0.5094795167525684
80	connect-4	data/diffprep_dataset/connect-4/data.csv	42	LogisticRegression	0.880601414597635
80	house_prices	data/diffprep_dataset/house_prices/data.csv	80	LogisticRegression	0.9580230786249787
80	USCensus	data/diffprep_dataset/USCensus/data.csv	14	LogisticRegression	0.8910390341716945
80	pol	data/diffprep_dataset/pol/data.csv	48	LogisticRegression	0.9902861539306034
80	mozilla4	data/diffprep_dataset/mozilla4/data.csv	5	LogisticRegression	0.9614639850415635
80	pbcseq	data/diffprep_dataset/pbcseq/data.csv	18	LogisticRegression	0.8529398728721846
80	page-blocks	data/diffprep_dataset/page-blocks/data.csv	10	LogisticRegression	0.9773695010345429
80	ada_prior	data/diffprep_dataset/ada_prior/data.csv	14	LogisticRegression	0.8984591897591402
80	eeg	data/diffprep_dataset/eeg/data.csv	14	LogisticRegression	0.8017837257372732
80	obesity	data/diffprep_dataset/obesity/data.csv	16	LogisticRegression	0.8872621047656614
90	microaggregation2	data/diffprep_dataset/microaggregation2/data.csv	20	LogisticRegression	0.757792847683323
90	google	data/diffprep_dataset/google/data.csv	8	LogisticRegression	0.7978760492507485
90	jungle_chess_2pcs_raw_endgame_complete	data/diffprep_dataset/jungle_chess_2pcs_raw_endgame_complete/data.csv	6	LogisticRegression	0.8212646835824471
90	Run_or_walk_information	data/diffprep_dataset/Run_or_walk_information/data.csv	6	LogisticRegression	0.9607079171100695
90	wall-robot-navigation	data/diffprep_dataset/wall-robot-navigation/data.csv	24	LogisticRegression	0.8153742483272113
90	avila	data/diffprep_dataset/avila/data.csv	10	LogisticRegression	0.866647623050759
90	shuttle	data/diffprep_dataset/shuttle/data.csv	9	LogisticRegression	0.9984902396221456
90	abalone	data/diffprep_dataset/abalone/data.csv	8	LogisticRegression	0.5118219636631847
90	connect-4	data/diffprep_dataset/connect-4/data.csv	42	LogisticRegression	0.863843491186137
90	house_prices	data/diffprep_dataset/house_prices/data.csv	80	LogisticRegression	0.9633702257080722
90	USCensus	data/diffprep_dataset/USCensus/data.csv	14	LogisticRegression	0.9198662110077999
90	pol	data/diffprep_dataset/pol/data.csv	48	LogisticRegression	0.9488589638788967
90	mozilla4	data/diffprep_dataset/mozilla4/data.csv	5	LogisticRegression	0.9696255407574413
90	pbcseq	data/diffprep_dataset/pbcseq/data.csv	18	LogisticRegression	0.855948488467633
90	page-blocks	data/diffprep_dataset/page-blocks/data.csv	10	LogisticRegression	0.9769021954849825
90	ada_prior	data/diffprep_dataset/ada_prior/data.csv	14	LogisticRegression	0.8990685212566211
90	eeg	data/diffprep_dataset/eeg/data.csv	14	LogisticRegression	0.8011590402308759
90	obesity	data/diffprep_dataset/obesity/data.csv	16	LogisticRegression	0.9365193847004032
100	microaggregation2	data/diffprep_dataset/microaggregation2/data.csv	20	LogisticRegression	0.757792847683323
100	google	data/diffprep_dataset/google/data.csv	8	LogisticRegression	0.8061926805714895
100	jungle_chess_2pcs_raw_endgame_complete	data/diffprep_dataset/jungle_chess_2pcs_raw_endgame_complete/data.csv	6	LogisticRegression	0.9280809370911877
100	Run_or_walk_information	data/diffprep_dataset/Run_or_walk_information/data.csv	6	LogisticRegression	0.9858749565529265
100	wall-robot-navigation	data/diffprep_dataset/wall-robot-navigation/data.csv	24	LogisticRegression	0.9726102487485395
100	avila	data/diffprep_dataset/avila/data.csv	10	LogisticRegression	0.7773136939622732
100	shuttle	data/diffprep_dataset/shuttle/data.csv	9	LogisticRegression	0.9906459056316882
100	abalone	data/diffprep_dataset/abalone/data.csv	8	LogisticRegression	0.5118219636631847
100	connect-4	data/diffprep_dataset/connect-4/data.csv	42	LogisticRegression	0.8146363156774954
100	house_prices	data/diffprep_dataset/house_prices/data.csv	80	LogisticRegression	0.95980877090821
100	USCensus	data/diffprep_dataset/USCensus/data.csv	14	LogisticRegression	0.8994428218823658
100	pol	data/diffprep_dataset/pol/data.csv	48	LogisticRegression	0.957601169589929
100	mozilla4	data/diffprep_dataset/mozilla4/data.csv	5	LogisticRegression	0.9696255407574413
100	pbcseq	data/diffprep_dataset/pbcseq/data.csv	18	LogisticRegression	0.8499206072101154
100	page-blocks	data/diffprep_dataset/page-blocks/data.csv	10	LogisticRegression	0.9820303262342949
100	ada_prior	data/diffprep_dataset/ada_prior/data.csv	14	LogisticRegression	0.920735931189595
100	eeg	data/diffprep_dataset/eeg/data.csv	14	LogisticRegression	0.8580880413934088
100	obesity	data/diffprep_dataset/obesity/data.csv	16	LogisticRegression	0.9365193847004032
110	microaggregation2	data/diffprep_dataset/microaggregation2/data.csv	20	LogisticRegression	0.7572978278062074
110	google	data/diffprep_dataset/google/data.csv	8	LogisticRegression	0.7816601111410164
110	jungle_chess_2pcs_raw_endgame_complete	data/diffprep_dataset/jungle_chess_2pcs_raw_endgame_complete/data.csv	6	LogisticRegression	0.9280809370911877
110	Run_or_walk_information	data/diffprep_dataset/Run_or_walk_information/data.csv	6	LogisticRegression	0.9762676599446015
110	wall-robot-navigation	data/diffprep_dataset/wall-robot-navigation/data.csv	24	LogisticRegression	0.9626733229605601
110	avila	data/diffprep_dataset/avila/data.csv	10	LogisticRegression	0.872845420412363
110	shuttle	data/diffprep_dataset/shuttle/data.csv	9	LogisticRegression	0.9998706812935084
110	abalone	data/diffprep_dataset/abalone/data.csv	8	LogisticRegression	0.5118219636631847
110	connect-4	data/diffprep_dataset/connect-4/data.csv	42	LogisticRegression	0.8146363156774954
110	house_prices	data/diffprep_dataset/house_prices/data.csv	80	LogisticRegression	0.95980877090821
110	USCensus	data/diffprep_dataset/USCensus/data.csv	14	LogisticRegression	0.9201165488028843
110	pol	data/diffprep_dataset/pol/data.csv	48	LogisticRegression	0.9877584050093761
110	mozilla4	data/diffprep_dataset/mozilla4/data.csv	5	LogisticRegression	0.9658031953551667
110	pbcseq	data/diffprep_dataset/pbcseq/data.csv	18	LogisticRegression	0.8678786594963921
110	page-blocks	data/diffprep_dataset/page-blocks/data.csv	10	LogisticRegression	0.9815652396222593
110	ada_prior	data/diffprep_dataset/ada_prior/data.csv	14	LogisticRegression	0.9008940429763744
110	eeg	data/diffprep_dataset/eeg/data.csv	14	LogisticRegression	0.8013673228394204
110	obesity	data/diffprep_dataset/obesity/data.csv	16	LogisticRegression	0.8643176020755815
120	microaggregation2	data/diffprep_dataset/microaggregation2/data.csv	20	LogisticRegression	0.7932527970325727
120	google	data/diffprep_dataset/google/data.csv	8	LogisticRegression	0.7992125259818146
120	jungle_chess_2pcs_raw_endgame_complete	data/diffprep_dataset/jungle_chess_2pcs_raw_endgame_complete/data.csv	6	LogisticRegression	0.9280809370911877
120	Run_or_walk_information	data/diffprep_dataset/Run_or_walk_information/data.csv	6	LogisticRegression	0.9374259198635204
120	wall-robot-navigation	data/diffprep_dataset/wall-robot-navigation/data.csv	24	LogisticRegression	0.9559913252323025
120	avila	data/diffprep_dataset/avila/data.csv	10	LogisticRegression	0.7773136939622732
120	shuttle	data/diffprep_dataset/shuttle/data.csv	9	LogisticRegression	0.9998706812935084
120	abalone	data/diffprep_dataset/abalone/data.csv	8	LogisticRegression	0.5
120	connect-4	data/diffprep_dataset/connect-4/data.csv	42	LogisticRegression	0.880601414597635
120	house_prices	data/diffprep_dataset/house_prices/data.csv	80	LogisticRegression	0.95980877090821
120	USCensus	data/diffprep_dataset/USCensus/data.csv	14	LogisticRegression	0.9086141150184427
120	pol	data/diffprep_dataset/pol/data.csv	48	LogisticRegression	0.9891073416638527
120	mozilla4	data/diffprep_dataset/mozilla4/data.csv	5	LogisticRegression	0.9322498267449912
120	pbcseq	data/diffprep_dataset/pbcseq/data.csv	18	LogisticRegression	0.8796470430283292
120	page-blocks	data/diffprep_dataset/page-blocks/data.csv	10	LogisticRegression	0.9637256473123827
120	ada_prior	data/diffprep_dataset/ada_prior/data.csv	14	LogisticRegression	0.8984591897591402
120	eeg	data/diffprep_dataset/eeg/data.csv	14	LogisticRegression	0.7832526068867736
120	obesity	data/diffprep_dataset/obesity/data.csv	16	LogisticRegression	0.8656841129716639
130	microaggregation2	data/diffprep_dataset/microaggregation2/data.csv	20	LogisticRegression	0.7949842765740717
130	google	data/diffprep_dataset/google/data.csv	8	LogisticRegression	0.8068543078314502
130	jungle_chess_2pcs_raw_endgame_complete	data/diffprep_dataset/jungle_chess_2pcs_raw_endgame_complete/data.csv	6	LogisticRegression	0.8212646835824471
130	Run_or_walk_information	data/diffprep_dataset/Run_or_walk_information/data.csv	6	LogisticRegression	0.9855600399731707
130	wall-robot-navigation	data/diffprep_dataset/wall-robot-navigation/data.csv	24	LogisticRegression	0.9463637755136212
130	avila	data/diffprep_dataset/avila/data.csv	10	LogisticRegression	0.9767292357659824
130	shuttle	data/diffprep_dataset/shuttle/data.csv	9	LogisticRegression	0.9885115944761564
130	abalone	data/diffprep_dataset/abalone/data.csv	8	LogisticRegression	0.5153156695021507
130	connect-4	data/diffprep_dataset/connect-4/data.csv	42	LogisticRegression	0.890671010543787
130	house_prices	data/diffprep_dataset/house_prices/data.csv	80	LogisticRegression	0.9454288003008773
130	USCensus	data/diffprep_dataset/USCensus/data.csv	14	LogisticRegression	0.8897457357482557
130	pol	data/diffprep_dataset/pol/data.csv	48	LogisticRegression	0.9527154174603593
130	mozilla4	data/diffprep_dataset/mozilla4/data.csv	5	LogisticRegression	0.9648035712867039
130	pbcseq	data/diffprep_dataset/pbcseq/data.csv	18	LogisticRegression	0.8514315783712834
130	page-blocks	data/diffprep_dataset/page-blocks/data.csv	10	LogisticRegression	0.9824951926869505
130	ada_prior	data/diffprep_dataset/ada_prior/data.csv	14	LogisticRegression	0.8996774400675411
130	eeg	data/diffprep_dataset/eeg/data.csv	14	LogisticRegression	0.8017837257372732
130	obesity	data/diffprep_dataset/obesity/data.csv	16	LogisticRegression	0.9540259349900136
140	microaggregation2	data/diffprep_dataset/microaggregation2/data.csv	20	LogisticRegression	0.7572978278062074
140	google	data/diffprep_dataset/google/data.csv	8	LogisticRegression	0.7785820239274243
140	jungle_chess_2pcs_raw_endgame_complete	data/diffprep_dataset/jungle_chess_2pcs_raw_endgame_complete/data.csv	6	LogisticRegression	0.8212646835824471
140	Run_or_walk_information	data/diffprep_dataset/Run_or_walk_information/data.csv	6	LogisticRegression	0.9374259198635204
140	wall-robot-navigation	data/diffprep_dataset/wall-robot-navigation/data.csv	24	LogisticRegression	0.9726102487485395
140	avila	data/diffprep_dataset/avila/data.csv	10	LogisticRegression	0.8277644945617778
140	shuttle	data/diffprep_dataset/shuttle/data.csv	9	LogisticRegression	0.9906459056316882
140	abalone	data/diffprep_dataset/abalone/data.csv	8	LogisticRegression	0.518785847899556
140	connect-4	data/diffprep_dataset/connect-4/data.csv	42	LogisticRegression	0.880601414597635
140	house_prices	data/diffprep_dataset/house_prices/data.csv	80	LogisticRegression	0.95980877090821
140	USCensus	data/diffprep_dataset/USCensus/data.csv	14	LogisticRegression	0.9101336788479226
140	pol	data/diffprep_dataset/pol/data.csv	48	LogisticRegression	0.9845472732852056
140	mozilla4	data/diffprep_dataset/mozilla4/data.csv	5	LogisticRegression	0.9483272334238139
140	pbcseq	data/diffprep_dataset/pbcseq/data.csv	18	LogisticRegression	0.8955761024446347
140	page-blocks	data/diffprep_dataset/page-blocks/data.csv	10	LogisticRegression	0.9815652396222593
140	ada_prior	data/diffprep_dataset/ada_prior/data.csv	14	LogisticRegression	0.8990685212566211
140	eeg	data/diffprep_dataset/eeg/data.csv	14	LogisticRegression	0.8580880413934088
140	obesity	data/diffprep_dataset/obesity/data.csv	16	LogisticRegression	0.9540259349900136
150	microaggregation2	data/diffprep_dataset/microaggregation2/data.csv	20	LogisticRegression	0.7758865896508329
150	google	data/diffprep_dataset/google/data.csv	8	LogisticRegression	0.7559793664918151
150	jungle_chess_2pcs_raw_endgame_complete	data/diffprep_dataset/jungle_chess_2pcs_raw_endgame_complete/data.csv	6	LogisticRegression	0.9280809370911877
150	Run_or_walk_information	data/diffprep_dataset/Run_or_walk_information/data.csv	6	LogisticRegression	0.9858749565529265
150	wall-robot-navigation	data/diffprep_dataset/wall-robot-navigation/data.csv	24	LogisticRegression	0.9726102487485395
150	avila	data/diffprep_dataset/avila/data.csv	10	LogisticRegression	0.8140477223713826
150	shuttle	data/diffprep_dataset/shuttle/data.csv	9	LogisticRegression	0.9726873545261974
150	abalone	data/diffprep_dataset/abalone/data.csv	8	LogisticRegression	0.5094795167525684
150	connect-4	data/diffprep_dataset/connect-4/data.csv	42	LogisticRegression	0.883663655744156
150	house_prices	data/diffprep_dataset/house_prices/data.csv	80	LogisticRegression	0.95980877090821
150	USCensus	data/diffprep_dataset/USCensus/data.csv	14	LogisticRegression	0.9210338719143683
150	pol	data/diffprep_dataset/pol/data.csv	48	LogisticRegression	0.989781120585085
150	mozilla4	data/diffprep_dataset/mozilla4/data.csv	5	LogisticRegression	0.9483272334238139
150	pbcseq	data/diffprep_dataset/pbcseq/data.csv	18	LogisticRegression	0.8955761024446347
150	page-blocks	data/diffprep_dataset/page-blocks/data.csv	10	LogisticRegression	0.9773695010345429
150	ada_prior	data/diffprep_dataset/ada_prior/data.csv	14	LogisticRegression	0.9171602441624201
150	eeg	data/diffprep_dataset/eeg/data.csv	14	LogisticRegression	0.9294183259254619
150	obesity	data/diffprep_dataset/obesity/data.csv	16	LogisticRegression	0.8294234518093563
160	microaggregation2	data/diffprep_dataset/microaggregation2/data.csv	20	LogisticRegression	0.7932527970325727
160	google	data/diffprep_dataset/google/data.csv	8	LogisticRegression	0.7744588774287341
160	jungle_chess_2pcs_raw_endgame_complete	data/diffprep_dataset/jungle_chess_2pcs_raw_endgame_complete/data.csv	6	LogisticRegression	0.9280809370911877
160	Run_or_walk_information	data/diffprep_dataset/Run_or_walk_information/data.csv	6	LogisticRegression	0.9858749565529265
160	wall-robot-navigation	data/diffprep_dataset/wall-robot-navigation/data.csv	24	LogisticRegression	0.9726102487485395
160	avila	data/diffprep_dataset/avila/data.csv	10	LogisticRegression	0.8683046945887974
160	shuttle	data/diffprep_dataset/shuttle/data.csv	9	LogisticRegression	0.9570068280662982
160	abalone	data/diffprep_dataset/abalone/data.csv	8	LogisticRegression	0.5153156695021507
160	connect-4	data/diffprep_dataset/connect-4/data.csv	42	LogisticRegression	0.890671010543787
160	house_prices	data/diffprep_dataset/house_prices/data.csv	80	LogisticRegression	0.9651460248662211
160	USCensus	data/diffprep_dataset/USCensus/data.csv	14	LogisticRegression	0.9191983102401179
160	pol	data/diffprep_dataset/pol/data.csv	48	LogisticRegression	0.989781120585085
160	mozilla4	data/diffprep_dataset/mozilla4/data.csv	5	LogisticRegression	0.9614639850415635
160	pbcseq	data/diffprep_dataset/pbcseq/data.csv	18	LogisticRegression	0.8392676450028239
160	page-blocks	data/diffprep_dataset/page-blocks/data.csv	10	LogisticRegression	0.9824951926869505
160	ada_prior	data/diffprep_dataset/ada_prior/data.csv	14	LogisticRegression	0.9099667194183911
160	eeg	data/diffprep_dataset/eeg/data.csv	14	LogisticRegression	0.8580880413934088
160	obesity	data/diffprep_dataset/obesity/data.csv	16	LogisticRegression	0.8765395102346295
170	microaggregation2	data/diffprep_dataset/microaggregation2/data.csv	20	LogisticRegression	0.757792847683323
170	google	data/diffprep_dataset/google/data.csv	8	LogisticRegression	0.7948607605121296
170	jungle_chess_2pcs_raw_endgame_complete	data/diffprep_dataset/jungle_chess_2pcs_raw_endgame_complete/data.csv	6	LogisticRegression	0.8722505729581845
170	Run_or_walk_information	data/diffprep_dataset/Run_or_walk_information/data.csv	6	LogisticRegression	0.9116335569641404
170	wall-robot-navigation	data/diffprep_dataset/wall-robot-navigation/data.csv	24	LogisticRegression	0.9559913252323025
170	avila	data/diffprep_dataset/avila/data.csv	10	LogisticRegression	0.8683046945887974
170	shuttle	data/diffprep_dataset/shuttle/data.csv	9	LogisticRegression	0.9998706812935084
170	abalone	data/diffprep_dataset/abalone/data.csv	8	LogisticRegression	0.48296334075864017
170	connect-4	data/diffprep_dataset/connect-4/data.csv	42	LogisticRegression	0.880601414597635
170	house_prices	data/diffprep_dataset/house_prices/data.csv	80	LogisticRegression	0.9633702257080722
170	USCensus	data/diffprep_dataset/USCensus/data.csv	14	LogisticRegression	0.9106396366441679
170	pol	data/diffprep_dataset/pol/data.csv	48	LogisticRegression	0.9506138367742533
170	mozilla4	data/diffprep_dataset/mozilla4/data.csv	5	LogisticRegression	0.9716138385544459
170	pbcseq	data/diffprep_dataset/pbcseq/data.csv	18	LogisticRegression	0.891260047914026
170	page-blocks	data/diffprep_dataset/page-blocks/data.csv	10	LogisticRegression	0.9792364931869324
170	ada_prior	data/diffprep_dataset/ada_prior/data.csv	14	LogisticRegression	0.901501728740569
170	eeg	data/diffprep_dataset/eeg/data.csv	14	LogisticRegression	0.8013673228394204
170	obesity	data/diffprep_dataset/obesity/data.csv	16	LogisticRegression	0.8832563863180561
180	microaggregation2	data/diffprep_dataset/microaggregation2/data.csv	20	LogisticRegression	0.7910436144739429
180	google	data/diffprep_dataset/google/data.csv	8	LogisticRegression	0.7813187002878043
180	jungle_chess_2pcs_raw_endgame_complete	data/diffprep_dataset/jungle_chess_2pcs_raw_endgame_complete/data.csv	6	LogisticRegression	0.8716108584805212
180	Run_or_walk_information	data/diffprep_dataset/Run_or_walk_information/data.csv	6	LogisticRegression	0.9250011059139226
180	wall-robot-navigation	data/diffprep_dataset/wall-robot-navigation/data.csv	24	LogisticRegression	0.9726102487485395
180	avila	data/diffprep_dataset/avila/data.csv	10	LogisticRegression	0.7877232420623946
180	shuttle	data/diffprep_dataset/shuttle/data.csv	9	LogisticRegression	0.9998706812935084
180	abalone	data/diffprep_dataset/abalone/data.csv	8	LogisticRegression	0.5094795167525684
180	connect-4	data/diffprep_dataset/connect-4/data.csv	42	LogisticRegression	0.890671010543787
180	house_prices	data/diffprep_dataset/house_prices/data.csv	80	LogisticRegression	0.9633702257080722
180	USCensus	data/diffprep_dataset/USCensus/data.csv	14	LogisticRegression	0.8943928579599247
180	pol	data/diffprep_dataset/pol/data.csv	48	LogisticRegression	0.9902861539306034
180	mozilla4	data/diffprep_dataset/mozilla4/data.csv	5	LogisticRegression	0.9267130304733756
180	pbcseq	data/diffprep_dataset/pbcseq/data.csv	18	LogisticRegression	0.8723104091270867
180	page-blocks	data/diffprep_dataset/page-blocks/data.csv	10	LogisticRegression	0.9815652396222593
180	ada_prior	data/diffprep_dataset/ada_prior/data.csv	14	LogisticRegression	0.9063485471591867
180	eeg	data/diffprep_dataset/eeg/data.csv	14	LogisticRegression	0.8005338672599515
180	obesity	data/diffprep_dataset/obesity/data.csv	16	LogisticRegression	0.8765395102346295
190	microaggregation2	data/diffprep_dataset/microaggregation2/data.csv	20	LogisticRegression	0.7784600182411425
190	google	data/diffprep_dataset/google/data.csv	8	LogisticRegression	0.7506667260628578
190	jungle_chess_2pcs_raw_endgame_complete	data/diffprep_dataset/jungle_chess_2pcs_raw_endgame_complete/data.csv	6	LogisticRegression	0.8350050167252108
190	Run_or_walk_information	data/diffprep_dataset/Run_or_walk_information/data.csv	6	LogisticRegression	0.9858749565529265
190	wall-robot-navigation	data/diffprep_dataset/wall-robot-navigation/data.csv	24	LogisticRegression	0.822642040464701
190	avila	data/diffprep_dataset/avila/data.csv	10	LogisticRegression	0.693421756675236
190	shuttle	data/diffprep_dataset/shuttle/data.csv	9	LogisticRegression	0.9994826247821316
190	abalone	data/diffprep_dataset/abalone/data.csv	8	LogisticRegression	0.5141537386673815
190	connect-4	data/diffprep_dataset/connect-4/data.csv	42	LogisticRegression	0.880601414597635
190	house_prices	data/diffprep_dataset/house_prices/data.csv	80	LogisticRegression	0.9633702257080722
190	USCensus	data/diffprep_dataset/USCensus/data.csv	14	LogisticRegression	0.9203668185066293
190	pol	data/diffprep_dataset/pol/data.csv	48	LogisticRegression	0.971425070021701
190	mozilla4	data/diffprep_dataset/mozilla4/data.csv	5	LogisticRegression	0.9674669402496591
190	pbcseq	data/diffprep_dataset/pbcseq/data.csv	18	LogisticRegression	0.708015075435334
190	page-blocks	data/diffprep_dataset/page-blocks/data.csv	10	LogisticRegression	0.9829598392925829
190	ada_prior	data/diffprep_dataset/ada_prior/data.csv	14	LogisticRegression	0.912370862893339
190	eeg	data/diffprep_dataset/eeg/data.csv	14	LogisticRegression	0.7832526068867736
190	obesity	data/diffprep_dataset/obesity/data.csv	16	LogisticRegression	0.9540259349900136
200	microaggregation2	data/diffprep_dataset/microaggregation2/data.csv	20	LogisticRegression	0.7949842765740717
200	google	data/diffprep_dataset/google/data.csv	8	LogisticRegression	0.7857454705588416
200	jungle_chess_2pcs_raw_endgame_complete	data/diffprep_dataset/jungle_chess_2pcs_raw_endgame_complete/data.csv	6	LogisticRegression	0.9271188210496479
200	Run_or_walk_information	data/diffprep_dataset/Run_or_walk_information/data.csv	6	LogisticRegression	0.9858749565529265
200	wall-robot-navigation	data/diffprep_dataset/wall-robot-navigation/data.csv	24	LogisticRegression	0.914374423352155
200	avila	data/diffprep_dataset/avila/data.csv	10	LogisticRegression	0.7493808337049281
200	shuttle	data/diffprep_dataset/shuttle/data.csv	9	LogisticRegression	0.9885115944761564
200	abalone	data/diffprep_dataset/abalone/data.csv	8	LogisticRegression	0.5222329678670935
200	connect-4	data/diffprep_dataset/connect-4/data.csv	42	LogisticRegression	0.8826999863134551
200	house_prices	data/diffprep_dataset/house_prices/data.csv	80	LogisticRegression	0.9633702257080722
200	USCensus	data/diffprep_dataset/USCensus/data.csv	14	LogisticRegression	0.921867009915487
200	pol	data/diffprep_dataset/pol/data.csv	48	LogisticRegression	0.9555103348473003
200	mozilla4	data/diffprep_dataset/mozilla4/data.csv	5	LogisticRegression	0.9648035712867039
200	pbcseq	data/diffprep_dataset/pbcseq/data.csv	18	LogisticRegression	0.8723104091270867
200	page-blocks	data/diffprep_dataset/page-blocks/data.csv	10	LogisticRegression	0.9820303262342949
200	ada_prior	data/diffprep_dataset/ada_prior/data.csv	14	LogisticRegression	0.8923429907515849
200	eeg	data/diffprep_dataset/eeg/data.csv	14	LogisticRegression	0.90004450268255
200	obesity	data/diffprep_dataset/obesity/data.csv	16	LogisticRegression	0.8845936412644422
210	microaggregation2	data/diffprep_dataset/microaggregation2/data.csv	20	LogisticRegression	0.7546522377890362
210	google	data/diffprep_dataset/google/data.csv	8	LogisticRegression	0.7703136618763982
210	jungle_chess_2pcs_raw_endgame_complete	data/diffprep_dataset/jungle_chess_2pcs_raw_endgame_complete/data.csv	6	LogisticRegression	0.8210609042442332
210	Run_or_walk_information	data/diffprep_dataset/Run_or_walk_information/data.csv	6	LogisticRegression	0.9855600399731707
210	wall-robot-navigation	data/diffprep_dataset/wall-robot-navigation/data.csv	24	LogisticRegression	0.9617215942820588
210	avila	data/diffprep_dataset/avila/data.csv	10	LogisticRegression	0.866647623050759
210	shuttle	data/diffprep_dataset/shuttle/data.csv	9	LogisticRegression	0.9933398904358138
210	abalone	data/diffprep_dataset/abalone/data.csv	8	LogisticRegression	0.51647498630936
210	connect-4	data/diffprep_dataset/connect-4/data.csv	42	LogisticRegression	0.890671010543787
210	house_prices	data/diffprep_dataset/house_prices/data.csv	80	LogisticRegression	0.9633702257080722
210	USCensus	data/diffprep_dataset/USCensus/data.csv	14	LogisticRegression	0.9191983102401179
210	pol	data/diffprep_dataset/pol/data.csv	48	LogisticRegression	0.9877584050093761
210	mozilla4	data/diffprep_dataset/mozilla4/data.csv	5	LogisticRegression	0.9724410961232555
210	pbcseq	data/diffprep_dataset/pbcseq/data.csv	18	LogisticRegression	0.8468905775751694
210	page-blocks	data/diffprep_dataset/page-blocks/data.csv	10	LogisticRegression	0.9815652396222593
210	ada_prior	data/diffprep_dataset/ada_prior/data.csv	14	LogisticRegression	0.8787375191724286
210	eeg	data/diffprep_dataset/eeg/data.csv	14	LogisticRegression	0.90004450268255
210	obesity	data/diffprep_dataset/obesity/data.csv	16	LogisticRegression	0.8778869968260251
220	microaggregation2	data/diffprep_dataset/microaggregation2/data.csv	20	LogisticRegression	0.7949842765740717
220	google	data/diffprep_dataset/google/data.csv	8	LogisticRegression	0.8048677944164457
220	jungle_chess_2pcs_raw_endgame_complete	data/diffprep_dataset/jungle_chess_2pcs_raw_endgame_complete/data.csv	6	LogisticRegression	0.9271188210496479
220	Run_or_walk_information	data/diffprep_dataset/Run_or_walk_information/data.csv	6	LogisticRegression	0.9601496478162156
220	wall-robot-navigation	data/diffprep_dataset/wall-robot-navigation/data.csv	24	LogisticRegression	0.9516709807899238
220	avila	data/diffprep_dataset/avila/data.csv	10	LogisticRegression	0.866647623050759
220	shuttle	data/diffprep_dataset/shuttle/data.csv	9	LogisticRegression	0.9726873545261974
220	abalone	data/diffprep_dataset/abalone/data.csv	8	LogisticRegression	0.512989176042577
220	connect-4	data/diffprep_dataset/connect-4/data.csv	42	LogisticRegression	0.890671010543787
220	house_prices	data/diffprep_dataset/house_prices/data.csv	80	LogisticRegression	0.9562340517069216
220	USCensus	data/diffprep_dataset/USCensus/data.csv	14	LogisticRegression	0.9037853078558791
220	pol	data/diffprep_dataset/pol/data.csv	48	LogisticRegression	0.9877584050093761
220	mozilla4	data/diffprep_dataset/mozilla4/data.csv	5	LogisticRegression	0.9696255407574413
220	pbcseq	data/diffprep_dataset/pbcseq/data.csv	18	LogisticRegression	0.8514315783712834
220	page-blocks	data/diffprep_dataset/page-blocks/data.csv	10	LogisticRegression	0.9824951926869505
220	ada_prior	data/diffprep_dataset/ada_prior/data.csv	14	LogisticRegression	0.8812268655737757
220	eeg	data/diffprep_dataset/eeg/data.csv	14	LogisticRegression	0.8007423124834451
220	obesity	data/diffprep_dataset/obesity/data.csv	16	LogisticRegression	0.95526412621192
230	microaggregation2	data/diffprep_dataset/microaggregation2/data.csv	20	LogisticRegression	0.7784600182411425
230	google	data/diffprep_dataset/google/data.csv	8	LogisticRegression	0.7806354306334672
230	jungle_chess_2pcs_raw_endgame_complete	data/diffprep_dataset/jungle_chess_2pcs_raw_endgame_complete/data.csv	6	LogisticRegression	0.8210609042442332
230	Run_or_walk_information	data/diffprep_dataset/Run_or_walk_information/data.csv	6	LogisticRegression	0.8473979614758606
230	wall-robot-navigation	data/diffprep_dataset/wall-robot-navigation/data.csv	24	LogisticRegression	0.9073368025491269
230	avila	data/diffprep_dataset/avila/data.csv	10	LogisticRegression	0.7287970804519757
230	shuttle	data/diffprep_dataset/shuttle/data.csv	9	LogisticRegression	0.8783310977310205
230	abalone	data/diffprep_dataset/abalone/data.csv	8	LogisticRegression	0.517631706652575
230	connect-4	data/diffprep_dataset/connect-4/data.csv	42	LogisticRegression	0.8632864353785393
230	house_prices	data/diffprep_dataset/house_prices/data.csv	80	LogisticRegression	0.9633702257080722
230	USCensus	data/diffprep_dataset/USCensus/data.csv	14	LogisticRegression	0.9214505350761085
230	pol	data/diffprep_dataset/pol/data.csv	48	LogisticRegression	0.9631545393480044
230	mozilla4	data/diffprep_dataset/mozilla4/data.csv	5	LogisticRegression	0.9437372924682162
230	pbcseq	data/diffprep_dataset/pbcseq/data.csv	18	LogisticRegression	0.8663963720618011
230	page-blocks	data/diffprep_dataset/page-blocks/data.csv	10	LogisticRegression	0.9810999325377465
230	ada_prior	data/diffprep_dataset/ada_prior/data.csv	14	LogisticRegression	0.9195455804253192
230	eeg	data/diffprep_dataset/eeg/data.csv	14	LogisticRegression	0.789830219541475
230	obesity	data/diffprep_dataset/obesity/data.csv	16	LogisticRegression	0.9540259349900136
240	microaggregation2	data/diffprep_dataset/microaggregation2/data.csv	20	LogisticRegression	0.757792847683323
240	google	data/diffprep_dataset/google/data.csv	8	LogisticRegression	0.741727770397515
240	jungle_chess_2pcs_raw_endgame_complete	data/diffprep_dataset/jungle_chess_2pcs_raw_endgame_complete/data.csv	6	LogisticRegression	0.9280809370911877
240	Run_or_walk_information	data/diffprep_dataset/Run_or_walk_information/data.csv	6	LogisticRegression	0.8473979614758606
240	wall-robot-navigation	data/diffprep_dataset/wall-robot-navigation/data.csv	24	LogisticRegression	0.816496580927726
240	avila	data/diffprep_dataset/avila/data.csv	10	LogisticRegression	0.7291257375511847
240	shuttle	data/diffprep_dataset/shuttle/data.csv	9	LogisticRegression	0.9998706812935084
240	abalone	data/diffprep_dataset/abalone/data.csv	8	LogisticRegression	0.5141537386673815
240	connect-4	data/diffprep_dataset/connect-4/data.csv	42	LogisticRegression	0.8795081784038272
240	house_prices	data/diffprep_dataset/house_prices/data.csv	80	LogisticRegression	0.9562340517069216
240	USCensus	data/diffprep_dataset/USCensus/data.csv	14	LogisticRegression	0.9203668185066293
240	pol	data/diffprep_dataset/pol/data.csv	48	LogisticRegression	0.9877584050093761
240	mozilla4	data/diffprep_dataset/mozilla4/data.csv	5	LogisticRegression	0.9648035712867039
240	pbcseq	data/diffprep_dataset/pbcseq/data.csv	18	LogisticRegression	0.8377347347825459
240	page-blocks	data/diffprep_dataset/page-blocks/data.csv	10	LogisticRegression	0.9773695010345429
240	ada_prior	data/diffprep_dataset/ada_prior/data.csv	14	LogisticRegression	0.8904999395776132
240	eeg	data/diffprep_dataset/eeg/data.csv	14	LogisticRegression	0.8017837257372732
240	obesity	data/diffprep_dataset/obesity/data.csv	16	LogisticRegression	0.8106851434997763
250	microaggregation2	data/diffprep_dataset/microaggregation2/data.csv	20	LogisticRegression	0.7744352781220649
250	google	data/diffprep_dataset/google/data.csv	8	LogisticRegression	0.807184918092336
250	jungle_chess_2pcs_raw_endgame_complete	data/diffprep_dataset/jungle_chess_2pcs_raw_endgame_complete/data.csv	6	LogisticRegression	0.8212646835824471
250	Run_or_walk_information	data/diffprep_dataset/Run_or_walk_information/data.csv	6	LogisticRegression	0.9289890510436734
250	wall-robot-navigation	data/diffprep_dataset/wall-robot-navigation/data.csv	24	LogisticRegression	0.9664708656063741
250	avila	data/diffprep_dataset/avila/data.csv	10	LogisticRegression	0.8087328817241154
250	shuttle	data/diffprep_dataset/shuttle/data.csv	9	LogisticRegression	0.9998706812935084
250	abalone	data/diffprep_dataset/abalone/data.csv	8	LogisticRegression	0.5094795167525684
250	connect-4	data/diffprep_dataset/connect-4/data.csv	42	LogisticRegression	0.8146363156774954
250	house_prices	data/diffprep_dataset/house_prices/data.csv	80	LogisticRegression	0.95980877090821
250	USCensus	data/diffprep_dataset/USCensus/data.csv	14	LogisticRegression	0.9190312592055281
250	pol	data/diffprep_dataset/pol/data.csv	48	LogisticRegression	0.9357706271660094
250	mozilla4	data/diffprep_dataset/mozilla4/data.csv	5	LogisticRegression	0.9614639850415635
250	pbcseq	data/diffprep_dataset/pbcseq/data.csv	18	LogisticRegression	0.8484069450876789
250	page-blocks	data/diffprep_dataset/page-blocks/data.csv	10	LogisticRegression	0.9589758616338302
250	ada_prior	data/diffprep_dataset/ada_prior/data.csv	14	LogisticRegression	0.920735931189595
250	eeg	data/diffprep_dataset/eeg/data.csv	14	LogisticRegression	0.8617754207648568
250	obesity	data/diffprep_dataset/obesity/data.csv	16	LogisticRegression	0.8778869968260251
260	microaggregation2	data/diffprep_dataset/microaggregation2/data.csv	20	LogisticRegression	0.790885579587844
260	google	data/diffprep_dataset/google/data.csv	8	LogisticRegression	0.7843860483113437
260	jungle_chess_2pcs_raw_endgame_complete	data/diffprep_dataset/jungle_chess_2pcs_raw_endgame_complete/data.csv	6	LogisticRegression	0.9280809370911877
260	Run_or_walk_information	data/diffprep_dataset/Run_or_walk_information/data.csv	6	LogisticRegression	0.9858749565529265
260	wall-robot-navigation	data/diffprep_dataset/wall-robot-navigation/data.csv	24	LogisticRegression	0.9726102487485395
260	avila	data/diffprep_dataset/avila/data.csv	10	LogisticRegression	0.8181576179913843
260	shuttle	data/diffprep_dataset/shuttle/data.csv	9	LogisticRegression	0.9984902396221456
260	abalone	data/diffprep_dataset/abalone/data.csv	8	LogisticRegression	0.49519219602572967
260	connect-4	data/diffprep_dataset/connect-4/data.csv	42	LogisticRegression	0.890671010543787
260	house_prices	data/diffprep_dataset/house_prices/data.csv	80	LogisticRegression	0.9436158958517548
260	USCensus	data/diffprep_dataset/USCensus/data.csv	14	LogisticRegression	0.921867009915487
260	pol	data/diffprep_dataset/pol/data.csv	48	LogisticRegression	0.9847165412780811
260	mozilla4	data/diffprep_dataset/mozilla4/data.csv	5	LogisticRegression	0.9483272334238139
260	pbcseq	data/diffprep_dataset/pbcseq/data.csv	18	LogisticRegression	0.894139732470557
260	page-blocks	data/diffprep_dataset/page-blocks/data.csv	10	LogisticRegression	0.9820303262342949
260	ada_prior	data/diffprep_dataset/ada_prior/data.csv	14	LogisticRegression	0.9171602441624201
260	eeg	data/diffprep_dataset/eeg/data.csv	14	LogisticRegression	0.8011590402308759
260	obesity	data/diffprep_dataset/obesity/data.csv	16	LogisticRegression	0.8656841129716639
270	microaggregation2	data/diffprep_dataset/microaggregation2/data.csv	20	LogisticRegression	0.7686026281505938
270	google	data/diffprep_dataset/google/data.csv	8	LogisticRegression	0.7737695502984401
270	jungle_chess_2pcs_raw_endgame_complete	data/diffprep_dataset/jungle_chess_2pcs_raw_endgame_complete/data.csv	6	LogisticRegression	0.8919166972946438
270	Run_or_walk_information	data/diffprep_dataset/Run_or_walk_information/data.csv	6	LogisticRegression	0.9858749565529265
270	wall-robot-navigation	data/diffprep_dataset/wall-robot-navigation/data.csv	24	LogisticRegression	0.8215281035414582
270	avila	data/diffprep_dataset/avila/data.csv	10	LogisticRegression	0.7492209657919187
270	shuttle	data/diffprep_dataset/shuttle/data.csv	9	LogisticRegression	0.9678451001741107
270	abalone	data/diffprep_dataset/abalone/data.csv	8	LogisticRegression	0.5106520833593401
270	connect-4	data/diffprep_dataset/connect-4/data.csv	42	LogisticRegression	0.8146363156774954
270	house_prices	data/diffprep_dataset/house_prices/data.csv	80	LogisticRegression	0.9651460248662211
270	USCensus	data/diffprep_dataset/USCensus/data.csv	14	LogisticRegression	0.9081070286902195
270	pol	data/diffprep_dataset/pol/data.csv	48	LogisticRegression	0.989781120585085
270	mozilla4	data/diffprep_dataset/mozilla4/data.csv	5	LogisticRegression	0.9696255407574413
270	pbcseq	data/diffprep_dataset/pbcseq/data.csv	18	LogisticRegression	0.8869229903128576
270	page-blocks	data/diffprep_dataset/page-blocks/data.csv	10	LogisticRegression	0.9815652396222593
270	ada_prior	data/diffprep_dataset/ada_prior/data.csv	14	LogisticRegression	0.8935695796340185
270	eeg	data/diffprep_dataset/eeg/data.csv	14	LogisticRegression	0.8003253677467759
270	obesity	data/diffprep_dataset/obesity/data.csv	16	LogisticRegression	0.9402982274263746
280	microaggregation2	data/diffprep_dataset/microaggregation2/data.csv	20	LogisticRegression	0.795455844154784
280	google	data/diffprep_dataset/google/data.csv	8	LogisticRegression	0.7894718118646936
280	jungle_chess_2pcs_raw_endgame_complete	data/diffprep_dataset/jungle_chess_2pcs_raw_endgame_complete/data.csv	6	LogisticRegression	0.8205172452511732
280	Run_or_walk_information	data/diffprep_dataset/Run_or_walk_information/data.csv	6	LogisticRegression	0.8810313713098945
280	wall-robot-navigation	data/diffprep_dataset/wall-robot-navigation/data.csv	24	LogisticRegression	0.9726102487485395
280	avila	data/diffprep_dataset/avila/data.csv	10	LogisticRegression	0.7287970804519757
280	shuttle	data/diffprep_dataset/shuttle/data.csv	9	LogisticRegression	0.9933398904358138
280	abalone	data/diffprep_dataset/abalone/data.csv	8	LogisticRegression	0.4817233814835466
280	connect-4	data/diffprep_dataset/connect-4/data.csv	42	LogisticRegression	0.890671010543787
280	house_prices	data/diffprep_dataset/house_prices/data.csv	80	LogisticRegression	0.9633702257080722
280	USCensus	data/diffprep_dataset/USCensus/data.csv	14	LogisticRegression	0.919699281288431
280	pol	data/diffprep_dataset/pol/data.csv	48	LogisticRegression	0.9430447143870397
280	mozilla4	data/diffprep_dataset/mozilla4/data.csv	5	LogisticRegression	0.9611293882035064
280	pbcseq	data/diffprep_dataset/pbcseq/data.csv	18	LogisticRegression	0.8869229903128576
280	page-blocks	data/diffprep_dataset/page-blocks/data.csv	10	LogisticRegression	0.9787700790174926
280	ada_prior	data/diffprep_dataset/ada_prior/data.csv	14	LogisticRegression	0.9195455804253192
280	eeg	data/diffprep_dataset/eeg/data.csv	14	LogisticRegression	0.8580880413934088
280	obesity	data/diffprep_dataset/obesity/data.csv	16	LogisticRegression	0.8885933314779292
290	microaggregation2	data/diffprep_dataset/microaggregation2/data.csv	20	LogisticRegression	0.7779781487933963
290	google	data/diffprep_dataset/google/data.csv	8	LogisticRegression	0.7813187002878043
290	jungle_chess_2pcs_raw_endgame_complete	data/diffprep_dataset/jungle_chess_2pcs_raw_endgame_complete/data.csv	6	LogisticRegression	0.8367400246244754
290	Run_or_walk_information	data/diffprep_dataset/Run_or_walk_information/data.csv	6	LogisticRegression	0.9858749565529265
290	wall-robot-navigation	data/diffprep_dataset/wall-robot-navigation/data.csv	24	LogisticRegression	0.9564701588837807
290	avila	data/diffprep_dataset/avila/data.csv	10	LogisticRegression	0.7816167682442432
290	shuttle	data/diffprep_dataset/shuttle/data.csv	9	LogisticRegression	0.9998706812935084
290	abalone	data/diffprep_dataset/abalone/data.csv	8	LogisticRegression	0.5
290	connect-4	data/diffprep_dataset/connect-4/data.csv	42	LogisticRegression	0.890671010543787
290	house_prices	data/diffprep_dataset/house_prices/data.csv	80	LogisticRegression	0.9633702257080722
290	USCensus	data/diffprep_dataset/USCensus/data.csv	14	LogisticRegression	0.892674522351695
290	pol	data/diffprep_dataset/pol/data.csv	48	LogisticRegression	0.9750213672872337
290	mozilla4	data/diffprep_dataset/mozilla4/data.csv	5	LogisticRegression	0.9614639850415635
290	pbcseq	data/diffprep_dataset/pbcseq/data.csv	18	LogisticRegression	0.8438496680160495
290	page-blocks	data/diffprep_dataset/page-blocks/data.csv	10	LogisticRegression	0.9773695010345429
290	ada_prior	data/diffprep_dataset/ada_prior/data.csv	14	LogisticRegression	0.9159652465941253
290	eeg	data/diffprep_dataset/eeg/data.csv	14	LogisticRegression	0.8580880413934088
290	obesity	data/diffprep_dataset/obesity/data.csv	16	LogisticRegression	0.9675588936937934
300	microaggregation2	data/diffprep_dataset/microaggregation2/data.csv	20	LogisticRegression	0.7932527970325727
300	google	data/diffprep_dataset/google/data.csv	8	LogisticRegression	0.7995462961053569
300	jungle_chess_2pcs_raw_endgame_complete	data/diffprep_dataset/jungle_chess_2pcs_raw_endgame_complete/data.csv	6	LogisticRegression	0.9280809370911877
300	Run_or_walk_information	data/diffprep_dataset/Run_or_walk_information/data.csv	6	LogisticRegression	0.9663312783508217
300	wall-robot-navigation	data/diffprep_dataset/wall-robot-navigation/data.csv	24	LogisticRegression	0.8153742483272113
300	avila	data/diffprep_dataset/avila/data.csv	10	LogisticRegression	0.866647623050759
300	shuttle	data/diffprep_dataset/shuttle/data.csv	9	LogisticRegression	0.9906459056316882
300	abalone	data/diffprep_dataset/abalone/data.csv	8	LogisticRegression	0.523376962595868
300	connect-4	data/diffprep_dataset/connect-4/data.csv	42	LogisticRegression	0.8724111664457614
300	house_prices	data/diffprep_dataset/house_prices/data.csv	80	LogisticRegression	0.9615911471340486
300	USCensus	data/diffprep_dataset/USCensus/data.csv	14	LogisticRegression	0.9191983102401179
300	pol	data/diffprep_dataset/pol/data.csv	48	LogisticRegression	0.9743373816770725
300	mozilla4	data/diffprep_dataset/mozilla4/data.csv	5	LogisticRegression	0.9696255407574413
300	pbcseq	data/diffprep_dataset/pbcseq/data.csv	18	LogisticRegression	0.845371490114376
300	page-blocks	data/diffprep_dataset/page-blocks/data.csv	10	LogisticRegression	0.9797026853072178
300	ada_prior	data/diffprep_dataset/ada_prior/data.csv	14	LogisticRegression	0.8904999395776132
300	eeg	data/diffprep_dataset/eeg/data.csv	14	LogisticRegression	0.8011590402308759
300	obesity	data/diffprep_dataset/obesity/data.csv	16	LogisticRegression	0.8477476764529892
310	microaggregation2	data/diffprep_dataset/microaggregation2/data.csv	20	LogisticRegression	0.7760476789476275
310	google	data/diffprep_dataset/google/data.csv	8	LogisticRegression	0.7792670940326231
310	jungle_chess_2pcs_raw_endgame_complete	data/diffprep_dataset/jungle_chess_2pcs_raw_endgame_complete/data.csv	6	LogisticRegression	0.9280809370911877
310	Run_or_walk_information	data/diffprep_dataset/Run_or_walk_information/data.csv	6	LogisticRegression	0.9762676599446015
310	wall-robot-navigation	data/diffprep_dataset/wall-robot-navigation/data.csv	24	LogisticRegression	0.9617215942820588
310	avila	data/diffprep_dataset/avila/data.csv	10	LogisticRegression	0.8683046945887974
310	shuttle	data/diffprep_dataset/shuttle/data.csv	9	LogisticRegression	0.9987060594105996
310	abalone	data/diffprep_dataset/abalone/data.csv	8	LogisticRegression	0.5118219636631847
310	connect-4	data/diffprep_dataset/connect-4/data.csv	42	LogisticRegression	0.890671010543787
310	house_prices	data/diffprep_dataset/house_prices/data.csv	80	LogisticRegression	0.9615911471340486
310	USCensus	data/diffprep_dataset/USCensus/data.csv	14	LogisticRegression	0.9210338719143683
310	pol	data/diffprep_dataset/pol/data.csv	48	LogisticRegression	0.9444575162494075
310	mozilla4	data/diffprep_dataset/mozilla4/data.csv	5	LogisticRegression	0.9648035712867039
310	pbcseq	data/diffprep_dataset/pbcseq/data.csv	18	LogisticRegression	0.8499206072101154
310	page-blocks	data/diffprep_dataset/page-blocks/data.csv	10	LogisticRegression	0.9783034424813072
310	ada_prior	data/diffprep_dataset/ada_prior/data.csv	14	LogisticRegression	0.920735931189595
310	eeg	data/diffprep_dataset/eeg/data.csv	14	LogisticRegression	0.8580880413934088
310	obesity	data/diffprep_dataset/obesity/data.csv	16	LogisticRegression	0.9402982274263746
320	microaggregation2	data/diffprep_dataset/microaggregation2/data.csv	20	LogisticRegression	0.7569676347110225
320	google	data/diffprep_dataset/google/data.csv	8	LogisticRegression	0.7854058355870377
320	jungle_chess_2pcs_raw_endgame_complete	data/diffprep_dataset/jungle_chess_2pcs_raw_endgame_complete/data.csv	6	LogisticRegression	0.8340024087790001
320	Run_or_walk_information	data/diffprep_dataset/Run_or_walk_information/data.csv	6	LogisticRegression	0.8473979614758606
320	wall-robot-navigation	data/diffprep_dataset/wall-robot-navigation/data.csv	24	LogisticRegression	0.9238397336550607
320	avila	data/diffprep_dataset/avila/data.csv	10	LogisticRegression	0.8277644945617778
320	shuttle	data/diffprep_dataset/shuttle/data.csv	9	LogisticRegression	0.9677560251106324
320	abalone	data/diffprep_dataset/abalone/data.csv	8	LogisticRegression	0.5153156695021507
320	connect-4	data/diffprep_dataset/connect-4/data.csv	42	LogisticRegression	0.8795081784038272
320	house_prices	data/diffprep_dataset/house_prices/data.csv	80	LogisticRegression	0.95980877090821
320	USCensus	data/diffprep_dataset/USCensus/data.csv	14	LogisticRegression	0.8982470944990507
320	pol	data/diffprep_dataset/pol/data.csv	48	LogisticRegression	0.9703951085339758
320	mozilla4	data/diffprep_dataset/mozilla4/data.csv	5	LogisticRegression	0.9648035712867039
320	pbcseq	data/diffprep_dataset/pbcseq/data.csv	18	LogisticRegression	0.8392676450028239
320	page-blocks	data/diffprep_dataset/page-blocks/data.csv	10	LogisticRegression	0.9820303262342949
320	ada_prior	data/diffprep_dataset/ada_prior/data.csv	14	LogisticRegression	0.920735931189595
320	eeg	data/diffprep_dataset/eeg/data.csv	14	LogisticRegression	0.8600307381099771
320	obesity	data/diffprep_dataset/obesity/data.csv	16	LogisticRegression	0.8751899489873673
330	microaggregation2	data/diffprep_dataset/microaggregation2/data.csv	20	LogisticRegression	0.776530746332687
330	google	data/diffprep_dataset/google/data.csv	8	LogisticRegression	0.7723890504472474
330	jungle_chess_2pcs_raw_endgame_complete	data/diffprep_dataset/jungle_chess_2pcs_raw_endgame_complete/data.csv	6	LogisticRegression	0.8716108584805212
330	Run_or_walk_information	data/diffprep_dataset/Run_or_walk_information/data.csv	6	LogisticRegression	0.9944251422731902
330	wall-robot-navigation	data/diffprep_dataset/wall-robot-navigation/data.csv	24	LogisticRegression	0.9782431737352972
330	avila	data/diffprep_dataset/avila/data.csv	10	LogisticRegression	0.8181576179913843
330	shuttle	data/diffprep_dataset/shuttle/data.csv	9	LogisticRegression	0.9897753141060819
330	abalone	data/diffprep_dataset/abalone/data.csv	8	LogisticRegression	0.49519219602572967
330	connect-4	data/diffprep_dataset/connect-4/data.csv	42	LogisticRegression	0.8724111664457614
330	house_prices	data/diffprep_dataset/house_prices/data.csv	80	LogisticRegression	0.9526459187837538
330	USCensus	data/diffprep_dataset/USCensus/data.csv	14	LogisticRegression	0.913501437547333
330	pol	data/diffprep_dataset/pol/data.csv	48	LogisticRegression	0.9624621204667398
330	mozilla4	data/diffprep_dataset/mozilla4/data.csv	5	LogisticRegression	0.9648035712867039
330	pbcseq	data/diffprep_dataset/pbcseq/data.csv	18	LogisticRegression	0.8869229903128576
330	page-blocks	data/diffprep_dataset/page-blocks/data.csv	10	LogisticRegression	0.9866691348852258
330	ada_prior	data/diffprep_dataset/ada_prior/data.csv	14	LogisticRegression	0.9141698213201344
330	eeg	data/diffprep_dataset/eeg/data.csv	14	LogisticRegression	0.8490943891635048
330	obesity	data/diffprep_dataset/obesity/data.csv	16	LogisticRegression	0.9148111458788166
340	microaggregation2	data/diffprep_dataset/microaggregation2/data.csv	20	LogisticRegression	0.757792847683323
340	google	data/diffprep_dataset/google/data.csv	8	LogisticRegression	0.7894718118646936
340	jungle_chess_2pcs_raw_endgame_complete	data/diffprep_dataset/jungle_chess_2pcs_raw_endgame_complete/data.csv	6	LogisticRegression	0.8210609042442332
340	Run_or_walk_information	data/diffprep_dataset/Run_or_walk_information/data.csv	6	LogisticRegression	0.8347149625732431
340	wall-robot-navigation	data/diffprep_dataset/wall-robot-navigation/data.csv	24	LogisticRegression	0.9123692138699017
340	avila	data/diffprep_dataset/avila/data.csv	10	LogisticRegression	0.8277644945617778
340	shuttle	data/diffprep_dataset/shuttle/data.csv	9	LogisticRegression	0.9998706812935084
340	abalone	data/diffprep_dataset/abalone/data.csv	8	LogisticRegression	0.8974965180990955
340	connect-4	data/diffprep_dataset/connect-4/data.csv	42	LogisticRegression	0.8149996276882774
340	house_prices	data/diffprep_dataset/house_prices/data.csv	80	LogisticRegression	0.9544416714024954
340	USCensus	data/diffprep_dataset/USCensus/data.csv	14	LogisticRegression	0.9229489649783201
340	pol	data/diffprep_dataset/pol/data.csv	48	LogisticRegression	0.9419837224354428
340	mozilla4	data/diffprep_dataset/mozilla4/data.csv	5	LogisticRegression	0.9483272334238139
340	pbcseq	data/diffprep_dataset/pbcseq/data.csv	18	LogisticRegression	0.8869229903128576
340	page-blocks	data/diffprep_dataset/page-blocks/data.csv	10	LogisticRegression	0.9824951926869505
340	ada_prior	data/diffprep_dataset/ada_prior/data.csv	14	LogisticRegression	0.91656294013022
340	eeg	data/diffprep_dataset/eeg/data.csv	14	LogisticRegression	0.8007423124834451
340	obesity	data/diffprep_dataset/obesity/data.csv	16	LogisticRegression	0.9148111458788166
350	microaggregation2	data/diffprep_dataset/microaggregation2/data.csv	20	LogisticRegression	0.7686026281505938
350	google	data/diffprep_dataset/google/data.csv	8	LogisticRegression	0.8068543078314502
350	jungle_chess_2pcs_raw_endgame_complete	data/diffprep_dataset/jungle_chess_2pcs_raw_endgame_complete/data.csv	6	LogisticRegression	0.8367400246244754
350	Run_or_walk_information	data/diffprep_dataset/Run_or_walk_information/data.csv	6	LogisticRegression	0.9944251422731902
350	wall-robot-navigation	data/diffprep_dataset/wall-robot-navigation/data.csv	24	LogisticRegression	0.9123692138699017
350	avila	data/diffprep_dataset/avila/data.csv	10	LogisticRegression	0.7560647619703248
350	shuttle	data/diffprep_dataset/shuttle/data.csv	9	LogisticRegression	0.9980152718063089
350	abalone	data/diffprep_dataset/abalone/data.csv	8	LogisticRegression	0.5106520833593401
350	connect-4	data/diffprep_dataset/connect-4/data.csv	42	LogisticRegression	0.8796764570198136
350	house_prices	data/diffprep_dataset/house_prices/data.csv	80	LogisticRegression	0.9633702257080722
350	USCensus	data/diffprep_dataset/USCensus/data.csv	14	LogisticRegression	0.9044645904078856
350	pol	data/diffprep_dataset/pol/data.csv	48	LogisticRegression	0.9506138367742533
350	mozilla4	data/diffprep_dataset/mozilla4/data.csv	5	LogisticRegression	0.933456623142456
350	pbcseq	data/diffprep_dataset/pbcseq/data.csv	18	LogisticRegression	0.8499206072101154
350	page-blocks	data/diffprep_dataset/page-blocks/data.csv	10	LogisticRegression	0.9792364931869324
350	ada_prior	data/diffprep_dataset/ada_prior/data.csv	14	LogisticRegression	0.8947944871036868
350	eeg	data/diffprep_dataset/eeg/data.csv	14	LogisticRegression	0.9294183259254619
350	obesity	data/diffprep_dataset/obesity/data.csv	16	LogisticRegression	0.9289155832240631
360	microaggregation2	data/diffprep_dataset/microaggregation2/data.csv	20	LogisticRegression	0.7932527970325727
360	google	data/diffprep_dataset/google/data.csv	8	LogisticRegression	0.7692738679330908
360	jungle_chess_2pcs_raw_endgame_complete	data/diffprep_dataset/jungle_chess_2pcs_raw_endgame_complete/data.csv	6	LogisticRegression	0.9280809370911877
360	Run_or_walk_information	data/diffprep_dataset/Run_or_walk_information/data.csv	6	LogisticRegression	0.9708181423148042
360	wall-robot-navigation	data/diffprep_dataset/wall-robot-navigation/data.csv	24	LogisticRegression	0.914374423352155
360	avila	data/diffprep_dataset/avila/data.csv	10	LogisticRegression	0.866647623050759
360	shuttle	data/diffprep_dataset/shuttle/data.csv	9	LogisticRegression	0.9858044150984445
360	abalone	data/diffprep_dataset/abalone/data.csv	8	LogisticRegression	0.517631706652575
360	connect-4	data/diffprep_dataset/connect-4/data.csv	42	LogisticRegression	0.8146363156774954
360	house_prices	data/diffprep_dataset/house_prices/data.csv	80	LogisticRegression	0.9178593320463967
360	USCensus	data/diffprep_dataset/USCensus/data.csv	14	LogisticRegression	0.9210338719143683
360	pol	data/diffprep_dataset/pol/data.csv	48	LogisticRegression	0.9743373816770725
360	mozilla4	data/diffprep_dataset/mozilla4/data.csv	5	LogisticRegression	0.9658031953551667
360	pbcseq	data/diffprep_dataset/pbcseq/data.csv	18	LogisticRegression	0.8574488375392606
360	page-blocks	data/diffprep_dataset/page-blocks/data.csv	10	LogisticRegression	0.980168655695185
360	ada_prior	data/diffprep_dataset/ada_prior/data.csv	14	LogisticRegression	0.9063485471591867
360	eeg	data/diffprep_dataset/eeg/data.csv	14	LogisticRegression	0.8580880413934088
360	obesity	data/diffprep_dataset/obesity/data.csv	16	LogisticRegression	0.9415544714433868
370	microaggregation2	data/diffprep_dataset/microaggregation2/data.csv	20	LogisticRegression	0.7572978278062074
370	google	data/diffprep_dataset/google/data.csv	8	LogisticRegression	0.7898096983821384
370	jungle_chess_2pcs_raw_endgame_complete	data/diffprep_dataset/jungle_chess_2pcs_raw_endgame_complete/data.csv	6	LogisticRegression	0.8716108584805212
370	Run_or_walk_information	data/diffprep_dataset/Run_or_walk_information/data.csv	6	LogisticRegression	0.9858749565529265
370	wall-robot-navigation	data/diffprep_dataset/wall-robot-navigation/data.csv	24	LogisticRegression	0.9810475077457832
370	avila	data/diffprep_dataset/avila/data.csv	10	LogisticRegression	0.866647623050759
370	shuttle	data/diffprep_dataset/shuttle/data.csv	9	LogisticRegression	0.9994394980912189
370	abalone	data/diffprep_dataset/abalone/data.csv	8	LogisticRegression	0.5199374272253009
370	connect-4	data/diffprep_dataset/connect-4/data.csv	42	LogisticRegression	0.890671010543787
370	house_prices	data/diffprep_dataset/house_prices/data.csv	80	LogisticRegression	0.941799501682743
370	USCensus	data/diffprep_dataset/USCensus/data.csv	14	LogisticRegression	0.8942211729870483
370	pol	data/diffprep_dataset/pol/data.csv	48	LogisticRegression	0.9906226997870246
370	mozilla4	data/diffprep_dataset/mozilla4/data.csv	5	LogisticRegression	0.9277536967535187
370	pbcseq	data/diffprep_dataset/pbcseq/data.csv	18	LogisticRegression	0.8678786594963921
370	page-blocks	data/diffprep_dataset/page-blocks/data.csv	10	LogisticRegression	0.9824951926869505
370	ada_prior	data/diffprep_dataset/ada_prior/data.csv	14	LogisticRegression	0.9159652465941253
370	eeg	data/diffprep_dataset/eeg/data.csv	14	LogisticRegression	0.8007423124834451
370	obesity	data/diffprep_dataset/obesity/data.csv	16	LogisticRegression	0.9070253775176265
380	microaggregation2	data/diffprep_dataset/microaggregation2/data.csv	20	LogisticRegression	0.7779781487933963
380	google	data/diffprep_dataset/google/data.csv	8	LogisticRegression	0.8206252659452978
380	jungle_chess_2pcs_raw_endgame_complete	data/diffprep_dataset/jungle_chess_2pcs_raw_endgame_complete/data.csv	6	LogisticRegression	0.9272992938452548
380	Run_or_walk_information	data/diffprep_dataset/Run_or_walk_information/data.csv	6	LogisticRegression	0.9665356785812025
380	wall-robot-navigation	data/diffprep_dataset/wall-robot-navigation/data.csv	24	LogisticRegression	0.977775002771065
380	avila	data/diffprep_dataset/avila/data.csv	10	LogisticRegression	0.866647623050759
380	shuttle	data/diffprep_dataset/shuttle/data.csv	9	LogisticRegression	0.9906459056316882
380	abalone	data/diffprep_dataset/abalone/data.csv	8	LogisticRegression	0.5118219636631847
380	connect-4	data/diffprep_dataset/connect-4/data.csv	42	LogisticRegression	0.880601414597635
380	house_prices	data/diffprep_dataset/house_prices/data.csv	80	LogisticRegression	0.95980877090821
380	USCensus	data/diffprep_dataset/USCensus/data.csv	14	LogisticRegression	0.8912974686627976
380	pol	data/diffprep_dataset/pol/data.csv	48	LogisticRegression	0.9428679653058534
380	mozilla4	data/diffprep_dataset/mozilla4/data.csv	5	LogisticRegression	0.9614639850415635
380	pbcseq	data/diffprep_dataset/pbcseq/data.csv	18	LogisticRegression	0.8529398728721846
380	page-blocks	data/diffprep_dataset/page-blocks/data.csv	10	LogisticRegression	0.9792364931869324
380	ada_prior	data/diffprep_dataset/ada_prior/data.csv	14	LogisticRegression	0.901501728740569
380	eeg	data/diffprep_dataset/eeg/data.csv	14	LogisticRegression	0.8490943891635048
380	obesity	data/diffprep_dataset/obesity/data.csv	16	LogisticRegression	0.927642223361274
390	microaggregation2	data/diffprep_dataset/microaggregation2/data.csv	20	LogisticRegression	0.7673004626611403
390	google	data/diffprep_dataset/google/data.csv	8	LogisticRegression	0.8216000735738027
390	jungle_chess_2pcs_raw_endgame_complete	data/diffprep_dataset/jungle_chess_2pcs_raw_endgame_complete/data.csv	6	LogisticRegression	0.9266975811780119
390	Run_or_walk_information	data/diffprep_dataset/Run_or_walk_information/data.csv	6	LogisticRegression	0.8479306230898499
390	wall-robot-navigation	data/diffprep_dataset/wall-robot-navigation/data.csv	24	LogisticRegression	0.9669445097737951
390	avila	data/diffprep_dataset/avila/data.csv	10	LogisticRegression	0.866647623050759
390	shuttle	data/diffprep_dataset/shuttle/data.csv	9	LogisticRegression	0.9677560251106324
390	abalone	data/diffprep_dataset/abalone/data.csv	8	LogisticRegression	0.512989176042577
390	connect-4	data/diffprep_dataset/connect-4/data.csv	42	LogisticRegression	0.8795081784038272
390	house_prices	data/diffprep_dataset/house_prices/data.csv	80	LogisticRegression	0.9633702257080722
390	USCensus	data/diffprep_dataset/USCensus/data.csv	14	LogisticRegression	0.9052281739887227
390	pol	data/diffprep_dataset/pol/data.csv	48	LogisticRegression	0.9669539802906858
390	mozilla4	data/diffprep_dataset/mozilla4/data.csv	5	LogisticRegression	0.9258449150318071
390	pbcseq	data/diffprep_dataset/pbcseq/data.csv	18	LogisticRegression	0.8514315783712834
390	page-blocks	data/diffprep_dataset/page-blocks/data.csv	10	LogisticRegression	0.9670366163447991
390	ada_prior	data/diffprep_dataset/ada_prior/data.csv	14	LogisticRegression	0.9117704213259056
390	eeg	data/diffprep_dataset/eeg/data.csv	14	LogisticRegression	0.7999082056815575
390	obesity	data/diffprep_dataset/obesity/data.csv	16	LogisticRegression	0.8092257631201564
400	microaggregation2	data/diffprep_dataset/microaggregation2/data.csv	20	LogisticRegression	0.7779781487933963
400	google	data/diffprep_dataset/google/data.csv	8	LogisticRegression	0.7623056639521248
400	jungle_chess_2pcs_raw_endgame_complete	data/diffprep_dataset/jungle_chess_2pcs_raw_endgame_complete/data.csv	6	LogisticRegression	0.8532427579105599
400	Run_or_walk_information	data/diffprep_dataset/Run_or_walk_information/data.csv	6	LogisticRegression	0.9663312783508217
400	wall-robot-navigation	data/diffprep_dataset/wall-robot-navigation/data.csv	24	LogisticRegression	0.8220852606780977
400	avila	data/diffprep_dataset/avila/data.csv	10	LogisticRegression	0.7773136939622732
400	shuttle	data/diffprep_dataset/shuttle/data.csv	9	LogisticRegression	0.9998706812935084
400	abalone	data/diffprep_dataset/abalone/data.csv	8	LogisticRegression	0.5035757308949782
400	connect-4	data/diffprep_dataset/connect-4/data.csv	42	LogisticRegression	0.8146817385393711
400	house_prices	data/diffprep_dataset/house_prices/data.csv	80	LogisticRegression	0.9615911471340486
400	USCensus	data/diffprep_dataset/USCensus/data.csv	14	LogisticRegression	0.9001253815115267
400	pol	data/diffprep_dataset/pol/data.csv	48	LogisticRegression	0.9906226997870246
400	mozilla4	data/diffprep_dataset/mozilla4/data.csv	5	LogisticRegression	0.9658031953551667
400	pbcseq	data/diffprep_dataset/pbcseq/data.csv	18	LogisticRegression	0.8955761024446347
400	page-blocks	data/diffprep_dataset/page-blocks/data.csv	10	LogisticRegression	0.9646727980543124
400	ada_prior	data/diffprep_dataset/ada_prior/data.csv	14	LogisticRegression	0.9063485471591867
400	eeg	data/diffprep_dataset/eeg/data.csv	14	LogisticRegression	0.8013673228394204
400	obesity	data/diffprep_dataset/obesity/data.csv	16	LogisticRegression	0.95526412621192
410	microaggregation2	data/diffprep_dataset/microaggregation2/data.csv	20	LogisticRegression	0.7572978278062074
410	google	data/diffprep_dataset/google/data.csv	8	LogisticRegression	0.7928441971942195
410	jungle_chess_2pcs_raw_endgame_complete	data/diffprep_dataset/jungle_chess_2pcs_raw_endgame_complete/data.csv	6	LogisticRegression	0.871482859234882
410	Run_or_walk_information	data/diffprep_dataset/Run_or_walk_information/data.csv	6	LogisticRegression	0.9068539111977498
410	wall-robot-navigation	data/diffprep_dataset/wall-robot-navigation/data.csv	24	LogisticRegression	0.8215281035414582
410	avila	data/diffprep_dataset/avila/data.csv	10	LogisticRegression	0.7837594459974471
410	shuttle	data/diffprep_dataset/shuttle/data.csv	9	LogisticRegression	0.9858044150984445
410	abalone	data/diffprep_dataset/abalone/data.csv	8	LogisticRegression	0.49639851254167605
410	connect-4	data/diffprep_dataset/connect-4/data.csv	42	LogisticRegression	0.8145908902827699
410	house_prices	data/diffprep_dataset/house_prices/data.csv	80	LogisticRegression	0.9633702257080722
410	USCensus	data/diffprep_dataset/USCensus/data.csv	14	LogisticRegression	0.9101336788479226
410	pol	data/diffprep_dataset/pol/data.csv	48	LogisticRegression	0.9514900595031633
410	mozilla4	data/diffprep_dataset/mozilla4/data.csv	5	LogisticRegression	0.9305231169338455
410	pbcseq	data/diffprep_dataset/pbcseq/data.csv	18	LogisticRegression	0.8869229903128576
410	page-blocks	data/diffprep_dataset/page-blocks/data.csv	10	LogisticRegression	0.9754989356816243
410	ada_prior	data/diffprep_dataset/ada_prior/data.csv	14	LogisticRegression	0.9027158730331863
410	eeg	data/diffprep_dataset/eeg/data.csv	14	LogisticRegression	0.8059359219444023
410	obesity	data/diffprep_dataset/obesity/data.csv	16	LogisticRegression	0.9515447189942587
420	microaggregation2	data/diffprep_dataset/microaggregation2/data.csv	20	LogisticRegression	0.7739509028355739
420	google	data/diffprep_dataset/google/data.csv	8	LogisticRegression	0.7992125259818146
420	jungle_chess_2pcs_raw_endgame_complete	data/diffprep_dataset/jungle_chess_2pcs_raw_endgame_complete/data.csv	6	LogisticRegression	0.816359940213703
420	Run_or_walk_information	data/diffprep_dataset/Run_or_walk_information/data.csv	6	LogisticRegression	0.8638884155326297
420	wall-robot-navigation	data/diffprep_dataset/wall-robot-navigation/data.csv	24	LogisticRegression	0.7661568618738183
420	avila	data/diffprep_dataset/avila/data.csv	10	LogisticRegression	0.7287970804519757
420	shuttle	data/diffprep_dataset/shuttle/data.csv	9	LogisticRegression	0.9998706812935084
420	abalone	data/diffprep_dataset/abalone/data.csv	8	LogisticRegression	0.5210864616150269
420	connect-4	data/diffprep_dataset/connect-4/data.csv	42	LogisticRegression	0.890671010543787
420	house_prices	data/diffprep_dataset/house_prices/data.csv	80	LogisticRegression	0.9381561630674127
420	USCensus	data/diffprep_dataset/USCensus/data.csv	14	LogisticRegression	0.9201165488028843
420	pol	data/diffprep_dataset/pol/data.csv	48	LogisticRegression	0.9743373816770725
420	mozilla4	data/diffprep_dataset/mozilla4/data.csv	5	LogisticRegression	0.946459944479268
420	pbcseq	data/diffprep_dataset/pbcseq/data.csv	18	LogisticRegression	0.8619342151577695
420	page-blocks	data/diffprep_dataset/page-blocks/data.csv	10	LogisticRegression	0.9824951926869505
420	ada_prior	data/diffprep_dataset/ada_prior/data.csv	14	LogisticRegression	0.9063485471591867
420	eeg	data/diffprep_dataset/eeg/data.csv	14	LogisticRegression	0.8007423124834451
420	obesity	data/diffprep_dataset/obesity/data.csv	16	LogisticRegression	0.8832563863180561
430	microaggregation2	data/diffprep_dataset/microaggregation2/data.csv	20	LogisticRegression	0.7574628703771559
430	google	data/diffprep_dataset/google/data.csv	8	LogisticRegression	0.8228980207867362
430	jungle_chess_2pcs_raw_endgame_complete	data/diffprep_dataset/jungle_chess_2pcs_raw_endgame_complete/data.csv	6	LogisticRegression	0.8367400246244754
430	Run_or_walk_information	data/diffprep_dataset/Run_or_walk_information/data.csv	6	LogisticRegression	0.8302063467410338
430	wall-robot-navigation	data/diffprep_dataset/wall-robot-navigation/data.csv	24	LogisticRegression	0.9617215942820588
430	avila	data/diffprep_dataset/avila/data.csv	10	LogisticRegression	0.866647623050759
430	shuttle	data/diffprep_dataset/shuttle/data.csv	9	LogisticRegression	0.9857606899907475
430	abalone	data/diffprep_dataset/abalone/data.csv	8	LogisticRegression	0.51647498630936
430	connect-4	data/diffprep_dataset/connect-4/data.csv	42	LogisticRegression	0.8826999863134551
430	house_prices	data/diffprep_dataset/house_prices/data.csv	80	LogisticRegression	0.9526459187837538
430	USCensus	data/diffprep_dataset/USCensus/data.csv	14	LogisticRegression	0.8979906600566078
430	pol	data/diffprep_dataset/pol/data.csv	48	LogisticRegression	0.9654014708917736
430	mozilla4	data/diffprep_dataset/mozilla4/data.csv	5	LogisticRegression	0.9356936871122089
430	pbcseq	data/diffprep_dataset/pbcseq/data.csv	18	LogisticRegression	0.8663963720618011
430	page-blocks	data/diffprep_dataset/page-blocks/data.csv	10	LogisticRegression	0.9829598392925829
430	ada_prior	data/diffprep_dataset/ada_prior/data.csv	14	LogisticRegression	0.9075562073179831
430	eeg	data/diffprep_dataset/eeg/data.csv	14	LogisticRegression	0.8017837257372732
430	obesity	data/diffprep_dataset/obesity/data.csv	16	LogisticRegression	0.9402982274263746
440	microaggregation2	data/diffprep_dataset/microaggregation2/data.csv	20	LogisticRegression	0.7949842765740717
440	google	data/diffprep_dataset/google/data.csv	8	LogisticRegression	0.7992125259818146
440	jungle_chess_2pcs_raw_endgame_complete	data/diffprep_dataset/jungle_chess_2pcs_raw_endgame_complete/data.csv	6	LogisticRegression	0.9280809370911877
440	Run_or_walk_information	data/diffprep_dataset/Run_or_walk_information/data.csv	6	LogisticRegression	0.9858749565529265
440	wall-robot-navigation	data/diffprep_dataset/wall-robot-navigation/data.csv	24	LogisticRegression	0.9439415453435881
440	avila	data/diffprep_dataset/avila/data.csv	10	LogisticRegression	0.872845420412363
440	shuttle	data/diffprep_dataset/shuttle/data.csv	9	LogisticRegression	0.9998706812935084
440	abalone	data/diffprep_dataset/abalone/data.csv	8	LogisticRegression	0.5
440	connect-4	data/diffprep_dataset/connect-4/data.csv	42	LogisticRegression	0.890671010543787
440	house_prices	data/diffprep_dataset/house_prices/data.csv	80	LogisticRegression	0.9454288003008773
440	USCensus	data/diffprep_dataset/USCensus/data.csv	14	LogisticRegression	0.9054825587552978
440	pol	data/diffprep_dataset/pol/data.csv	48	LogisticRegression	0.9563820714895624
440	mozilla4	data/diffprep_dataset/mozilla4/data.csv	5	LogisticRegression	0.9498522849050125
440	pbcseq	data/diffprep_dataset/pbcseq/data.csv	18	LogisticRegression	0.8589465659078176
440	page-blocks	data/diffprep_dataset/page-blocks/data.csv	10	LogisticRegression	0.9806344046669169
440	ada_prior	data/diffprep_dataset/ada_prior/data.csv	14	LogisticRegression	0.9082951062292475
440	eeg	data/diffprep_dataset/eeg/data.csv	14	LogisticRegression	0.8867817332673293
440	obesity	data/diffprep_dataset/obesity/data.csv	16	LogisticRegression	0.8656841129716639
450	microaggregation2	data/diffprep_dataset/microaggregation2/data.csv	20	LogisticRegression	0.7689278249614849
450	google	data/diffprep_dataset/google/data.csv	8	LogisticRegression	0.8078457327082046
450	jungle_chess_2pcs_raw_endgame_complete	data/diffprep_dataset/jungle_chess_2pcs_raw_endgame_complete/data.csv	6	LogisticRegression	0.9266975811780119
450	Run_or_walk_information	data/diffprep_dataset/Run_or_walk_information/data.csv	6	LogisticRegression	0.8810313713098945
450	wall-robot-navigation	data/diffprep_dataset/wall-robot-navigation/data.csv	24	LogisticRegression	0.9439415453435881
450	avila	data/diffprep_dataset/avila/data.csv	10	LogisticRegression	0.706767885034234
450	shuttle	data/diffprep_dataset/shuttle/data.csv	9	LogisticRegression	0.982344135219425
450	abalone	data/diffprep_dataset/abalone/data.csv	8	LogisticRegression	0.507126250053005
450	connect-4	data/diffprep_dataset/connect-4/data.csv	42	LogisticRegression	0.8796764570198136
450	house_prices	data/diffprep_dataset/house_prices/data.csv	80	LogisticRegression	0.9526459187837538
450	USCensus	data/diffprep_dataset/USCensus/data.csv	14	LogisticRegression	0.9054825587552978
450	pol	data/diffprep_dataset/pol/data.csv	48	LogisticRegression	0.9743373816770725
450	mozilla4	data/diffprep_dataset/mozilla4/data.csv	5	LogisticRegression	0.951036745326764
450	pbcseq	data/diffprep_dataset/pbcseq/data.csv	18	LogisticRegression	0.8346604685058322
450	page-blocks	data/diffprep_dataset/page-blocks/data.csv	10	LogisticRegression	0.9824951926869505
450	ada_prior	data/diffprep_dataset/ada_prior/data.csv	14	LogisticRegression	0.901501728740569
450	eeg	data/diffprep_dataset/eeg/data.csv	14	LogisticRegression	0.8580880413934088
450	obesity	data/diffprep_dataset/obesity/data.csv	16	LogisticRegression	0.7500984962903978
460	microaggregation2	data/diffprep_dataset/microaggregation2/data.csv	20	LogisticRegression	0.7956129712366434
460	google	data/diffprep_dataset/google/data.csv	8	LogisticRegression	0.7710060787909202
460	jungle_chess_2pcs_raw_endgame_complete	data/diffprep_dataset/jungle_chess_2pcs_raw_endgame_complete/data.csv	6	LogisticRegression	0.8337348430330128
460	Run_or_walk_information	data/diffprep_dataset/Run_or_walk_information/data.csv	6	LogisticRegression	0.9287460033448199
460	wall-robot-navigation	data/diffprep_dataset/wall-robot-navigation/data.csv	24	LogisticRegression	0.8215281035414582
460	avila	data/diffprep_dataset/avila/data.csv	10	LogisticRegression	0.866647623050759
460	shuttle	data/diffprep_dataset/shuttle/data.csv	9	LogisticRegression	0.9677560251106324
460	abalone	data/diffprep_dataset/abalone/data.csv	8	LogisticRegression	0.5094795167525684
460	connect-4	data/diffprep_dataset/connect-4/data.csv	42	LogisticRegression	0.8146363156774954
460	house_prices	data/diffprep_dataset/house_prices/data.csv	80	LogisticRegression	0.9651460248662211
460	USCensus	data/diffprep_dataset/USCensus/data.csv	14	LogisticRegression	0.9086986018952833
460	pol	data/diffprep_dataset/pol/data.csv	48	LogisticRegression	0.9622889378975527
460	mozilla4	data/diffprep_dataset/mozilla4/data.csv	5	LogisticRegression	0.9320772997097867
460	pbcseq	data/diffprep_dataset/pbcseq/data.csv	18	LogisticRegression	0.855948488467633
460	page-blocks	data/diffprep_dataset/page-blocks/data.csv	10	LogisticRegression	0.9773695010345429
460	ada_prior	data/diffprep_dataset/ada_prior/data.csv	14	LogisticRegression	0.8984591897591402
460	eeg	data/diffprep_dataset/eeg/data.csv	14	LogisticRegression	0.7955147966708705
460	obesity	data/diffprep_dataset/obesity/data.csv	16	LogisticRegression	0.8751899489873673
470	microaggregation2	data/diffprep_dataset/microaggregation2/data.csv	20	LogisticRegression	0.7949842765740717
470	google	data/diffprep_dataset/google/data.csv	8	LogisticRegression	0.7657976916843731
470	jungle_chess_2pcs_raw_endgame_complete	data/diffprep_dataset/jungle_chess_2pcs_raw_endgame_complete/data.csv	6	LogisticRegression	0.819837164533204
470	Run_or_walk_information	data/diffprep_dataset/Run_or_walk_information/data.csv	6	LogisticRegression	0.9858749565529265
470	wall-robot-navigation	data/diffprep_dataset/wall-robot-navigation/data.csv	24	LogisticRegression	0.9424852191299279
470	avila	data/diffprep_dataset/avila/data.csv	10	LogisticRegression	0.7785455706368238
470	shuttle	data/diffprep_dataset/shuttle/data.csv	9	LogisticRegression	0.9998706812935084
470	abalone	data/diffprep_dataset/abalone/data.csv	8	LogisticRegression	0.512989176042577
470	connect-4	data/diffprep_dataset/connect-4/data.csv	42	LogisticRegression	0.890671010543787
470	house_prices	data/diffprep_dataset/house_prices/data.csv	80	LogisticRegression	0.9490442199954907
470	USCensus	data/diffprep_dataset/USCensus/data.csv	14	LogisticRegression	0.921867009915487
470	pol	data/diffprep_dataset/pol/data.csv	48	LogisticRegression	0.9619424792228137
470	mozilla4	data/diffprep_dataset/mozilla4/data.csv	5	LogisticRegression	0.9696255407574413
470	pbcseq	data/diffprep_dataset/pbcseq/data.csv	18	LogisticRegression	0.8064648808925969
470	page-blocks	data/diffprep_dataset/page-blocks/data.csv	10	LogisticRegression	0.9824951926869505
470	ada_prior	data/diffprep_dataset/ada_prior/data.csv	14	LogisticRegression	0.8954063124655012
470	eeg	data/diffprep_dataset/eeg/data.csv	14	LogisticRegression	0.8867817332673293
470	obesity	data/diffprep_dataset/obesity/data.csv	16	LogisticRegression	0.8859288777093441
480	microaggregation2	data/diffprep_dataset/microaggregation2/data.csv	20	LogisticRegression	0.757792847683323
480	google	data/diffprep_dataset/google/data.csv	8	LogisticRegression	0.8068543078314502
480	jungle_chess_2pcs_raw_endgame_complete	data/diffprep_dataset/jungle_chess_2pcs_raw_endgame_complete/data.csv	6	LogisticRegression	0.8336679381785109
480	Run_or_walk_information	data/diffprep_dataset/Run_or_walk_information/data.csv	6	LogisticRegression	0.8473979614758606
480	wall-robot-navigation	data/diffprep_dataset/wall-robot-navigation/data.csv	24	LogisticRegression	0.8754904433993078
480	avila	data/diffprep_dataset/avila/data.csv	10	LogisticRegression	0.7901526178904781
480	shuttle	data/diffprep_dataset/shuttle/data.csv	9	LogisticRegression	0.9998706812935084
480	abalone	data/diffprep_dataset/abalone/data.csv	8	LogisticRegression	0.5141537386673815
480	connect-4	data/diffprep_dataset/connect-4/data.csv	42	LogisticRegression	0.890671010543787
480	house_prices	data/diffprep_dataset/house_prices/data.csv	80	LogisticRegression	0.9669185626769791
480	USCensus	data/diffprep_dataset/USCensus/data.csv	14	LogisticRegression	0.9157676732909951
480	pol	data/diffprep_dataset/pol/data.csv	48	LogisticRegression	0.9743373816770725
480	mozilla4	data/diffprep_dataset/mozilla4/data.csv	5	LogisticRegression	0.9483272334238139
480	pbcseq	data/diffprep_dataset/pbcseq/data.csv	18	LogisticRegression	0.8468905775751694
480	page-blocks	data/diffprep_dataset/page-blocks/data.csv	10	LogisticRegression	0.9820303262342949
480	ada_prior	data/diffprep_dataset/ada_prior/data.csv	14	LogisticRegression	0.8978494447348808
480	eeg	data/diffprep_dataset/eeg/data.csv	14	LogisticRegression	0.8009507034596428
480	obesity	data/diffprep_dataset/obesity/data.csv	16	LogisticRegression	0.8885933314779292
490	microaggregation2	data/diffprep_dataset/microaggregation2/data.csv	20	LogisticRegression	0.7686026281505938
490	google	data/diffprep_dataset/google/data.csv	8	LogisticRegression	0.7789246342955695
490	jungle_chess_2pcs_raw_endgame_complete	data/diffprep_dataset/jungle_chess_2pcs_raw_endgame_complete/data.csv	6	LogisticRegression	0.8212646835824471
490	Run_or_walk_information	data/diffprep_dataset/Run_or_walk_information/data.csv	6	LogisticRegression	0.9944251422731902
490	wall-robot-navigation	data/diffprep_dataset/wall-robot-navigation/data.csv	24	LogisticRegression	0.9838438483563934
490	avila	data/diffprep_dataset/avila/data.csv	10	LogisticRegression	0.819912695341858
490	shuttle	data/diffprep_dataset/shuttle/data.csv	9	LogisticRegression	0.9983175501985742
490	abalone	data/diffprep_dataset/abalone/data.csv	8	LogisticRegression	0.507126250053005
490	connect-4	data/diffprep_dataset/connect-4/data.csv	42	LogisticRegression	0.8149996276882774
490	house_prices	data/diffprep_dataset/house_prices/data.csv	80	LogisticRegression	0.9562340517069216
490	USCensus	data/diffprep_dataset/USCensus/data.csv	14	LogisticRegression	0.9205336271746971
490	pol	data/diffprep_dataset/pol/data.csv	48	LogisticRegression	0.9743373816770725
490	mozilla4	data/diffprep_dataset/mozilla4/data.csv	5	LogisticRegression	0.9433964084793212
490	pbcseq	data/diffprep_dataset/pbcseq/data.csv	18	LogisticRegression	0.881107039125149
490	page-blocks	data/diffprep_dataset/page-blocks/data.csv	10	LogisticRegression	0.9783034424813072
490	ada_prior	data/diffprep_dataset/ada_prior/data.csv	14	LogisticRegression	0.9147686879558149
490	eeg	data/diffprep_dataset/eeg/data.csv	14	LogisticRegression	0.8852748813150164
490	obesity	data/diffprep_dataset/obesity/data.csv	16	LogisticRegression	0.9675588936937934
500	microaggregation2	data/diffprep_dataset/microaggregation2/data.csv	20	LogisticRegression	0.7932527970325727
500	google	data/diffprep_dataset/google/data.csv	8	LogisticRegression	0.7713520541634106
500	jungle_chess_2pcs_raw_endgame_complete	data/diffprep_dataset/jungle_chess_2pcs_raw_endgame_complete/data.csv	6	LogisticRegression	0.8337348430330128
500	Run_or_walk_information	data/diffprep_dataset/Run_or_walk_information/data.csv	6	LogisticRegression	0.9708181423148042
500	wall-robot-navigation	data/diffprep_dataset/wall-robot-navigation/data.csv	24	LogisticRegression	0.9810475077457832
500	avila	data/diffprep_dataset/avila/data.csv	10	LogisticRegression	0.7877232420623946
500	shuttle	data/diffprep_dataset/shuttle/data.csv	9	LogisticRegression	0.8747413410792377
500	abalone	data/diffprep_dataset/abalone/data.csv	8	LogisticRegression	0.5106520833593401
500	connect-4	data/diffprep_dataset/connect-4/data.csv	42	LogisticRegression	0.8826999863134551
500	house_prices	data/diffprep_dataset/house_prices/data.csv	80	LogisticRegression	0.9633702257080722
500	USCensus	data/diffprep_dataset/USCensus/data.csv	14	LogisticRegression	0.9159353195483796
500	pol	data/diffprep_dataset/pol/data.csv	48	LogisticRegression	0.9631545393480044
500	mozilla4	data/diffprep_dataset/mozilla4/data.csv	5	LogisticRegression	0.9394673524933008
500	pbcseq	data/diffprep_dataset/pbcseq/data.csv	18	LogisticRegression	0.8869229903128576
500	page-blocks	data/diffprep_dataset/page-blocks/data.csv	10	LogisticRegression	0.9848162334662391
500	ada_prior	data/diffprep_dataset/ada_prior/data.csv	14	LogisticRegression	0.8947944871036868
500	eeg	data/diffprep_dataset/eeg/data.csv	14	LogisticRegression	0.8867817332673293
500	obesity	data/diffprep_dataset/obesity/data.csv	16	LogisticRegression	0.7915033426152782
510	microaggregation2	data/diffprep_dataset/microaggregation2/data.csv	20	LogisticRegression	0.793882862896032
510	google	data/diffprep_dataset/google/data.csv	8	LogisticRegression	0.7559793664918151
510	jungle_chess_2pcs_raw_endgame_complete	data/diffprep_dataset/jungle_chess_2pcs_raw_endgame_complete/data.csv	6	LogisticRegression	0.8716108584805212
510	Run_or_walk_information	data/diffprep_dataset/Run_or_walk_information/data.csv	6	LogisticRegression	0.9858749565529265
510	wall-robot-navigation	data/diffprep_dataset/wall-robot-navigation/data.csv	24	LogisticRegression	0.9838438483563934
510	avila	data/diffprep_dataset/avila/data.csv	10	LogisticRegression	0.7773136939622732
510	shuttle	data/diffprep_dataset/shuttle/data.csv	9	LogisticRegression	0.9981448308979393
510	abalone	data/diffprep_dataset/abalone/data.csv	8	LogisticRegression	0.5083042452524146
510	connect-4	data/diffprep_dataset/connect-4/data.csv	42	LogisticRegression	0.8808114967664749
510	house_prices	data/diffprep_dataset/house_prices/data.csv	80	LogisticRegression	0.95980877090821
510	USCensus	data/diffprep_dataset/USCensus/data.csv	14	LogisticRegression	0.8981616244865351
510	pol	data/diffprep_dataset/pol/data.csv	48	LogisticRegression	0.9591663046625439
510	mozilla4	data/diffprep_dataset/mozilla4/data.csv	5	LogisticRegression	0.9659696987949616
510	pbcseq	data/diffprep_dataset/pbcseq/data.csv	18	LogisticRegression	0.8604416872584897
510	page-blocks	data/diffprep_dataset/page-blocks/data.csv	10	LogisticRegression	0.9824951926869505
510	ada_prior	data/diffprep_dataset/ada_prior/data.csv	14	LogisticRegression	0.9008940429763744
510	eeg	data/diffprep_dataset/eeg/data.csv	14	LogisticRegression	0.7999082056815575
510	obesity	data/diffprep_dataset/obesity/data.csv	16	LogisticRegression	0.8251369970070347
520	microaggregation2	data/diffprep_dataset/microaggregation2/data.csv	20	LogisticRegression	0.7612489737267303
520	google	data/diffprep_dataset/google/data.csv	8	LogisticRegression	0.7995462961053569
520	jungle_chess_2pcs_raw_endgame_complete	data/diffprep_dataset/jungle_chess_2pcs_raw_endgame_complete/data.csv	6	LogisticRegression	0.8675698105463053
520	Run_or_walk_information	data/diffprep_dataset/Run_or_walk_information/data.csv	6	LogisticRegression	0.8487954852738078
520	wall-robot-navigation	data/diffprep_dataset/wall-robot-navigation/data.csv	24	LogisticRegression	0.9726102487485395
520	avila	data/diffprep_dataset/avila/data.csv	10	LogisticRegression	0.7816167682442432
520	shuttle	data/diffprep_dataset/shuttle/data.csv	9	LogisticRegression	0.9657942952252593
520	abalone	data/diffprep_dataset/abalone/data.csv	8	LogisticRegression	0.504762012234692
520	connect-4	data/diffprep_dataset/connect-4/data.csv	42	LogisticRegression	0.8723263304299586
520	house_prices	data/diffprep_dataset/house_prices/data.csv	80	LogisticRegression	0.9633702257080722
520	USCensus	data/diffprep_dataset/USCensus/data.csv	14	LogisticRegression	0.9054825587552978
520	pol	data/diffprep_dataset/pol/data.csv	48	LogisticRegression	0.9896127188619461
520	mozilla4	data/diffprep_dataset/mozilla4/data.csv	5	LogisticRegression	0.9696255407574413
520	pbcseq	data/diffprep_dataset/pbcseq/data.csv	18	LogisticRegression	0.894139732470557
520	page-blocks	data/diffprep_dataset/page-blocks/data.csv	10	LogisticRegression	0.9797026853072178
520	ada_prior	data/diffprep_dataset/ada_prior/data.csv	14	LogisticRegression	0.9105683503729887
520	eeg	data/diffprep_dataset/eeg/data.csv	14	LogisticRegression	0.8017837257372732
520	obesity	data/diffprep_dataset/obesity/data.csv	16	LogisticRegression	0.6944562646748168
530	microaggregation2	data/diffprep_dataset/microaggregation2/data.csv	20	LogisticRegression	0.7574628703771559
530	google	data/diffprep_dataset/google/data.csv	8	LogisticRegression	0.8225737259876257
530	jungle_chess_2pcs_raw_endgame_complete	data/diffprep_dataset/jungle_chess_2pcs_raw_endgame_complete/data.csv	6	LogisticRegression	0.8337348430330128
530	Run_or_walk_information	data/diffprep_dataset/Run_or_walk_information/data.csv	6	LogisticRegression	0.9324455971997596
530	wall-robot-navigation	data/diffprep_dataset/wall-robot-navigation/data.csv	24	LogisticRegression	0.9683640522700838
530	avila	data/diffprep_dataset/avila/data.csv	10	LogisticRegression	0.9762171889492625
530	shuttle	data/diffprep_dataset/shuttle/data.csv	9	LogisticRegression	0.9998706812935084
530	abalone	data/diffprep_dataset/abalone/data.csv	8	LogisticRegression	0.49760190464104165
530	connect-4	data/diffprep_dataset/connect-4/data.csv	42	LogisticRegression	0.890671010543787
530	house_prices	data/diffprep_dataset/house_prices/data.csv	80	LogisticRegression	0.9562340517069216
530	USCensus	data/diffprep_dataset/USCensus/data.csv	14	LogisticRegression	0.9019997572652424
530	pol	data/diffprep_dataset/pol/data.csv	48	LogisticRegression	0.944281031614353
530	mozilla4	data/diffprep_dataset/mozilla4/data.csv	5	LogisticRegression	0.9659696987949616
530	pbcseq	data/diffprep_dataset/pbcseq/data.csv	18	LogisticRegression	0.8361990144539629
530	page-blocks	data/diffprep_dataset/page-blocks/data.csv	10	LogisticRegression	0.9769021954849825
530	ada_prior	data/diffprep_dataset/ada_prior/data.csv	14	LogisticRegression	0.917757159451228
530	eeg	data/diffprep_dataset/eeg/data.csv	14	LogisticRegression	0.7999082056815575
530	obesity	data/diffprep_dataset/obesity/data.csv	16	LogisticRegression	0.8308473557791473
540	microaggregation2	data/diffprep_dataset/microaggregation2/data.csv	20	LogisticRegression	0.7932527970325727
540	google	data/diffprep_dataset/google/data.csv	8	LogisticRegression	0.7696206220043099
540	jungle_chess_2pcs_raw_endgame_complete	data/diffprep_dataset/jungle_chess_2pcs_raw_endgame_complete/data.csv	6	LogisticRegression	0.8211288363094009
540	Run_or_walk_information	data/diffprep_dataset/Run_or_walk_information/data.csv	6	LogisticRegression	0.8810313713098945
540	wall-robot-navigation	data/diffprep_dataset/wall-robot-navigation/data.csv	24	LogisticRegression	0.970725343394151
540	avila	data/diffprep_dataset/avila/data.csv	10	LogisticRegression	0.7816167682442432
540	shuttle	data/diffprep_dataset/shuttle/data.csv	9	LogisticRegression	0.9998706812935084
540	abalone	data/diffprep_dataset/abalone/data.csv	8	LogisticRegression	0.507126250053005
540	connect-4	data/diffprep_dataset/connect-4/data.csv	42	LogisticRegression	0.8162246118153363
540	house_prices	data/diffprep_dataset/house_prices/data.csv	80	LogisticRegression	0.95980877090821
540	USCensus	data/diffprep_dataset/USCensus/data.csv	14	LogisticRegression	0.898845157024195
540	pol	data/diffprep_dataset/pol/data.csv	48	LogisticRegression	0.9506138367742533
540	mozilla4	data/diffprep_dataset/mozilla4/data.csv	5	LogisticRegression	0.9611293882035064
540	pbcseq	data/diffprep_dataset/pbcseq/data.csv	18	LogisticRegression	0.8574488375392606
540	page-blocks	data/diffprep_dataset/page-blocks/data.csv	10	LogisticRegression	0.9889803798765787
540	ada_prior	data/diffprep_dataset/ada_prior/data.csv	14	LogisticRegression	0.912370862893339
540	eeg	data/diffprep_dataset/eeg/data.csv	14	LogisticRegression	0.7380557578771725
540	obesity	data/diffprep_dataset/obesity/data.csv	16	LogisticRegression	0.8711287208139509
550	microaggregation2	data/diffprep_dataset/microaggregation2/data.csv	20	LogisticRegression	0.8006247560499238
550	google	data/diffprep_dataset/google/data.csv	8	LogisticRegression	0.8137689171914714
550	jungle_chess_2pcs_raw_endgame_complete	data/diffprep_dataset/jungle_chess_2pcs_raw_endgame_complete/data.csv	6	LogisticRegression	0.8344704423959458
550	Run_or_walk_information	data/diffprep_dataset/Run_or_walk_information/data.csv	6	LogisticRegression	0.8473979614758606
550	wall-robot-navigation	data/diffprep_dataset/wall-robot-navigation/data.csv	24	LogisticRegression	0.9838438483563934
550	avila	data/diffprep_dataset/avila/data.csv	10	LogisticRegression	0.866647623050759
550	shuttle	data/diffprep_dataset/shuttle/data.csv	9	LogisticRegression	0.9877700416455308
550	abalone	data/diffprep_dataset/abalone/data.csv	8	LogisticRegression	0.49639851254167605
550	connect-4	data/diffprep_dataset/connect-4/data.csv	42	LogisticRegression	0.8746563225933127
550	house_prices	data/diffprep_dataset/house_prices/data.csv	80	LogisticRegression	0.95980877090821
550	USCensus	data/diffprep_dataset/USCensus/data.csv	14	LogisticRegression	0.9038702460927901
550	pol	data/diffprep_dataset/pol/data.csv	48	LogisticRegression	0.8598449472627803
550	mozilla4	data/diffprep_dataset/mozilla4/data.csv	5	LogisticRegression	0.9716138385544459
550	pbcseq	data/diffprep_dataset/pbcseq/data.csv	18	LogisticRegression	0.8468905775751694
550	page-blocks	data/diffprep_dataset/page-blocks/data.csv	10	LogisticRegression	0.9773695010345429
550	ada_prior	data/diffprep_dataset/ada_prior/data.csv	14	LogisticRegression	0.9171602441624201
550	eeg	data/diffprep_dataset/eeg/data.csv	14	LogisticRegression	0.7999082056815575
550	obesity	data/diffprep_dataset/obesity/data.csv	16	LogisticRegression	0.873838303471905
560	microaggregation2	data/diffprep_dataset/microaggregation2/data.csv	20	LogisticRegression	0.7673004626611403
560	google	data/diffprep_dataset/google/data.csv	8	LogisticRegression	0.7637043911172303
560	jungle_chess_2pcs_raw_endgame_complete	data/diffprep_dataset/jungle_chess_2pcs_raw_endgame_complete/data.csv	6	LogisticRegression	0.8204492625471126
560	Run_or_walk_information	data/diffprep_dataset/Run_or_walk_information/data.csv	6	LogisticRegression	0.9841273309151182
560	wall-robot-navigation	data/diffprep_dataset/wall-robot-navigation/data.csv	24	LogisticRegression	0.8754904433993078
560	avila	data/diffprep_dataset/avila/data.csv	10	LogisticRegression	0.821080662736429
560	shuttle	data/diffprep_dataset/shuttle/data.csv	9	LogisticRegression	0.966151269658157
560	abalone	data/diffprep_dataset/abalone/data.csv	8	LogisticRegression	0.517631706652575
560	connect-4	data/diffprep_dataset/connect-4/data.csv	42	LogisticRegression	0.883663655744156
560	house_prices	data/diffprep_dataset/house_prices/data.csv	80	LogisticRegression	0.9580230786249787
560	USCensus	data/diffprep_dataset/USCensus/data.csv	14	LogisticRegression	0.9170242731685047
560	pol	data/diffprep_dataset/pol/data.csv	48	LogisticRegression	0.9654014708917736
560	mozilla4	data/diffprep_dataset/mozilla4/data.csv	5	LogisticRegression	0.9327672163843466
560	pbcseq	data/diffprep_dataset/pbcseq/data.csv	18	LogisticRegression	0.8752524424680416
560	page-blocks	data/diffprep_dataset/page-blocks/data.csv	10	LogisticRegression	0.9824951926869505
560	ada_prior	data/diffprep_dataset/ada_prior/data.csv	14	LogisticRegression	0.91536716279115
560	eeg	data/diffprep_dataset/eeg/data.csv	14	LogisticRegression	0.7978191234891988
560	obesity	data/diffprep_dataset/obesity/data.csv	16	LogisticRegression	0.8991721961325718
570	microaggregation2	data/diffprep_dataset/microaggregation2/data.csv	20	LogisticRegression	0.770551750371122
570	google	data/diffprep_dataset/google/data.csv	8	LogisticRegression	0.7626555862399831
570	jungle_chess_2pcs_raw_endgame_complete	data/diffprep_dataset/jungle_chess_2pcs_raw_endgame_complete/data.csv	6	LogisticRegression	0.823367450203395
570	Run_or_walk_information	data/diffprep_dataset/Run_or_walk_information/data.csv	6	LogisticRegression	0.9287763877854197
570	wall-robot-navigation	data/diffprep_dataset/wall-robot-navigation/data.csv	24	LogisticRegression	0.9626733229605601
570	avila	data/diffprep_dataset/avila/data.csv	10	LogisticRegression	0.8683046945887974
570	shuttle	data/diffprep_dataset/shuttle/data.csv	9	LogisticRegression	0.9678451001741107
570	abalone	data/diffprep_dataset/abalone/data.csv	8	LogisticRegression	0.5118219636631847
570	connect-4	data/diffprep_dataset/connect-4/data.csv	42	LogisticRegression	0.8146363156774954
570	house_prices	data/diffprep_dataset/house_prices/data.csv	80	LogisticRegression	0.95980877090821
570	USCensus	data/diffprep_dataset/USCensus/data.csv	14	LogisticRegression	0.9042948176066888
570	pol	data/diffprep_dataset/pol/data.csv	48	LogisticRegression	0.9902861539306034
570	mozilla4	data/diffprep_dataset/mozilla4/data.csv	5	LogisticRegression	0.9306959320745191
570	pbcseq	data/diffprep_dataset/pbcseq/data.csv	18	LogisticRegression	0.8869229903128576
570	page-blocks	data/diffprep_dataset/page-blocks/data.csv	10	LogisticRegression	0.9810999325377465
570	ada_prior	data/diffprep_dataset/ada_prior/data.csv	14	LogisticRegression	0.8947944871036868
570	eeg	data/diffprep_dataset/eeg/data.csv	14	LogisticRegression	0.8017837257372732
570	obesity	data/diffprep_dataset/obesity/data.csv	16	LogisticRegression	0.9199650522707519
580	microaggregation2	data/diffprep_dataset/microaggregation2/data.csv	20	LogisticRegression	0.790885579587844
580	google	data/diffprep_dataset/google/data.csv	8	LogisticRegression	0.8212752662578581
580	jungle_chess_2pcs_raw_endgame_complete	data/diffprep_dataset/jungle_chess_2pcs_raw_endgame_complete/data.csv	6	LogisticRegression	0.8212646835824471
580	Run_or_walk_information	data/diffprep_dataset/Run_or_walk_information/data.csv	6	LogisticRegression	0.9858749565529265
580	wall-robot-navigation	data/diffprep_dataset/wall-robot-navigation/data.csv	24	LogisticRegression	0.9439415453435881
580	avila	data/diffprep_dataset/avila/data.csv	10	LogisticRegression	0.7937827409121496
580	shuttle	data/diffprep_dataset/shuttle/data.csv	9	LogisticRegression	0.9621724700223788
580	abalone	data/diffprep_dataset/abalone/data.csv	8	LogisticRegression	0.5153156695021507
580	connect-4	data/diffprep_dataset/connect-4/data.csv	42	LogisticRegression	0.890671010543787
580	house_prices	data/diffprep_dataset/house_prices/data.csv	80	LogisticRegression	0.9580230786249787
580	USCensus	data/diffprep_dataset/USCensus/data.csv	14	LogisticRegression	0.8970497732658205
580	pol	data/diffprep_dataset/pol/data.csv	48	LogisticRegression	0.9527154174603593
580	mozilla4	data/diffprep_dataset/mozilla4/data.csv	5	LogisticRegression	0.9677993460111423
580	pbcseq	data/diffprep_dataset/pbcseq/data.csv	18	LogisticRegression	0.855948488467633
580	page-blocks	data/diffprep_dataset/page-blocks/data.csv	10	LogisticRegression	0.9778365832600271
580	ada_prior	data/diffprep_dataset/ada_prior/data.csv	14	LogisticRegression	0.9033223332111217
580	eeg	data/diffprep_dataset/eeg/data.csv	14	LogisticRegression	0.8580880413934088
580	obesity	data/diffprep_dataset/obesity/data.csv	16	LogisticRegression	0.8150476062616301
590	microaggregation2	data/diffprep_dataset/microaggregation2/data.csv	20	LogisticRegression	0.7553145040312678
590	google	data/diffprep_dataset/google/data.csv	8	LogisticRegression	0.8085060072219505
590	jungle_chess_2pcs_raw_endgame_complete	data/diffprep_dataset/jungle_chess_2pcs_raw_endgame_complete/data.csv	6	LogisticRegression	0.8675698105463053
590	Run_or_walk_information	data/diffprep_dataset/Run_or_walk_information/data.csv	6	LogisticRegression	0.9374259198635204
590	wall-robot-navigation	data/diffprep_dataset/wall-robot-navigation/data.csv	24	LogisticRegression	0.9123692138699017
590	avila	data/diffprep_dataset/avila/data.csv	10	LogisticRegression	0.7287970804519757
590	shuttle	data/diffprep_dataset/shuttle/data.csv	9	LogisticRegression	0.9726873545261974
590	abalone	data/diffprep_dataset/abalone/data.csv	8	LogisticRegression	0.5141537386673815
590	connect-4	data/diffprep_dataset/connect-4/data.csv	42	LogisticRegression	0.880601414597635
590	house_prices	data/diffprep_dataset/house_prices/data.csv	80	LogisticRegression	0.9084836078617075
590	USCensus	data/diffprep_dataset/USCensus/data.csv	14	LogisticRegression	0.8922444213764258
590	pol	data/diffprep_dataset/pol/data.csv	48	LogisticRegression	0.9428679653058534
590	mozilla4	data/diffprep_dataset/mozilla4/data.csv	5	LogisticRegression	0.9696255407574413
590	pbcseq	data/diffprep_dataset/pbcseq/data.csv	18	LogisticRegression	0.8407977604846422
590	page-blocks	data/diffprep_dataset/page-blocks/data.csv	10	LogisticRegression	0.9769021954849825
590	ada_prior	data/diffprep_dataset/ada_prior/data.csv	14	LogisticRegression	0.9141698213201344
590	eeg	data/diffprep_dataset/eeg/data.csv	14	LogisticRegression	0.8580880413934088
590	obesity	data/diffprep_dataset/obesity/data.csv	16	LogisticRegression	0.872484564001452
600	microaggregation2	data/diffprep_dataset/microaggregation2/data.csv	20	LogisticRegression	0.7848566748139434
600	google	data/diffprep_dataset/google/data.csv	8	LogisticRegression	0.8094954091918422
600	jungle_chess_2pcs_raw_endgame_complete	data/diffprep_dataset/jungle_chess_2pcs_raw_endgame_complete/data.csv	6	LogisticRegression	0.9280809370911877
600	Run_or_walk_information	data/diffprep_dataset/Run_or_walk_information/data.csv	6	LogisticRegression	0.9250011059139226
600	wall-robot-navigation	data/diffprep_dataset/wall-robot-navigation/data.csv	24	LogisticRegression	0.9726102487485395
600	avila	data/diffprep_dataset/avila/data.csv	10	LogisticRegression	0.8181576179913843
600	shuttle	data/diffprep_dataset/shuttle/data.csv	9	LogisticRegression	0.966151269658157
600	abalone	data/diffprep_dataset/abalone/data.csv	8	LogisticRegression	0.5035757308949782
600	connect-4	data/diffprep_dataset/connect-4/data.csv	42	LogisticRegression	0.880601414597635
600	house_prices	data/diffprep_dataset/house_prices/data.csv	80	LogisticRegression	0.9651460248662211
600	USCensus	data/diffprep_dataset/USCensus/data.csv	14	LogisticRegression	0.9106396366441679
600	pol	data/diffprep_dataset/pol/data.csv	48	LogisticRegression	0.9902861539306034
600	mozilla4	data/diffprep_dataset/mozilla4/data.csv	5	LogisticRegression	0.9696255407574413
600	pbcseq	data/diffprep_dataset/pbcseq/data.csv	18	LogisticRegression	0.8514315783712834
600	page-blocks	data/diffprep_dataset/page-blocks/data.csv	10	LogisticRegression	0.9810999325377465
600	ada_prior	data/diffprep_dataset/ada_prior/data.csv	14	LogisticRegression	0.9027158730331863
600	eeg	data/diffprep_dataset/eeg/data.csv	14	LogisticRegression	0.8736996822973337
600	obesity	data/diffprep_dataset/obesity/data.csv	16	LogisticRegression	0.9565007145952775
610	microaggregation2	data/diffprep_dataset/microaggregation2/data.csv	20	LogisticRegression	0.7843787350508681
610	google	data/diffprep_dataset/google/data.csv	8	LogisticRegression	0.8134409828976024
610	jungle_chess_2pcs_raw_endgame_complete	data/diffprep_dataset/jungle_chess_2pcs_raw_endgame_complete/data.csv	6	LogisticRegression	0.8224862993559777
610	Run_or_walk_information	data/diffprep_dataset/Run_or_walk_information/data.csv	6	LogisticRegression	0.9858749565529265
610	wall-robot-navigation	data/diffprep_dataset/wall-robot-navigation/data.csv	24	LogisticRegression	0.8281892512568827
610	avila	data/diffprep_dataset/avila/data.csv	10	LogisticRegression	0.755747820115287
610	shuttle	data/diffprep_dataset/shuttle/data.csv	9	LogisticRegression	0.9998706812935084
610	abalone	data/diffprep_dataset/abalone/data.csv	8	LogisticRegression	0.5256574830378469
610	connect-4	data/diffprep_dataset/connect-4/data.csv	42	LogisticRegression	0.8146363156774954
610	house_prices	data/diffprep_dataset/house_prices/data.csv	80	LogisticRegression	0.9544416714024954
610	USCensus	data/diffprep_dataset/USCensus/data.csv	14	LogisticRegression	0.9205336271746971
610	pol	data/diffprep_dataset/pol/data.csv	48	LogisticRegression	0.9624621204667398
610	mozilla4	data/diffprep_dataset/mozilla4/data.csv	5	LogisticRegression	0.9596222586947627
610	pbcseq	data/diffprep_dataset/pbcseq/data.csv	18	LogisticRegression	0.845371490114376
610	page-blocks	data/diffprep_dataset/page-blocks/data.csv	10	LogisticRegression	0.9810999325377465
610	ada_prior	data/diffprep_dataset/ada_prior/data.csv	14	LogisticRegression	0.9057441132492398
610	eeg	data/diffprep_dataset/eeg/data.csv	14	LogisticRegression	0.8011590402308759
610	obesity	data/diffprep_dataset/obesity/data.csv	16	LogisticRegression	0.8294234518093563
620	microaggregation2	data/diffprep_dataset/microaggregation2/data.csv	20	LogisticRegression	0.7910436144739429
620	google	data/diffprep_dataset/google/data.csv	8	LogisticRegression	0.7413679703421954
620	jungle_chess_2pcs_raw_endgame_complete	data/diffprep_dataset/jungle_chess_2pcs_raw_endgame_complete/data.csv	6	LogisticRegression	0.9280809370911877
620	Run_or_walk_information	data/diffprep_dataset/Run_or_walk_information/data.csv	6	LogisticRegression	0.9289890510436734
620	wall-robot-navigation	data/diffprep_dataset/wall-robot-navigation/data.csv	24	LogisticRegression	0.9669445097737951
620	avila	data/diffprep_dataset/avila/data.csv	10	LogisticRegression	0.7816167682442432
620	shuttle	data/diffprep_dataset/shuttle/data.csv	9	LogisticRegression	0.9657942952252593
620	abalone	data/diffprep_dataset/abalone/data.csv	8	LogisticRegression	0.5106520833593401
620	connect-4	data/diffprep_dataset/connect-4/data.csv	42	LogisticRegression	0.8146363156774954
620	house_prices	data/diffprep_dataset/house_prices/data.csv	80	LogisticRegression	0.9215829146057074
620	USCensus	data/diffprep_dataset/USCensus/data.csv	14	LogisticRegression	0.9210338719143683
620	pol	data/diffprep_dataset/pol/data.csv	48	LogisticRegression	0.9743373816770725
620	mozilla4	data/diffprep_dataset/mozilla4/data.csv	5	LogisticRegression	0.9478183376353976
620	pbcseq	data/diffprep_dataset/pbcseq/data.csv	18	LogisticRegression	0.8438496680160495
620	page-blocks	data/diffprep_dataset/page-blocks/data.csv	10	LogisticRegression	0.9824951926869505
620	ada_prior	data/diffprep_dataset/ada_prior/data.csv	14	LogisticRegression	0.8960177200563523
620	eeg	data/diffprep_dataset/eeg/data.csv	14	LogisticRegression	0.8580880413934088
620	obesity	data/diffprep_dataset/obesity/data.csv	16	LogisticRegression	0.872484564001452
630	microaggregation2	data/diffprep_dataset/microaggregation2/data.csv	20	LogisticRegression	0.7673004626611403
630	google	data/diffprep_dataset/google/data.csv	8	LogisticRegression	0.7520870995677158
630	jungle_chess_2pcs_raw_endgame_complete	data/diffprep_dataset/jungle_chess_2pcs_raw_endgame_complete/data.csv	6	LogisticRegression	0.8221471437193746
630	Run_or_walk_information	data/diffprep_dataset/Run_or_walk_information/data.csv	6	LogisticRegression	0.9116335569641404
630	wall-robot-navigation	data/diffprep_dataset/wall-robot-navigation/data.csv	24	LogisticRegression	0.9463637755136212
630	avila	data/diffprep_dataset/avila/data.csv	10	LogisticRegression	0.866647623050759
630	shuttle	data/diffprep_dataset/shuttle/data.csv	9	LogisticRegression	0.9998706812935084
630	abalone	data/diffprep_dataset/abalone/data.csv	8	LogisticRegression	0.5118219636631847
630	connect-4	data/diffprep_dataset/connect-4/data.csv	42	LogisticRegression	0.8131359377656162
630	house_prices	data/diffprep_dataset/house_prices/data.csv	80	LogisticRegression	0.9580230786249787
630	USCensus	data/diffprep_dataset/USCensus/data.csv	14	LogisticRegression	0.9123241361168285
630	pol	data/diffprep_dataset/pol/data.csv	48	LogisticRegression	0.9430447143870397
630	mozilla4	data/diffprep_dataset/mozilla4/data.csv	5	LogisticRegression	0.9696255407574413
630	pbcseq	data/diffprep_dataset/pbcseq/data.csv	18	LogisticRegression	0.8423250964582459
630	page-blocks	data/diffprep_dataset/page-blocks/data.csv	10	LogisticRegression	0.9773695010345429
630	ada_prior	data/diffprep_dataset/ada_prior/data.csv	14	LogisticRegression	0.9063485471591867
630	eeg	data/diffprep_dataset/eeg/data.csv	14	LogisticRegression	0.7819731299526584
630	obesity	data/diffprep_dataset/obesity/data.csv	16	LogisticRegression	0.9377806908406012
640	microaggregation2	data/diffprep_dataset/microaggregation2/data.csv	20	LogisticRegression	0.7910436144739429
640	google	data/diffprep_dataset/google/data.csv	8	LogisticRegression	0.7772100721585345
640	jungle_chess_2pcs_raw_endgame_complete	data/diffprep_dataset/jungle_chess_2pcs_raw_endgame_complete/data.csv	6	LogisticRegression	0.871482859234882
640	Run_or_walk_information	data/diffprep_dataset/Run_or_walk_information/data.csv	6	LogisticRegression	0.9116335569641404
640	wall-robot-navigation	data/diffprep_dataset/wall-robot-navigation/data.csv	24	LogisticRegression	0.9726102487485395
640	avila	data/diffprep_dataset/avila/data.csv	10	LogisticRegression	0.8662328598668932
640	shuttle	data/diffprep_dataset/shuttle/data.csv	9	LogisticRegression	0.9906459056316882
640	abalone	data/diffprep_dataset/abalone/data.csv	8	LogisticRegression	0.523376962595868
640	connect-4	data/diffprep_dataset/connect-4/data.csv	42	LogisticRegression	0.890671010543787
640	house_prices	data/diffprep_dataset/house_prices/data.csv	80	LogisticRegression	0.9633702257080722
640	USCensus	data/diffprep_dataset/USCensus/data.csv	14	LogisticRegression	0.9210338719143683
640	pol	data/diffprep_dataset/pol/data.csv	48	LogisticRegression	0.9444575162494075
640	mozilla4	data/diffprep_dataset/mozilla4/data.csv	5	LogisticRegression	0.9459500441399444
640	pbcseq	data/diffprep_dataset/pbcseq/data.csv	18	LogisticRegression	0.8499206072101154
640	page-blocks	data/diffprep_dataset/page-blocks/data.csv	10	LogisticRegression	0.9731556727833012
640	ada_prior	data/diffprep_dataset/ada_prior/data.csv	14	LogisticRegression	0.9027158730331863
640	eeg	data/diffprep_dataset/eeg/data.csv	14	LogisticRegression	0.8736996822973337
640	obesity	data/diffprep_dataset/obesity/data.csv	16	LogisticRegression	0.8643176020755815
650	microaggregation2	data/diffprep_dataset/microaggregation2/data.csv	20	LogisticRegression	0.7956129712366434
650	google	data/diffprep_dataset/google/data.csv	8	LogisticRegression	0.8114705940944765
650	jungle_chess_2pcs_raw_endgame_complete	data/diffprep_dataset/jungle_chess_2pcs_raw_endgame_complete/data.csv	6	LogisticRegression	0.8919166972946438
650	Run_or_walk_information	data/diffprep_dataset/Run_or_walk_information/data.csv	6	LogisticRegression	0.9353464654863453
650	wall-robot-navigation	data/diffprep_dataset/wall-robot-navigation/data.csv	24	LogisticRegression	0.9664708656063741
650	avila	data/diffprep_dataset/avila/data.csv	10	LogisticRegression	0.872845420412363
650	shuttle	data/diffprep_dataset/shuttle/data.csv	9	LogisticRegression	0.992732210306138
650	abalone	data/diffprep_dataset/abalone/data.csv	8	LogisticRegression	0.5023866484069891
650	connect-4	data/diffprep_dataset/connect-4/data.csv	42	LogisticRegression	0.890671010543787
650	house_prices	data/diffprep_dataset/house_prices/data.csv	80	LogisticRegression	0.9526459187837538
650	USCensus	data/diffprep_dataset/USCensus/data.csv	14	LogisticRegression	0.921867009915487
650	pol	data/diffprep_dataset/pol/data.csv	48	LogisticRegression	0.971768147931045
650	mozilla4	data/diffprep_dataset/mozilla4/data.csv	5	LogisticRegression	0.9696255407574413
650	pbcseq	data/diffprep_dataset/pbcseq/data.csv	18	LogisticRegression	0.8796470430283292
650	page-blocks	data/diffprep_dataset/page-blocks/data.csv	10	LogisticRegression	0.9815652396222593
650	ada_prior	data/diffprep_dataset/ada_prior/data.csv	14	LogisticRegression	0.91536716279115
650	eeg	data/diffprep_dataset/eeg/data.csv	14	LogisticRegression	0.8580880413934088
650	obesity	data/diffprep_dataset/obesity/data.csv	16	LogisticRegression	0.8477476764529892
660	microaggregation2	data/diffprep_dataset/microaggregation2/data.csv	20	LogisticRegression	0.7572978278062074
660	google	data/diffprep_dataset/google/data.csv	8	LogisticRegression	0.7785820239274243
660	jungle_chess_2pcs_raw_endgame_complete	data/diffprep_dataset/jungle_chess_2pcs_raw_endgame_complete/data.csv	6	LogisticRegression	0.871866800596882
660	Run_or_walk_information	data/diffprep_dataset/Run_or_walk_information/data.csv	6	LogisticRegression	0.985932203305961
660	wall-robot-navigation	data/diffprep_dataset/wall-robot-navigation/data.csv	24	LogisticRegression	0.9123692138699017
660	avila	data/diffprep_dataset/avila/data.csv	10	LogisticRegression	0.7071067811865476
660	shuttle	data/diffprep_dataset/shuttle/data.csv	9	LogisticRegression	0.9987060594105996
660	abalone	data/diffprep_dataset/abalone/data.csv	8	LogisticRegression	0.5011947448335864
660	connect-4	data/diffprep_dataset/connect-4/data.csv	42	LogisticRegression	0.890671010543787
660	house_prices	data/diffprep_dataset/house_prices/data.csv	80	LogisticRegression	0.9580230786249787
660	USCensus	data/diffprep_dataset/USCensus/data.csv	14	LogisticRegression	0.9091209185058478
660	pol	data/diffprep_dataset/pol/data.csv	48	LogisticRegression	0.9624621204667398
660	mozilla4	data/diffprep_dataset/mozilla4/data.csv	5	LogisticRegression	0.9394673524933008
660	pbcseq	data/diffprep_dataset/pbcseq/data.csv	18	LogisticRegression	0.8723104091270867
660	page-blocks	data/diffprep_dataset/page-blocks/data.csv	10	LogisticRegression	0.9880565306512361
660	ada_prior	data/diffprep_dataset/ada_prior/data.csv	14	LogisticRegression	0.9195455804253192
660	eeg	data/diffprep_dataset/eeg/data.csv	14	LogisticRegression	0.7904638580064361
660	obesity	data/diffprep_dataset/obesity/data.csv	16	LogisticRegression	0.8336878678455791
670	microaggregation2	data/diffprep_dataset/microaggregation2/data.csv	20	LogisticRegression	0.793882862896032
670	google	data/diffprep_dataset/google/data.csv	8	LogisticRegression	0.7727344066238819
670	jungle_chess_2pcs_raw_endgame_complete	data/diffprep_dataset/jungle_chess_2pcs_raw_endgame_complete/data.csv	6	LogisticRegression	0.9280809370911877
670	Run_or_walk_information	data/diffprep_dataset/Run_or_walk_information/data.csv	6	LogisticRegression	0.913056390375682
670	wall-robot-navigation	data/diffprep_dataset/wall-robot-navigation/data.csv	24	LogisticRegression	0.9726102487485395
670	avila	data/diffprep_dataset/avila/data.csv	10	LogisticRegression	0.8002455301225202
670	shuttle	data/diffprep_dataset/shuttle/data.csv	9	LogisticRegression	0.982344135219425
670	abalone	data/diffprep_dataset/abalone/data.csv	8	LogisticRegression	0.5106520833593401
670	connect-4	data/diffprep_dataset/connect-4/data.csv	42	LogisticRegression	0.890671010543787
670	house_prices	data/diffprep_dataset/house_prices/data.csv	80	LogisticRegression	0.9490442199954907
670	USCensus	data/diffprep_dataset/USCensus/data.csv	14	LogisticRegression	0.9112295656733738
670	pol	data/diffprep_dataset/pol/data.csv	48	LogisticRegression	0.9553358920644961
670	mozilla4	data/diffprep_dataset/mozilla4/data.csv	5	LogisticRegression	0.9483272334238139
670	pbcseq	data/diffprep_dataset/pbcseq/data.csv	18	LogisticRegression	0.8840197976124143
670	page-blocks	data/diffprep_dataset/page-blocks/data.csv	10	LogisticRegression	0.9773695010345429
670	ada_prior	data/diffprep_dataset/ada_prior/data.csv	14	LogisticRegression	0.9201409482963215
670	eeg	data/diffprep_dataset/eeg/data.csv	14	LogisticRegression	0.8580880413934088
670	obesity	data/diffprep_dataset/obesity/data.csv	16	LogisticRegression	0.9675588936937934
680	microaggregation2	data/diffprep_dataset/microaggregation2/data.csv	20	LogisticRegression	0.7779781487933963
680	google	data/diffprep_dataset/google/data.csv	8	LogisticRegression	0.7796094033370887
680	jungle_chess_2pcs_raw_endgame_complete	data/diffprep_dataset/jungle_chess_2pcs_raw_endgame_complete/data.csv	6	LogisticRegression	0.8336679381785109
680	Run_or_walk_information	data/diffprep_dataset/Run_or_walk_information/data.csv	6	LogisticRegression	0.9238716221034204
680	wall-robot-navigation	data/diffprep_dataset/wall-robot-navigation/data.csv	24	LogisticRegression	0.9782431737352972
680	avila	data/diffprep_dataset/avila/data.csv	10	LogisticRegression	0.8662328598668932
680	shuttle	data/diffprep_dataset/shuttle/data.csv	9	LogisticRegression	0.992732210306138
680	abalone	data/diffprep_dataset/abalone/data.csv	8	LogisticRegression	0.5118219636631847
680	connect-4	data/diffprep_dataset/connect-4/data.csv	42	LogisticRegression	0.890671010543787
680	house_prices	data/diffprep_dataset/house_prices/data.csv	80	LogisticRegression	0.9669185626769791
680	USCensus	data/diffprep_dataset/USCensus/data.csv	14	LogisticRegression	0.921867009915487
680	pol	data/diffprep_dataset/pol/data.csv	48	LogisticRegression	0.989781120585085
680	mozilla4	data/diffprep_dataset/mozilla4/data.csv	5	LogisticRegression	0.9696255407574413
680	pbcseq	data/diffprep_dataset/pbcseq/data.csv	18	LogisticRegression	0.8499206072101154
680	page-blocks	data/diffprep_dataset/page-blocks/data.csv	10	LogisticRegression	0.9806344046669169
680	ada_prior	data/diffprep_dataset/ada_prior/data.csv	14	LogisticRegression	0.9063485471591867
680	eeg	data/diffprep_dataset/eeg/data.csv	14	LogisticRegression	0.8034471792385827
680	obesity	data/diffprep_dataset/obesity/data.csv	16	LogisticRegression	0.8684106838583019
690	microaggregation2	data/diffprep_dataset/microaggregation2/data.csv	20	LogisticRegression	0.7779781487933963
690	google	data/diffprep_dataset/google/data.csv	8	LogisticRegression	0.7796094033370887
690	jungle_chess_2pcs_raw_endgame_complete	data/diffprep_dataset/jungle_chess_2pcs_raw_endgame_complete/data.csv	6	LogisticRegression	0.9280809370911877
690	Run_or_walk_information	data/diffprep_dataset/Run_or_walk_information/data.csv	6	LogisticRegression	0.9858749565529265
690	wall-robot-navigation	data/diffprep_dataset/wall-robot-navigation/data.csv	24	LogisticRegression	0.9782431737352972
690	avila	data/diffprep_dataset/avila/data.csv	10	LogisticRegression	0.866647623050759
690	shuttle	data/diffprep_dataset/shuttle/data.csv	9	LogisticRegression	0.9678451001741107
690	abalone	data/diffprep_dataset/abalone/data.csv	8	LogisticRegression	0.5106520833593401
690	connect-4	data/diffprep_dataset/connect-4/data.csv	42	LogisticRegression	0.8174930268956981
690	house_prices	data/diffprep_dataset/house_prices/data.csv	80	LogisticRegression	0.9669185626769791
690	USCensus	data/diffprep_dataset/USCensus/data.csv	14	LogisticRegression	0.8811623606285184
690	pol	data/diffprep_dataset/pol/data.csv	48	LogisticRegression	0.9877584050093761
690	mozilla4	data/diffprep_dataset/mozilla4/data.csv	5	LogisticRegression	0.9483272334238139
690	pbcseq	data/diffprep_dataset/pbcseq/data.csv	18	LogisticRegression	0.8377347347825459
690	page-blocks	data/diffprep_dataset/page-blocks/data.csv	10	LogisticRegression	0.9792364931869324
690	ada_prior	data/diffprep_dataset/ada_prior/data.csv	14	LogisticRegression	0.9027158730331863
690	eeg	data/diffprep_dataset/eeg/data.csv	14	LogisticRegression	0.8005338672599515
690	obesity	data/diffprep_dataset/obesity/data.csv	16	LogisticRegression	0.8872621047656614
700	microaggregation2	data/diffprep_dataset/microaggregation2/data.csv	20	LogisticRegression	0.789461842016446
700	google	data/diffprep_dataset/google/data.csv	8	LogisticRegression	0.7413679703421954
700	jungle_chess_2pcs_raw_endgame_complete	data/diffprep_dataset/jungle_chess_2pcs_raw_endgame_complete/data.csv	6	LogisticRegression	0.7969290679306451
700	Run_or_walk_information	data/diffprep_dataset/Run_or_walk_information/data.csv	6	LogisticRegression	0.9858749565529265
700	wall-robot-navigation	data/diffprep_dataset/wall-robot-navigation/data.csv	24	LogisticRegression	0.9626733229605601
700	avila	data/diffprep_dataset/avila/data.csv	10	LogisticRegression	0.8140477223713826
700	shuttle	data/diffprep_dataset/shuttle/data.csv	9	LogisticRegression	0.9752099685496558
700	abalone	data/diffprep_dataset/abalone/data.csv	8	LogisticRegression	0.49760190464104165
700	connect-4	data/diffprep_dataset/connect-4/data.csv	42	LogisticRegression	0.8260486813254283
700	house_prices	data/diffprep_dataset/house_prices/data.csv	80	LogisticRegression	0.9544416714024954
700	USCensus	data/diffprep_dataset/USCensus/data.csv	14	LogisticRegression	0.9208671538621537
700	pol	data/diffprep_dataset/pol/data.csv	48	LogisticRegression	0.9430447143870397
700	mozilla4	data/diffprep_dataset/mozilla4/data.csv	5	LogisticRegression	0.9596222586947627
700	pbcseq	data/diffprep_dataset/pbcseq/data.csv	18	LogisticRegression	0.845371490114376
700	page-blocks	data/diffprep_dataset/page-blocks/data.csv	10	LogisticRegression	0.9773695010345429
700	ada_prior	data/diffprep_dataset/ada_prior/data.csv	14	LogisticRegression	0.8923429907515849
700	eeg	data/diffprep_dataset/eeg/data.csv	14	LogisticRegression	0.8600307381099771
700	obesity	data/diffprep_dataset/obesity/data.csv	16	LogisticRegression	0.95526412621192
710	microaggregation2	data/diffprep_dataset/microaggregation2/data.csv	20	LogisticRegression	0.7702272391963296
710	google	data/diffprep_dataset/google/data.csv	8	LogisticRegression	0.7741142905919077
710	jungle_chess_2pcs_raw_endgame_complete	data/diffprep_dataset/jungle_chess_2pcs_raw_endgame_complete/data.csv	6	LogisticRegression	0.9280809370911877
710	Run_or_walk_information	data/diffprep_dataset/Run_or_walk_information/data.csv	6	LogisticRegression	0.9353464654863453
710	wall-robot-navigation	data/diffprep_dataset/wall-robot-navigation/data.csv	24	LogisticRegression	0.9073368025491269
710	avila	data/diffprep_dataset/avila/data.csv	10	LogisticRegression	0.7493808337049281
710	shuttle	data/diffprep_dataset/shuttle/data.csv	9	LogisticRegression	0.9981448308979393
710	abalone	data/diffprep_dataset/abalone/data.csv	8	LogisticRegression	0.5222329678670935
710	connect-4	data/diffprep_dataset/connect-4/data.csv	42	LogisticRegression	0.890671010543787
710	house_prices	data/diffprep_dataset/house_prices/data.csv	80	LogisticRegression	0.9580230786249787
710	USCensus	data/diffprep_dataset/USCensus/data.csv	14	LogisticRegression	0.9210338719143683
710	pol	data/diffprep_dataset/pol/data.csv	48	LogisticRegression	0.9906226997870246
710	mozilla4	data/diffprep_dataset/mozilla4/data.csv	5	LogisticRegression	0.9368960475549523
710	pbcseq	data/diffprep_dataset/pbcseq/data.csv	18	LogisticRegression	0.8484069450876789
710	page-blocks	data/diffprep_dataset/page-blocks/data.csv	10	LogisticRegression	0.9815652396222593
710	ada_prior	data/diffprep_dataset/ada_prior/data.csv	14	LogisticRegression	0.9201409482963215
710	eeg	data/diffprep_dataset/eeg/data.csv	14	LogisticRegression	0.7953049813443487
710	obesity	data/diffprep_dataset/obesity/data.csv	16	LogisticRegression	0.9161023407993055
720	microaggregation2	data/diffprep_dataset/microaggregation2/data.csv	20	LogisticRegression	0.790885579587844
720	google	data/diffprep_dataset/google/data.csv	8	LogisticRegression	0.813112916345482
720	jungle_chess_2pcs_raw_endgame_complete	data/diffprep_dataset/jungle_chess_2pcs_raw_endgame_complete/data.csv	6	LogisticRegression	0.8530466176624812
720	Run_or_walk_information	data/diffprep_dataset/Run_or_walk_information/data.csv	6	LogisticRegression	0.987762347610059
720	wall-robot-navigation	data/diffprep_dataset/wall-robot-navigation/data.csv	24	LogisticRegression	0.9810475077457832
720	avila	data/diffprep_dataset/avila/data.csv	10	LogisticRegression	0.9658768369761207
720	shuttle	data/diffprep_dataset/shuttle/data.csv	9	LogisticRegression	0.9711795174798601
720	abalone	data/diffprep_dataset/abalone/data.csv	8	LogisticRegression	0.5106520833593401
720	connect-4	data/diffprep_dataset/connect-4/data.csv	42	LogisticRegression	0.8826999863134551
720	house_prices	data/diffprep_dataset/house_prices/data.csv	80	LogisticRegression	0.9633702257080722
720	USCensus	data/diffprep_dataset/USCensus/data.csv	14	LogisticRegression	0.9210338719143683
720	pol	data/diffprep_dataset/pol/data.csv	48	LogisticRegression	0.9902861539306034
720	mozilla4	data/diffprep_dataset/mozilla4/data.csv	5	LogisticRegression	0.9327672163843466
720	pbcseq	data/diffprep_dataset/pbcseq/data.csv	18	LogisticRegression	0.8663963720618011
720	page-blocks	data/diffprep_dataset/page-blocks/data.csv	10	LogisticRegression	0.974093654372404
720	ada_prior	data/diffprep_dataset/ada_prior/data.csv	14	LogisticRegression	0.912370862893339
720	eeg	data/diffprep_dataset/eeg/data.csv	14	LogisticRegression	0.7990732282038003
720	obesity	data/diffprep_dataset/obesity/data.csv	16	LogisticRegression	0.9540259349900136
730	microaggregation2	data/diffprep_dataset/microaggregation2/data.csv	20	LogisticRegression	0.7854934754662193
730	google	data/diffprep_dataset/google/data.csv	8	LogisticRegression	0.8134409828976024
730	jungle_chess_2pcs_raw_endgame_complete	data/diffprep_dataset/jungle_chess_2pcs_raw_endgame_complete/data.csv	6	LogisticRegression	0.9280809370911877
730	Run_or_walk_information	data/diffprep_dataset/Run_or_walk_information/data.csv	6	LogisticRegression	0.9353464654863453
730	wall-robot-navigation	data/diffprep_dataset/wall-robot-navigation/data.csv	24	LogisticRegression	0.8148125023092208
730	avila	data/diffprep_dataset/avila/data.csv	10	LogisticRegression	0.7877232420623946
730	shuttle	data/diffprep_dataset/shuttle/data.csv	9	LogisticRegression	0.9994394980912189
730	abalone	data/diffprep_dataset/abalone/data.csv	8	LogisticRegression	0.48296334075864017
730	connect-4	data/diffprep_dataset/connect-4/data.csv	42	LogisticRegression	0.8146363156774954
730	house_prices	data/diffprep_dataset/house_prices/data.csv	80	LogisticRegression	0.9490442199954907
730	USCensus	data/diffprep_dataset/USCensus/data.csv	14	LogisticRegression	0.9101336788479226
730	pol	data/diffprep_dataset/pol/data.csv	48	LogisticRegression	0.9743373816770725
730	mozilla4	data/diffprep_dataset/mozilla4/data.csv	5	LogisticRegression	0.9394673524933008
730	pbcseq	data/diffprep_dataset/pbcseq/data.csv	18	LogisticRegression	0.8392676450028239
730	page-blocks	data/diffprep_dataset/page-blocks/data.csv	10	LogisticRegression	0.9824951926869505
730	ada_prior	data/diffprep_dataset/ada_prior/data.csv	14	LogisticRegression	0.920735931189595
730	eeg	data/diffprep_dataset/eeg/data.csv	14	LogisticRegression	0.8007423124834451
730	obesity	data/diffprep_dataset/obesity/data.csv	16	LogisticRegression	0.8294234518093563
740	microaggregation2	data/diffprep_dataset/microaggregation2/data.csv	20	LogisticRegression	0.7546522377890362
740	google	data/diffprep_dataset/google/data.csv	8	LogisticRegression	0.7678852858119426
740	jungle_chess_2pcs_raw_endgame_complete	data/diffprep_dataset/jungle_chess_2pcs_raw_endgame_complete/data.csv	6	LogisticRegression	0.8212646835824471
740	Run_or_walk_information	data/diffprep_dataset/Run_or_walk_information/data.csv	6	LogisticRegression	0.9858749565529265
740	wall-robot-navigation	data/diffprep_dataset/wall-robot-navigation/data.csv	24	LogisticRegression	0.9726102487485395
740	avila	data/diffprep_dataset/avila/data.csv	10	LogisticRegression	0.8002455301225202
740	shuttle	data/diffprep_dataset/shuttle/data.csv	9	LogisticRegression	0.9751215662498278
740	abalone	data/diffprep_dataset/abalone/data.csv	8	LogisticRegression	0.5011947448335864
740	connect-4	data/diffprep_dataset/connect-4/data.csv	42	LogisticRegression	0.8146363156774954
740	house_prices	data/diffprep_dataset/house_prices/data.csv	80	LogisticRegression	0.9615911471340486
740	USCensus	data/diffprep_dataset/USCensus/data.csv	14	LogisticRegression	0.9214505350761085
740	pol	data/diffprep_dataset/pol/data.csv	48	LogisticRegression	0.9743373816770725
740	mozilla4	data/diffprep_dataset/mozilla4/data.csv	5	LogisticRegression	0.9459500441399444
740	pbcseq	data/diffprep_dataset/pbcseq/data.csv	18	LogisticRegression	0.8634241630548938
740	page-blocks	data/diffprep_dataset/page-blocks/data.csv	10	LogisticRegression	0.9787700790174926
740	ada_prior	data/diffprep_dataset/ada_prior/data.csv	14	LogisticRegression	0.9135705621136058
740	eeg	data/diffprep_dataset/eeg/data.csv	14	LogisticRegression	0.7627422244340347
740	obesity	data/diffprep_dataset/obesity/data.csv	16	LogisticRegression	0.8477476764529892
750	microaggregation2	data/diffprep_dataset/microaggregation2/data.csv	20	LogisticRegression	0.7945124291035351
750	google	data/diffprep_dataset/google/data.csv	8	LogisticRegression	0.7657976916843731
750	jungle_chess_2pcs_raw_endgame_complete	data/diffprep_dataset/jungle_chess_2pcs_raw_endgame_complete/data.csv	6	LogisticRegression	0.8716108584805212
750	Run_or_walk_information	data/diffprep_dataset/Run_or_walk_information/data.csv	6	LogisticRegression	0.9858749565529265
750	wall-robot-navigation	data/diffprep_dataset/wall-robot-navigation/data.csv	24	LogisticRegression	0.9838438483563934
750	avila	data/diffprep_dataset/avila/data.csv	10	LogisticRegression	0.819912695341858
750	shuttle	data/diffprep_dataset/shuttle/data.csv	9	LogisticRegression	0.9998706812935084
750	abalone	data/diffprep_dataset/abalone/data.csv	8	LogisticRegression	0.5324404407692068
750	connect-4	data/diffprep_dataset/connect-4/data.csv	42	LogisticRegression	0.8258694756217628
750	house_prices	data/diffprep_dataset/house_prices/data.csv	80	LogisticRegression	0.95980877090821
750	USCensus	data/diffprep_dataset/USCensus/data.csv	14	LogisticRegression	0.8979906600566078
750	pol	data/diffprep_dataset/pol/data.csv	48	LogisticRegression	0.9743373816770725
750	mozilla4	data/diffprep_dataset/mozilla4/data.csv	5	LogisticRegression	0.9368960475549523
750	pbcseq	data/diffprep_dataset/pbcseq/data.csv	18	LogisticRegression	0.8514315783712834
750	page-blocks	data/diffprep_dataset/page-blocks/data.csv	10	LogisticRegression	0.9806344046669169
750	ada_prior	data/diffprep_dataset/ada_prior/data.csv	14	LogisticRegression	0.892956495802231
750	eeg	data/diffprep_dataset/eeg/data.csv	14	LogisticRegression	0.7959342613963917
750	obesity	data/diffprep_dataset/obesity/data.csv	16	LogisticRegression	0.927642223361274
760	microaggregation2	data/diffprep_dataset/microaggregation2/data.csv	20	LogisticRegression	0.7854934754662193
760	google	data/diffprep_dataset/google/data.csv	8	LogisticRegression	0.7647517576314729
760	jungle_chess_2pcs_raw_endgame_complete	data/diffprep_dataset/jungle_chess_2pcs_raw_endgame_complete/data.csv	6	LogisticRegression	0.8340024087790001
760	Run_or_walk_information	data/diffprep_dataset/Run_or_walk_information/data.csv	6	LogisticRegression	0.985932203305961
760	wall-robot-navigation	data/diffprep_dataset/wall-robot-navigation/data.csv	24	LogisticRegression	0.9683640522700838
760	avila	data/diffprep_dataset/avila/data.csv	10	LogisticRegression	0.7287970804519757
760	shuttle	data/diffprep_dataset/shuttle/data.csv	9	LogisticRegression	0.992732210306138
760	abalone	data/diffprep_dataset/abalone/data.csv	8	LogisticRegression	0.8930285549745876
760	connect-4	data/diffprep_dataset/connect-4/data.csv	42	LogisticRegression	0.8647425925280593
760	house_prices	data/diffprep_dataset/house_prices/data.csv	80	LogisticRegression	0.9580230786249787
760	USCensus	data/diffprep_dataset/USCensus/data.csv	14	LogisticRegression	0.9101336788479226
760	pol	data/diffprep_dataset/pol/data.csv	48	LogisticRegression	0.9906226997870246
760	mozilla4	data/diffprep_dataset/mozilla4/data.csv	5	LogisticRegression	0.9659696987949616
760	pbcseq	data/diffprep_dataset/pbcseq/data.csv	18	LogisticRegression	0.8499206072101154
760	page-blocks	data/diffprep_dataset/page-blocks/data.csv	10	LogisticRegression	0.9792364931869324
760	ada_prior	data/diffprep_dataset/ada_prior/data.csv	14	LogisticRegression	0.892956495802231
760	eeg	data/diffprep_dataset/eeg/data.csv	14	LogisticRegression	0.7955147966708705
760	obesity	data/diffprep_dataset/obesity/data.csv	16	LogisticRegression	0.9675588936937934
770	microaggregation2	data/diffprep_dataset/microaggregation2/data.csv	20	LogisticRegression	0.7528280016046162
770	google	data/diffprep_dataset/google/data.csv	8	LogisticRegression	0.7720435397833713
770	jungle_chess_2pcs_raw_endgame_complete	data/diffprep_dataset/jungle_chess_2pcs_raw_endgame_complete/data.csv	6	LogisticRegression	0.8716108584805212
770	Run_or_walk_information	data/diffprep_dataset/Run_or_walk_information/data.csv	6	LogisticRegression	0.9858177064755544
770	wall-robot-navigation	data/diffprep_dataset/wall-robot-navigation/data.csv	24	LogisticRegression	0.9376144618769908
770	avila	data/diffprep_dataset/avila/data.csv	10	LogisticRegression	0.866647623050759
770	shuttle	data/diffprep_dataset/shuttle/data.csv	9	LogisticRegression	0.9942507142359117
770	abalone	data/diffprep_dataset/abalone/data.csv	8	LogisticRegression	0.5141537386673815
770	connect-4	data/diffprep_dataset/connect-4/data.csv	42	LogisticRegression	0.8149996276882774
770	house_prices	data/diffprep_dataset/house_prices/data.csv	80	LogisticRegression	0.9633702257080722
770	USCensus	data/diffprep_dataset/USCensus/data.csv	14	LogisticRegression	0.921867009915487
770	pol	data/diffprep_dataset/pol/data.csv	48	LogisticRegression	0.982344135219425
770	mozilla4	data/diffprep_dataset/mozilla4/data.csv	5	LogisticRegression	0.9614639850415635
770	pbcseq	data/diffprep_dataset/pbcseq/data.csv	18	LogisticRegression	0.8407977604846422
770	page-blocks	data/diffprep_dataset/page-blocks/data.csv	10	LogisticRegression	0.9806344046669169
770	ada_prior	data/diffprep_dataset/ada_prior/data.csv	14	LogisticRegression	0.901501728740569
770	eeg	data/diffprep_dataset/eeg/data.csv	14	LogisticRegression	0.759453109393303
770	obesity	data/diffprep_dataset/obesity/data.csv	16	LogisticRegression	0.9070253775176265
780	microaggregation2	data/diffprep_dataset/microaggregation2/data.csv	20	LogisticRegression	0.7779781487933963
780	google	data/diffprep_dataset/google/data.csv	8	LogisticRegression	0.8078457327082046
780	jungle_chess_2pcs_raw_endgame_complete	data/diffprep_dataset/jungle_chess_2pcs_raw_endgame_complete/data.csv	6	LogisticRegression	0.8340024087790001
780	Run_or_walk_information	data/diffprep_dataset/Run_or_walk_information/data.csv	6	LogisticRegression	0.987762347610059
780	wall-robot-navigation	data/diffprep_dataset/wall-robot-navigation/data.csv	24	LogisticRegression	0.9726102487485395
780	avila	data/diffprep_dataset/avila/data.csv	10	LogisticRegression	0.7258324698697364
780	shuttle	data/diffprep_dataset/shuttle/data.csv	9	LogisticRegression	0.9986197370923253
780	abalone	data/diffprep_dataset/abalone/data.csv	8	LogisticRegression	0.5106520833593401
780	connect-4	data/diffprep_dataset/connect-4/data.csv	42	LogisticRegression	0.8796764570198136
780	house_prices	data/diffprep_dataset/house_prices/data.csv	80	LogisticRegression	0.9615911471340486
780	USCensus	data/diffprep_dataset/USCensus/data.csv	14	LogisticRegression	0.8919001912627745
780	pol	data/diffprep_dataset/pol/data.csv	48	LogisticRegression	0.9743373816770725
780	mozilla4	data/diffprep_dataset/mozilla4/data.csv	5	LogisticRegression	0.9327672163843466
780	pbcseq	data/diffprep_dataset/pbcseq/data.csv	18	LogisticRegression	0.8869229903128576
780	page-blocks	data/diffprep_dataset/page-blocks/data.csv	10	LogisticRegression	0.9824951926869505
780	ada_prior	data/diffprep_dataset/ada_prior/data.csv	14	LogisticRegression	0.9117704213259056
780	eeg	data/diffprep_dataset/eeg/data.csv	14	LogisticRegression	0.9294183259254619
780	obesity	data/diffprep_dataset/obesity/data.csv	16	LogisticRegression	0.8832563863180561
790	microaggregation2	data/diffprep_dataset/microaggregation2/data.csv	20	LogisticRegression	0.7646894794620885
790	google	data/diffprep_dataset/google/data.csv	8	LogisticRegression	0.7785820239274243
790	jungle_chess_2pcs_raw_endgame_complete	data/diffprep_dataset/jungle_chess_2pcs_raw_endgame_complete/data.csv	6	LogisticRegression	0.871482859234882
790	Run_or_walk_information	data/diffprep_dataset/Run_or_walk_information/data.csv	6	LogisticRegression	0.9287460033448199
790	wall-robot-navigation	data/diffprep_dataset/wall-robot-navigation/data.csv	24	LogisticRegression	0.9631488346334006
790	avila	data/diffprep_dataset/avila/data.csv	10	LogisticRegression	0.8181576179913843
790	shuttle	data/diffprep_dataset/shuttle/data.csv	9	LogisticRegression	0.9609173059975126
790	abalone	data/diffprep_dataset/abalone/data.csv	8	LogisticRegression	0.5094795167525684
790	connect-4	data/diffprep_dataset/connect-4/data.csv	42	LogisticRegression	0.890671010543787
790	house_prices	data/diffprep_dataset/house_prices/data.csv	80	LogisticRegression	0.9633702257080722
790	USCensus	data/diffprep_dataset/USCensus/data.csv	14	LogisticRegression	0.9210338719143683
790	pol	data/diffprep_dataset/pol/data.csv	48	LogisticRegression	0.9435747629803021
790	mozilla4	data/diffprep_dataset/mozilla4/data.csv	5	LogisticRegression	0.950698478645131
790	pbcseq	data/diffprep_dataset/pbcseq/data.csv	18	LogisticRegression	0.8499206072101154
790	page-blocks	data/diffprep_dataset/page-blocks/data.csv	10	LogisticRegression	0.9824951926869505
790	ada_prior	data/diffprep_dataset/ada_prior/data.csv	14	LogisticRegression	0.9075562073179831
790	eeg	data/diffprep_dataset/eeg/data.csv	14	LogisticRegression	0.9294183259254619
790	obesity	data/diffprep_dataset/obesity/data.csv	16	LogisticRegression	0.8845936412644422
800	microaggregation2	data/diffprep_dataset/microaggregation2/data.csv	20	LogisticRegression	0.7782994282408282
800	google	data/diffprep_dataset/google/data.csv	8	LogisticRegression	0.7857454705588416
800	jungle_chess_2pcs_raw_endgame_complete	data/diffprep_dataset/jungle_chess_2pcs_raw_endgame_complete/data.csv	6	LogisticRegression	0.9280809370911877
800	Run_or_walk_information	data/diffprep_dataset/Run_or_walk_information/data.csv	6	LogisticRegression	0.8477309142062738
800	wall-robot-navigation	data/diffprep_dataset/wall-robot-navigation/data.csv	24	LogisticRegression	0.9683640522700838
800	avila	data/diffprep_dataset/avila/data.csv	10	LogisticRegression	0.7319133643919634
800	shuttle	data/diffprep_dataset/shuttle/data.csv	9	LogisticRegression	0.9870716006590333
800	abalone	data/diffprep_dataset/abalone/data.csv	8	LogisticRegression	0.5094795167525684
800	connect-4	data/diffprep_dataset/connect-4/data.csv	42	LogisticRegression	0.8131359377656162
800	house_prices	data/diffprep_dataset/house_prices/data.csv	80	LogisticRegression	0.95980877090821
800	USCensus	data/diffprep_dataset/USCensus/data.csv	14	LogisticRegression	0.9101336788479226
800	pol	data/diffprep_dataset/pol/data.csv	48	LogisticRegression	0.9906226997870246
800	mozilla4	data/diffprep_dataset/mozilla4/data.csv	5	LogisticRegression	0.9459500441399444
800	pbcseq	data/diffprep_dataset/pbcseq/data.csv	18	LogisticRegression	0.854445504887598
800	page-blocks	data/diffprep_dataset/page-blocks/data.csv	10	LogisticRegression	0.9815652396222593
800	ada_prior	data/diffprep_dataset/ada_prior/data.csv	14	LogisticRegression	0.9171602441624201
800	eeg	data/diffprep_dataset/eeg/data.csv	14	LogisticRegression	0.7387338064885972
800	obesity	data/diffprep_dataset/obesity/data.csv	16	LogisticRegression	0.9402982274263746
810	microaggregation2	data/diffprep_dataset/microaggregation2/data.csv	20	LogisticRegression	0.7686026281505938
810	google	data/diffprep_dataset/google/data.csv	8	LogisticRegression	0.7428061248855963
810	jungle_chess_2pcs_raw_endgame_complete	data/diffprep_dataset/jungle_chess_2pcs_raw_endgame_complete/data.csv	6	LogisticRegression	0.8211288363094009
810	Run_or_walk_information	data/diffprep_dataset/Run_or_walk_information/data.csv	6	LogisticRegression	0.9858749565529265
810	wall-robot-navigation	data/diffprep_dataset/wall-robot-navigation/data.csv	24	LogisticRegression	0.9726102487485395
810	avila	data/diffprep_dataset/avila/data.csv	10	LogisticRegression	0.7785455706368238
810	shuttle	data/diffprep_dataset/shuttle/data.csv	9	LogisticRegression	0.9678451001741107
810	abalone	data/diffprep_dataset/abalone/data.csv	8	LogisticRegression	0.5118219636631847
810	connect-4	data/diffprep_dataset/connect-4/data.csv	42	LogisticRegression	0.8536741890660398
810	house_prices	data/diffprep_dataset/house_prices/data.csv	80	LogisticRegression	0.9615911471340486
810	USCensus	data/diffprep_dataset/USCensus/data.csv	14	LogisticRegression	0.921867009915487
810	pol	data/diffprep_dataset/pol/data.csv	48	LogisticRegression	0.9906226997870246
810	mozilla4	data/diffprep_dataset/mozilla4/data.csv	5	LogisticRegression	0.9614639850415635
810	pbcseq	data/diffprep_dataset/pbcseq/data.csv	18	LogisticRegression	0.8407977604846422
810	page-blocks	data/diffprep_dataset/page-blocks/data.csv	10	LogisticRegression	0.9829598392925829
810	ada_prior	data/diffprep_dataset/ada_prior/data.csv	14	LogisticRegression	0.920735931189595
810	eeg	data/diffprep_dataset/eeg/data.csv	14	LogisticRegression	0.789830219541475
810	obesity	data/diffprep_dataset/obesity/data.csv	16	LogisticRegression	0.88057578412305
820	microaggregation2	data/diffprep_dataset/microaggregation2/data.csv	20	LogisticRegression	0.7949842765740717
820	google	data/diffprep_dataset/google/data.csv	8	LogisticRegression	0.7978760492507485
820	jungle_chess_2pcs_raw_endgame_complete	data/diffprep_dataset/jungle_chess_2pcs_raw_endgame_complete/data.csv	6	LogisticRegression	0.8340024087790001
820	Run_or_walk_information	data/diffprep_dataset/Run_or_walk_information/data.csv	6	LogisticRegression	0.9858749565529265
820	wall-robot-navigation	data/diffprep_dataset/wall-robot-navigation/data.csv	24	LogisticRegression	0.9626733229605601
820	avila	data/diffprep_dataset/avila/data.csv	10	LogisticRegression	0.8076953792036741
820	shuttle	data/diffprep_dataset/shuttle/data.csv	9	LogisticRegression	0.982344135219425
820	abalone	data/diffprep_dataset/abalone/data.csv	8	LogisticRegression	0.5106520833593401
820	connect-4	data/diffprep_dataset/connect-4/data.csv	42	LogisticRegression	0.8163606076972857
820	house_prices	data/diffprep_dataset/house_prices/data.csv	80	LogisticRegression	0.9651460248662211
820	USCensus	data/diffprep_dataset/USCensus/data.csv	14	LogisticRegression	0.9031055143728157
820	pol	data/diffprep_dataset/pol/data.csv	48	LogisticRegression	0.9631545393480044
820	mozilla4	data/diffprep_dataset/mozilla4/data.csv	5	LogisticRegression	0.9614639850415635
820	pbcseq	data/diffprep_dataset/pbcseq/data.csv	18	LogisticRegression	0.8484069450876789
820	page-blocks	data/diffprep_dataset/page-blocks/data.csv	10	LogisticRegression	0.9866691348852258
820	ada_prior	data/diffprep_dataset/ada_prior/data.csv	14	LogisticRegression	0.920735931189595
820	eeg	data/diffprep_dataset/eeg/data.csv	14	LogisticRegression	0.9294183259254619
820	obesity	data/diffprep_dataset/obesity/data.csv	16	LogisticRegression	0.873838303471905
830	microaggregation2	data/diffprep_dataset/microaggregation2/data.csv	20	LogisticRegression	0.7949842765740717
830	google	data/diffprep_dataset/google/data.csv	8	LogisticRegression	0.7682326666421125
830	jungle_chess_2pcs_raw_endgame_complete	data/diffprep_dataset/jungle_chess_2pcs_raw_endgame_complete/data.csv	6	LogisticRegression	0.8350050167252108
830	Run_or_walk_information	data/diffprep_dataset/Run_or_walk_information/data.csv	6	LogisticRegression	0.8482300982530304
830	wall-robot-navigation	data/diffprep_dataset/wall-robot-navigation/data.csv	24	LogisticRegression	0.9726102487485395
830	avila	data/diffprep_dataset/avila/data.csv	10	LogisticRegression	0.7021767783675146
830	shuttle	data/diffprep_dataset/shuttle/data.csv	9	LogisticRegression	0.9981448308979393
830	abalone	data/diffprep_dataset/abalone/data.csv	8	LogisticRegression	0.5
830	connect-4	data/diffprep_dataset/connect-4/data.csv	42	LogisticRegression	0.8908371805098865
830	house_prices	data/diffprep_dataset/house_prices/data.csv	80	LogisticRegression	0.9651460248662211
830	USCensus	data/diffprep_dataset/USCensus/data.csv	14	LogisticRegression	0.913501437547333
830	pol	data/diffprep_dataset/pol/data.csv	48	LogisticRegression	0.9311283477587824
830	mozilla4	data/diffprep_dataset/mozilla4/data.csv	5	LogisticRegression	0.9696255407574413
830	pbcseq	data/diffprep_dataset/pbcseq/data.csv	18	LogisticRegression	0.8315748369879695
830	page-blocks	data/diffprep_dataset/page-blocks/data.csv	10	LogisticRegression	0.9824951926869505
830	ada_prior	data/diffprep_dataset/ada_prior/data.csv	14	LogisticRegression	0.909364690427967
830	eeg	data/diffprep_dataset/eeg/data.csv	14	LogisticRegression	0.8816857866809734
830	obesity	data/diffprep_dataset/obesity/data.csv	16	LogisticRegression	0.9148111458788166
840	microaggregation2	data/diffprep_dataset/microaggregation2/data.csv	20	LogisticRegression	0.7686026281505938
840	google	data/diffprep_dataset/google/data.csv	8	LogisticRegression	0.8098249412263311
840	jungle_chess_2pcs_raw_endgame_complete	data/diffprep_dataset/jungle_chess_2pcs_raw_endgame_complete/data.csv	6	LogisticRegression	0.9280809370911877
840	Run_or_walk_information	data/diffprep_dataset/Run_or_walk_information/data.csv	6	LogisticRegression	0.9858749565529265
840	wall-robot-navigation	data/diffprep_dataset/wall-robot-navigation/data.csv	24	LogisticRegression	0.9073368025491269
840	avila	data/diffprep_dataset/avila/data.csv	10	LogisticRegression	0.8277644945617778
840	shuttle	data/diffprep_dataset/shuttle/data.csv	9	LogisticRegression	0.9994394980912189
840	abalone	data/diffprep_dataset/abalone/data.csv	8	LogisticRegression	0.5094795167525684
840	connect-4	data/diffprep_dataset/connect-4/data.csv	42	LogisticRegression	0.8146817385393711
840	house_prices	data/diffprep_dataset/house_prices/data.csv	80	LogisticRegression	0.9526459187837538
840	USCensus	data/diffprep_dataset/USCensus/data.csv	14	LogisticRegression	0.9089520154075938
840	pol	data/diffprep_dataset/pol/data.csv	48	LogisticRegression	0.9654014708917736
840	mozilla4	data/diffprep_dataset/mozilla4/data.csv	5	LogisticRegression	0.9696255407574413
840	pbcseq	data/diffprep_dataset/pbcseq/data.csv	18	LogisticRegression	0.8499206072101154
840	page-blocks	data/diffprep_dataset/page-blocks/data.csv	10	LogisticRegression	0.9806344046669169
840	ada_prior	data/diffprep_dataset/ada_prior/data.csv	14	LogisticRegression	0.8880365878611454
840	eeg	data/diffprep_dataset/eeg/data.csv	14	LogisticRegression	0.7364712167746386
840	obesity	data/diffprep_dataset/obesity/data.csv	16	LogisticRegression	0.8872621047656614
850	microaggregation2	data/diffprep_dataset/microaggregation2/data.csv	20	LogisticRegression	0.7956129712366434
850	google	data/diffprep_dataset/google/data.csv	8	LogisticRegression	0.8137689171914714
850	jungle_chess_2pcs_raw_endgame_complete	data/diffprep_dataset/jungle_chess_2pcs_raw_endgame_complete/data.csv	6	LogisticRegression	0.8337348430330128
850	Run_or_walk_information	data/diffprep_dataset/Run_or_walk_information/data.csv	6	LogisticRegression	0.9324455971997596
850	wall-robot-navigation	data/diffprep_dataset/wall-robot-navigation/data.csv	24	LogisticRegression	0.9631488346334006
850	avila	data/diffprep_dataset/avila/data.csv	10	LogisticRegression	0.7773136939622732
850	shuttle	data/diffprep_dataset/shuttle/data.csv	9	LogisticRegression	0.9758285604092272
850	abalone	data/diffprep_dataset/abalone/data.csv	8	LogisticRegression	0.5
850	connect-4	data/diffprep_dataset/connect-4/data.csv	42	LogisticRegression	0.8796764570198136
850	house_prices	data/diffprep_dataset/house_prices/data.csv	80	LogisticRegression	0.95980877090821
850	USCensus	data/diffprep_dataset/USCensus/data.csv	14	LogisticRegression	0.9044645904078856
850	pol	data/diffprep_dataset/pol/data.csv	48	LogisticRegression	0.9891073416638527
850	mozilla4	data/diffprep_dataset/mozilla4/data.csv	5	LogisticRegression	0.9274069377443014
850	pbcseq	data/diffprep_dataset/pbcseq/data.csv	18	LogisticRegression	0.854445504887598
850	page-blocks	data/diffprep_dataset/page-blocks/data.csv	10	LogisticRegression	0.9797026853072178
850	ada_prior	data/diffprep_dataset/ada_prior/data.csv	14	LogisticRegression	0.9201409482963215
850	eeg	data/diffprep_dataset/eeg/data.csv	14	LogisticRegression	0.7679755086215032
850	obesity	data/diffprep_dataset/obesity/data.csv	16	LogisticRegression	0.8656841129716639
860	microaggregation2	data/diffprep_dataset/microaggregation2/data.csv	20	LogisticRegression	0.8018728078691783
860	google	data/diffprep_dataset/google/data.csv	8	LogisticRegression	0.8124563858255592
860	jungle_chess_2pcs_raw_endgame_complete	data/diffprep_dataset/jungle_chess_2pcs_raw_endgame_complete/data.csv	6	LogisticRegression	0.8719947434841504
860	Run_or_walk_information	data/diffprep_dataset/Run_or_walk_information/data.csv	6	LogisticRegression	0.9762676599446015
860	wall-robot-navigation	data/diffprep_dataset/wall-robot-navigation/data.csv	24	LogisticRegression	0.9726102487485395
860	avila	data/diffprep_dataset/avila/data.csv	10	LogisticRegression	0.6972119162472508
860	shuttle	data/diffprep_dataset/shuttle/data.csv	9	LogisticRegression	0.9758285604092272
860	abalone	data/diffprep_dataset/abalone/data.csv	8	LogisticRegression	0.49519219602572967
860	connect-4	data/diffprep_dataset/connect-4/data.csv	42	LogisticRegression	0.8174930268956981
860	house_prices	data/diffprep_dataset/house_prices/data.csv	80	LogisticRegression	0.9651460248662211
860	USCensus	data/diffprep_dataset/USCensus/data.csv	14	LogisticRegression	0.9025102750444034
860	pol	data/diffprep_dataset/pol/data.csv	48	LogisticRegression	0.9430447143870397
860	mozilla4	data/diffprep_dataset/mozilla4/data.csv	5	LogisticRegression	0.9596222586947627
860	pbcseq	data/diffprep_dataset/pbcseq/data.csv	18	LogisticRegression	0.8663963720618011
860	page-blocks	data/diffprep_dataset/page-blocks/data.csv	10	LogisticRegression	0.9824951926869505
860	ada_prior	data/diffprep_dataset/ada_prior/data.csv	14	LogisticRegression	0.917757159451228
860	eeg	data/diffprep_dataset/eeg/data.csv	14	LogisticRegression	0.8003253677467759
860	obesity	data/diffprep_dataset/obesity/data.csv	16	LogisticRegression	0.804831744599975
870	microaggregation2	data/diffprep_dataset/microaggregation2/data.csv	20	LogisticRegression	0.7604275113381945
870	google	data/diffprep_dataset/google/data.csv	8	LogisticRegression	0.7406478458688592
870	jungle_chess_2pcs_raw_endgame_complete	data/diffprep_dataset/jungle_chess_2pcs_raw_endgame_complete/data.csv	6	LogisticRegression	0.8367400246244754
870	Run_or_walk_information	data/diffprep_dataset/Run_or_walk_information/data.csv	6	LogisticRegression	0.9287460033448199
870	wall-robot-navigation	data/diffprep_dataset/wall-robot-navigation/data.csv	24	LogisticRegression	0.9073368025491269
870	avila	data/diffprep_dataset/avila/data.csv	10	LogisticRegression	0.7816167682442432
870	shuttle	data/diffprep_dataset/shuttle/data.csv	9	LogisticRegression	0.998749217771909
870	abalone	data/diffprep_dataset/abalone/data.csv	8	LogisticRegression	0.5035757308949782
870	connect-4	data/diffprep_dataset/connect-4/data.csv	42	LogisticRegression	0.8146363156774954
870	house_prices	data/diffprep_dataset/house_prices/data.csv	80	LogisticRegression	0.9651460248662211
870	USCensus	data/diffprep_dataset/USCensus/data.csv	14	LogisticRegression	0.9052281739887227
870	pol	data/diffprep_dataset/pol/data.csv	48	LogisticRegression	0.9743373816770725
870	mozilla4	data/diffprep_dataset/mozilla4/data.csv	5	LogisticRegression	0.9648035712867039
870	pbcseq	data/diffprep_dataset/pbcseq/data.csv	18	LogisticRegression	0.854445504887598
870	page-blocks	data/diffprep_dataset/page-blocks/data.csv	10	LogisticRegression	0.9773695010345429
870	ada_prior	data/diffprep_dataset/ada_prior/data.csv	14	LogisticRegression	0.8861845804482921
870	eeg	data/diffprep_dataset/eeg/data.csv	14	LogisticRegression	0.7953049813443487
870	obesity	data/diffprep_dataset/obesity/data.csv	16	LogisticRegression	0.8684106838583019
880	microaggregation2	data/diffprep_dataset/microaggregation2/data.csv	20	LogisticRegression	0.795455844154784
880	google	data/diffprep_dataset/google/data.csv	8	LogisticRegression	0.7716978744247489
880	jungle_chess_2pcs_raw_endgame_complete	data/diffprep_dataset/jungle_chess_2pcs_raw_endgame_complete/data.csv	6	LogisticRegression	0.8722505729581845
880	Run_or_walk_information	data/diffprep_dataset/Run_or_walk_information/data.csv	6	LogisticRegression	0.9858749565529265
880	wall-robot-navigation	data/diffprep_dataset/wall-robot-navigation/data.csv	24	LogisticRegression	0.9297681778103962
880	avila	data/diffprep_dataset/avila/data.csv	10	LogisticRegression	0.7287970804519757
880	shuttle	data/diffprep_dataset/shuttle/data.csv	9	LogisticRegression	0.9783871316152645
880	abalone	data/diffprep_dataset/abalone/data.csv	8	LogisticRegression	0.5083042452524146
880	connect-4	data/diffprep_dataset/connect-4/data.csv	42	LogisticRegression	0.8632864353785393
880	house_prices	data/diffprep_dataset/house_prices/data.csv	80	LogisticRegression	0.9472382350668721
880	USCensus	data/diffprep_dataset/USCensus/data.csv	14	LogisticRegression	0.9037853078558791
880	pol	data/diffprep_dataset/pol/data.csv	48	LogisticRegression	0.9743373816770725
880	mozilla4	data/diffprep_dataset/mozilla4/data.csv	5	LogisticRegression	0.9614639850415635
880	pbcseq	data/diffprep_dataset/pbcseq/data.csv	18	LogisticRegression	0.8407977604846422
880	page-blocks	data/diffprep_dataset/page-blocks/data.csv	10	LogisticRegression	0.9824951926869505
880	ada_prior	data/diffprep_dataset/ada_prior/data.csv	14	LogisticRegression	0.8990685212566211
880	eeg	data/diffprep_dataset/eeg/data.csv	14	LogisticRegression	0.7955147966708705
880	obesity	data/diffprep_dataset/obesity/data.csv	16	LogisticRegression	0.9540259349900136
890	microaggregation2	data/diffprep_dataset/microaggregation2/data.csv	20	LogisticRegression	0.7949842765740717
890	google	data/diffprep_dataset/google/data.csv	8	LogisticRegression	0.7524417740036379
890	jungle_chess_2pcs_raw_endgame_complete	data/diffprep_dataset/jungle_chess_2pcs_raw_endgame_complete/data.csv	6	LogisticRegression	0.9271188210496479
890	Run_or_walk_information	data/diffprep_dataset/Run_or_walk_information/data.csv	6	LogisticRegression	0.9858749565529265
890	wall-robot-navigation	data/diffprep_dataset/wall-robot-navigation/data.csv	24	LogisticRegression	0.9626733229605601
890	avila	data/diffprep_dataset/avila/data.csv	10	LogisticRegression	0.9658768369761207
890	shuttle	data/diffprep_dataset/shuttle/data.csv	9	LogisticRegression	0.9998706812935084
890	abalone	data/diffprep_dataset/abalone/data.csv	8	LogisticRegression	0.48789166575374265
890	connect-4	data/diffprep_dataset/connect-4/data.csv	42	LogisticRegression	0.863843491186137
890	house_prices	data/diffprep_dataset/house_prices/data.csv	80	LogisticRegression	0.9580230786249787
890	USCensus	data/diffprep_dataset/USCensus/data.csv	14	LogisticRegression	0.91994966450863
890	pol	data/diffprep_dataset/pol/data.csv	48	LogisticRegression	0.9906226997870246
890	mozilla4	data/diffprep_dataset/mozilla4/data.csv	5	LogisticRegression	0.9696255407574413
890	pbcseq	data/diffprep_dataset/pbcseq/data.csv	18	LogisticRegression	0.8796470430283292
890	page-blocks	data/diffprep_dataset/page-blocks/data.csv	10	LogisticRegression	0.9871318168027471
890	ada_prior	data/diffprep_dataset/ada_prior/data.csv	14	LogisticRegression	0.91536716279115
890	eeg	data/diffprep_dataset/eeg/data.csv	14	LogisticRegression	0.7387338064885972
890	obesity	data/diffprep_dataset/obesity/data.csv	16	LogisticRegression	0.9540259349900136
900	microaggregation2	data/diffprep_dataset/microaggregation2/data.csv	20	LogisticRegression	0.7758865896508329
900	google	data/diffprep_dataset/google/data.csv	8	LogisticRegression	0.7928441971942195
900	jungle_chess_2pcs_raw_endgame_complete	data/diffprep_dataset/jungle_chess_2pcs_raw_endgame_complete/data.csv	6	LogisticRegression	0.9280809370911877
900	Run_or_walk_information	data/diffprep_dataset/Run_or_walk_information/data.csv	6	LogisticRegression	0.9762676599446015
900	wall-robot-navigation	data/diffprep_dataset/wall-robot-navigation/data.csv	24	LogisticRegression	0.8148125023092208
900	avila	data/diffprep_dataset/avila/data.csv	10	LogisticRegression	0.866647623050759
900	shuttle	data/diffprep_dataset/shuttle/data.csv	9	LogisticRegression	0.9951173904066068
900	abalone	data/diffprep_dataset/abalone/data.csv	8	LogisticRegression	0.507126250053005
900	connect-4	data/diffprep_dataset/connect-4/data.csv	42	LogisticRegression	0.8647425925280593
900	house_prices	data/diffprep_dataset/house_prices/data.csv	80	LogisticRegression	0.9633702257080722
900	USCensus	data/diffprep_dataset/USCensus/data.csv	14	LogisticRegression	0.9207004056210651
900	pol	data/diffprep_dataset/pol/data.csv	48	LogisticRegression	0.9660917830792959
900	mozilla4	data/diffprep_dataset/mozilla4/data.csv	5	LogisticRegression	0.9696255407574413
900	pbcseq	data/diffprep_dataset/pbcseq/data.csv	18	LogisticRegression	0.8663963720618011
900	page-blocks	data/diffprep_dataset/page-blocks/data.csv	10	LogisticRegression	0.9731556727833012
900	ada_prior	data/diffprep_dataset/ada_prior/data.csv	14	LogisticRegression	0.9617692030835673
900	eeg	data/diffprep_dataset/eeg/data.csv	14	LogisticRegression	0.8011590402308759
900	obesity	data/diffprep_dataset/obesity/data.csv	16	LogisticRegression	0.8322688236375638
910	microaggregation2	data/diffprep_dataset/microaggregation2/data.csv	20	LogisticRegression	0.8006247560499238
910	google	data/diffprep_dataset/google/data.csv	8	LogisticRegression	0.7975415801313562
910	jungle_chess_2pcs_raw_endgame_complete	data/diffprep_dataset/jungle_chess_2pcs_raw_endgame_complete/data.csv	6	LogisticRegression	0.8919166972946438
910	Run_or_walk_information	data/diffprep_dataset/Run_or_walk_information/data.csv	6	LogisticRegression	0.914847243627985
910	wall-robot-navigation	data/diffprep_dataset/wall-robot-navigation/data.csv	24	LogisticRegression	0.9073368025491269
910	avila	data/diffprep_dataset/avila/data.csv	10	LogisticRegression	0.9658768369761207
910	shuttle	data/diffprep_dataset/shuttle/data.csv	9	LogisticRegression	0.9998706812935084
910	abalone	data/diffprep_dataset/abalone/data.csv	8	LogisticRegression	0.504762012234692
910	connect-4	data/diffprep_dataset/connect-4/data.csv	42	LogisticRegression	0.8536741890660398
910	house_prices	data/diffprep_dataset/house_prices/data.csv	80	LogisticRegression	0.9580230786249787
910	USCensus	data/diffprep_dataset/USCensus/data.csv	14	LogisticRegression	0.921867009915487
910	pol	data/diffprep_dataset/pol/data.csv	48	LogisticRegression	0.9414527780687321
910	mozilla4	data/diffprep_dataset/mozilla4/data.csv	5	LogisticRegression	0.9646368665647189
910	pbcseq	data/diffprep_dataset/pbcseq/data.csv	18	LogisticRegression	0.8869229903128576
910	page-blocks	data/diffprep_dataset/page-blocks/data.csv	10	LogisticRegression	0.9806344046669169
910	ada_prior	data/diffprep_dataset/ada_prior/data.csv	14	LogisticRegression	0.9069525782473332
910	eeg	data/diffprep_dataset/eeg/data.csv	14	LogisticRegression	0.8580880413934088
910	obesity	data/diffprep_dataset/obesity/data.csv	16	LogisticRegression	0.8819171036881969
920	microaggregation2	data/diffprep_dataset/microaggregation2/data.csv	20	LogisticRegression	0.7949842765740717
920	google	data/diffprep_dataset/google/data.csv	8	LogisticRegression	0.8018787970277877
920	jungle_chess_2pcs_raw_endgame_complete	data/diffprep_dataset/jungle_chess_2pcs_raw_endgame_complete/data.csv	6	LogisticRegression	0.8212646835824471
920	Run_or_walk_information	data/diffprep_dataset/Run_or_walk_information/data.csv	6	LogisticRegression	0.8895424094218686
920	wall-robot-navigation	data/diffprep_dataset/wall-robot-navigation/data.csv	24	LogisticRegression	0.9626733229605601
920	avila	data/diffprep_dataset/avila/data.csv	10	LogisticRegression	0.866647623050759
920	shuttle	data/diffprep_dataset/shuttle/data.csv	9	LogisticRegression	0.992732210306138
920	abalone	data/diffprep_dataset/abalone/data.csv	8	LogisticRegression	0.5199374272253009
920	connect-4	data/diffprep_dataset/connect-4/data.csv	42	LogisticRegression	0.890671010543787
920	house_prices	data/diffprep_dataset/house_prices/data.csv	80	LogisticRegression	0.9544416714024954
920	USCensus	data/diffprep_dataset/USCensus/data.csv	14	LogisticRegression	0.9101336788479226
920	pol	data/diffprep_dataset/pol/data.csv	48	LogisticRegression	0.9902861539306034
920	mozilla4	data/diffprep_dataset/mozilla4/data.csv	5	LogisticRegression	0.9483272334238139
920	pbcseq	data/diffprep_dataset/pbcseq/data.csv	18	LogisticRegression	0.8499206072101154
920	page-blocks	data/diffprep_dataset/page-blocks/data.csv	10	LogisticRegression	0.9824951926869505
920	ada_prior	data/diffprep_dataset/ada_prior/data.csv	14	LogisticRegression	0.9486832980505138
920	eeg	data/diffprep_dataset/eeg/data.csv	14	LogisticRegression	0.7999082056815575
920	obesity	data/diffprep_dataset/obesity/data.csv	16	LogisticRegression	0.9540259349900136
930	microaggregation2	data/diffprep_dataset/microaggregation2/data.csv	20	LogisticRegression	0.757792847683323
930	google	data/diffprep_dataset/google/data.csv	8	LogisticRegression	0.8124563858255592
930	jungle_chess_2pcs_raw_endgame_complete	data/diffprep_dataset/jungle_chess_2pcs_raw_endgame_complete/data.csv	6	LogisticRegression	0.8209250232496338
930	Run_or_walk_information	data/diffprep_dataset/Run_or_walk_information/data.csv	6	LogisticRegression	0.9165114441328865
930	wall-robot-navigation	data/diffprep_dataset/wall-robot-navigation/data.csv	24	LogisticRegression	0.9351695699401925
930	avila	data/diffprep_dataset/avila/data.csv	10	LogisticRegression	0.866647623050759
930	shuttle	data/diffprep_dataset/shuttle/data.csv	9	LogisticRegression	0.9917330703161111
930	abalone	data/diffprep_dataset/abalone/data.csv	8	LogisticRegression	0.5094795167525684
930	connect-4	data/diffprep_dataset/connect-4/data.csv	42	LogisticRegression	0.8163606076972857
930	house_prices	data/diffprep_dataset/house_prices/data.csv	80	LogisticRegression	0.9562340517069216
930	USCensus	data/diffprep_dataset/USCensus/data.csv	14	LogisticRegression	0.9062452846174122
930	pol	data/diffprep_dataset/pol/data.csv	48	LogisticRegression	0.9743373816770725
930	mozilla4	data/diffprep_dataset/mozilla4/data.csv	5	LogisticRegression	0.9649702472093928
930	pbcseq	data/diffprep_dataset/pbcseq/data.csv	18	LogisticRegression	0.8574488375392606
930	page-blocks	data/diffprep_dataset/page-blocks/data.csv	10	LogisticRegression	0.9848162334662391
930	ada_prior	data/diffprep_dataset/ada_prior/data.csv	14	LogisticRegression	0.9159652465941253
930	eeg	data/diffprep_dataset/eeg/data.csv	14	LogisticRegression	0.8594483901785536
930	obesity	data/diffprep_dataset/obesity/data.csv	16	LogisticRegression	0.7211758195112715
940	microaggregation2	data/diffprep_dataset/microaggregation2/data.csv	20	LogisticRegression	0.793882862896032
940	google	data/diffprep_dataset/google/data.csv	8	LogisticRegression	0.8134409828976024
940	jungle_chess_2pcs_raw_endgame_complete	data/diffprep_dataset/jungle_chess_2pcs_raw_endgame_complete/data.csv	6	LogisticRegression	0.8210609042442332
940	Run_or_walk_information	data/diffprep_dataset/Run_or_walk_information/data.csv	6	LogisticRegression	0.8981299003939873
940	wall-robot-navigation	data/diffprep_dataset/wall-robot-navigation/data.csv	24	LogisticRegression	0.9123692138699017
940	avila	data/diffprep_dataset/avila/data.csv	10	LogisticRegression	0.819912695341858
940	shuttle	data/diffprep_dataset/shuttle/data.csv	9	LogisticRegression	0.9998706812935084
940	abalone	data/diffprep_dataset/abalone/data.csv	8	LogisticRegression	0.49033725333648615
940	connect-4	data/diffprep_dataset/connect-4/data.csv	42	LogisticRegression	0.862900570696433
940	house_prices	data/diffprep_dataset/house_prices/data.csv	80	LogisticRegression	0.9580230786249787
940	USCensus	data/diffprep_dataset/USCensus/data.csv	14	LogisticRegression	0.9201165488028843
940	pol	data/diffprep_dataset/pol/data.csv	48	LogisticRegression	0.9902861539306034
940	mozilla4	data/diffprep_dataset/mozilla4/data.csv	5	LogisticRegression	0.9317321497998929
940	pbcseq	data/diffprep_dataset/pbcseq/data.csv	18	LogisticRegression	0.8238101960248794
940	page-blocks	data/diffprep_dataset/page-blocks/data.csv	10	LogisticRegression	0.9880565306512361
940	ada_prior	data/diffprep_dataset/ada_prior/data.csv	14	LogisticRegression	0.9159652465941253
940	eeg	data/diffprep_dataset/eeg/data.csv	14	LogisticRegression	0.7957245566736382
940	obesity	data/diffprep_dataset/obesity/data.csv	16	LogisticRegression	0.8778869968260251
950	microaggregation2	data/diffprep_dataset/microaggregation2/data.csv	20	LogisticRegression	0.7686026281505938
950	google	data/diffprep_dataset/google/data.csv	8	LogisticRegression	0.7696206220043099
950	jungle_chess_2pcs_raw_endgame_complete	data/diffprep_dataset/jungle_chess_2pcs_raw_endgame_complete/data.csv	6	LogisticRegression	0.9280809370911877
950	Run_or_walk_information	data/diffprep_dataset/Run_or_walk_information/data.csv	6	LogisticRegression	0.8482300982530304
950	wall-robot-navigation	data/diffprep_dataset/wall-robot-navigation/data.csv	24	LogisticRegression	0.9626733229605601
950	avila	data/diffprep_dataset/avila/data.csv	10	LogisticRegression	0.8140477223713826
950	shuttle	data/diffprep_dataset/shuttle/data.csv	9	LogisticRegression	0.9998706812935084
950	abalone	data/diffprep_dataset/abalone/data.csv	8	LogisticRegression	0.517631706652575
950	connect-4	data/diffprep_dataset/connect-4/data.csv	42	LogisticRegression	0.8146363156774954
950	house_prices	data/diffprep_dataset/house_prices/data.csv	80	LogisticRegression	0.95980877090821
950	USCensus	data/diffprep_dataset/USCensus/data.csv	14	LogisticRegression	0.904379707991068
950	pol	data/diffprep_dataset/pol/data.csv	48	LogisticRegression	0.9291573243177569
950	mozilla4	data/diffprep_dataset/mozilla4/data.csv	5	LogisticRegression	0.9696255407574413
950	pbcseq	data/diffprep_dataset/pbcseq/data.csv	18	LogisticRegression	0.7968446772042146
950	page-blocks	data/diffprep_dataset/page-blocks/data.csv	10	LogisticRegression	0.9787700790174926
950	ada_prior	data/diffprep_dataset/ada_prior/data.csv	14	LogisticRegression	0.9105683503729887
950	eeg	data/diffprep_dataset/eeg/data.csv	14	LogisticRegression	0.8011590402308759
950	obesity	data/diffprep_dataset/obesity/data.csv	16	LogisticRegression	0.9675588936937934
960	microaggregation2	data/diffprep_dataset/microaggregation2/data.csv	20	LogisticRegression	0.7949842765740717
960	google	data/diffprep_dataset/google/data.csv	8	LogisticRegression	0.7413679703421954
960	jungle_chess_2pcs_raw_endgame_complete	data/diffprep_dataset/jungle_chess_2pcs_raw_endgame_complete/data.csv	6	LogisticRegression	0.9266975811780119
960	Run_or_walk_information	data/diffprep_dataset/Run_or_walk_information/data.csv	6	LogisticRegression	0.9858749565529265
960	wall-robot-navigation	data/diffprep_dataset/wall-robot-navigation/data.csv	24	LogisticRegression	0.9631488346334006
960	avila	data/diffprep_dataset/avila/data.csv	10	LogisticRegression	0.9762171889492625
960	shuttle	data/diffprep_dataset/shuttle/data.csv	9	LogisticRegression	0.9643650760992956
960	abalone	data/diffprep_dataset/abalone/data.csv	8	LogisticRegression	0.5106520833593401
960	connect-4	data/diffprep_dataset/connect-4/data.csv	42	LogisticRegression	0.8908371805098865
960	house_prices	data/diffprep_dataset/house_prices/data.csv	80	LogisticRegression	0.9580230786249787
960	USCensus	data/diffprep_dataset/USCensus/data.csv	14	LogisticRegression	0.8912974686627976
960	pol	data/diffprep_dataset/pol/data.csv	48	LogisticRegression	0.9619424792228137
960	mozilla4	data/diffprep_dataset/mozilla4/data.csv	5	LogisticRegression	0.9674669402496591
960	pbcseq	data/diffprep_dataset/pbcseq/data.csv	18	LogisticRegression	0.8529398728721846
960	page-blocks	data/diffprep_dataset/page-blocks/data.csv	10	LogisticRegression	0.9866691348852258
960	ada_prior	data/diffprep_dataset/ada_prior/data.csv	14	LogisticRegression	0.9063485471591867
960	eeg	data/diffprep_dataset/eeg/data.csv	14	LogisticRegression	0.8003253677467759
960	obesity	data/diffprep_dataset/obesity/data.csv	16	LogisticRegression	0.8859288777093441
970	microaggregation2	data/diffprep_dataset/microaggregation2/data.csv	20	LogisticRegression	0.7689278249614849
970	google	data/diffprep_dataset/google/data.csv	8	LogisticRegression	0.797206970685065
970	jungle_chess_2pcs_raw_endgame_complete	data/diffprep_dataset/jungle_chess_2pcs_raw_endgame_complete/data.csv	6	LogisticRegression	0.8212646835824471
970	Run_or_walk_information	data/diffprep_dataset/Run_or_walk_information/data.csv	6	LogisticRegression	0.8981299003939873
970	wall-robot-navigation	data/diffprep_dataset/wall-robot-navigation/data.csv	24	LogisticRegression	0.9810475077457832
970	avila	data/diffprep_dataset/avila/data.csv	10	LogisticRegression	0.8683046945887974
970	shuttle	data/diffprep_dataset/shuttle/data.csv	9	LogisticRegression	0.982344135219425
970	abalone	data/diffprep_dataset/abalone/data.csv	8	LogisticRegression	0.49519219602572967
970	connect-4	data/diffprep_dataset/connect-4/data.csv	42	LogisticRegression	0.890671010543787
970	house_prices	data/diffprep_dataset/house_prices/data.csv	80	LogisticRegression	0.9669185626769791
970	USCensus	data/diffprep_dataset/USCensus/data.csv	14	LogisticRegression	0.921867009915487
970	pol	data/diffprep_dataset/pol/data.csv	48	LogisticRegression	0.9591663046625439
970	mozilla4	data/diffprep_dataset/mozilla4/data.csv	5	LogisticRegression	0.9649702472093928
970	pbcseq	data/diffprep_dataset/pbcseq/data.csv	18	LogisticRegression	0.8468905775751694
970	page-blocks	data/diffprep_dataset/page-blocks/data.csv	10	LogisticRegression	0.9792364931869324
970	ada_prior	data/diffprep_dataset/ada_prior/data.csv	14	LogisticRegression	0.9141698213201344
970	eeg	data/diffprep_dataset/eeg/data.csv	14	LogisticRegression	0.8207099079479944
970	obesity	data/diffprep_dataset/obesity/data.csv	16	LogisticRegression	0.9148111458788166
980	microaggregation2	data/diffprep_dataset/microaggregation2/data.csv	20	LogisticRegression	0.7559761901012492
980	google	data/diffprep_dataset/google/data.csv	8	LogisticRegression	0.7730796085203162
980	jungle_chess_2pcs_raw_endgame_complete	data/diffprep_dataset/jungle_chess_2pcs_raw_endgame_complete/data.csv	6	LogisticRegression	0.9266975811780119
980	Run_or_walk_information	data/diffprep_dataset/Run_or_walk_information/data.csv	6	LogisticRegression	0.985932203305961
980	wall-robot-navigation	data/diffprep_dataset/wall-robot-navigation/data.csv	24	LogisticRegression	0.9782431737352972
980	avila	data/diffprep_dataset/avila/data.csv	10	LogisticRegression	0.7287970804519757
980	shuttle	data/diffprep_dataset/shuttle/data.csv	9	LogisticRegression	0.9933398904358138
980	abalone	data/diffprep_dataset/abalone/data.csv	8	LogisticRegression	0.51647498630936
980	connect-4	data/diffprep_dataset/connect-4/data.csv	42	LogisticRegression	0.890671010543787
980	house_prices	data/diffprep_dataset/house_prices/data.csv	80	LogisticRegression	0.9615911471340486
980	USCensus	data/diffprep_dataset/USCensus/data.csv	14	LogisticRegression	0.904379707991068
980	pol	data/diffprep_dataset/pol/data.csv	48	LogisticRegression	0.9669539802906858
980	mozilla4	data/diffprep_dataset/mozilla4/data.csv	5	LogisticRegression	0.9478183376353976
980	pbcseq	data/diffprep_dataset/pbcseq/data.csv	18	LogisticRegression	0.8438496680160495
980	page-blocks	data/diffprep_dataset/page-blocks/data.csv	10	LogisticRegression	0.9820303262342949
980	ada_prior	data/diffprep_dataset/ada_prior/data.csv	14	LogisticRegression	0.896628710730869
980	eeg	data/diffprep_dataset/eeg/data.csv	14	LogisticRegression	0.8580880413934088
980	obesity	data/diffprep_dataset/obesity/data.csv	16	LogisticRegression	0.9096280381830255
990	microaggregation2	data/diffprep_dataset/microaggregation2/data.csv	20	LogisticRegression	0.7779781487933963
990	google	data/diffprep_dataset/google/data.csv	8	LogisticRegression	0.7713520541634106
990	jungle_chess_2pcs_raw_endgame_complete	data/diffprep_dataset/jungle_chess_2pcs_raw_endgame_complete/data.csv	6	LogisticRegression	0.8212646835824471
990	Run_or_walk_information	data/diffprep_dataset/Run_or_walk_information/data.csv	6	LogisticRegression	0.9353464654863453
990	wall-robot-navigation	data/diffprep_dataset/wall-robot-navigation/data.csv	24	LogisticRegression	0.9626733229605601
990	avila	data/diffprep_dataset/avila/data.csv	10	LogisticRegression	0.8127222706552187
990	shuttle	data/diffprep_dataset/shuttle/data.csv	9	LogisticRegression	0.9994394980912189
990	abalone	data/diffprep_dataset/abalone/data.csv	8	LogisticRegression	0.5023866484069891
990	connect-4	data/diffprep_dataset/connect-4/data.csv	42	LogisticRegression	0.8746563225933127
990	house_prices	data/diffprep_dataset/house_prices/data.csv	80	LogisticRegression	0.95980877090821
990	USCensus	data/diffprep_dataset/USCensus/data.csv	14	LogisticRegression	0.8977341523646173
990	pol	data/diffprep_dataset/pol/data.csv	48	LogisticRegression	0.9891073416638527
990	mozilla4	data/diffprep_dataset/mozilla4/data.csv	5	LogisticRegression	0.9724410961232555
990	pbcseq	data/diffprep_dataset/pbcseq/data.csv	18	LogisticRegression	0.8869229903128576
990	page-blocks	data/diffprep_dataset/page-blocks/data.csv	10	LogisticRegression	0.9848162334662391
990	ada_prior	data/diffprep_dataset/ada_prior/data.csv	14	LogisticRegression	0.91536716279115
990	eeg	data/diffprep_dataset/eeg/data.csv	14	LogisticRegression	0.8017837257372732
990	obesity	data/diffprep_dataset/obesity/data.csv	16	LogisticRegression	0.9540259349900136
1000	microaggregation2	data/diffprep_dataset/microaggregation2/data.csv	20	LogisticRegression	0.7779781487933963
1000	google	data/diffprep_dataset/google/data.csv	8	LogisticRegression	0.7785820239274243
1000	jungle_chess_2pcs_raw_endgame_complete	data/diffprep_dataset/jungle_chess_2pcs_raw_endgame_complete/data.csv	6	LogisticRegression	0.8719947434841504
1000	Run_or_walk_information	data/diffprep_dataset/Run_or_walk_information/data.csv	6	LogisticRegression	0.9858749565529265
1000	wall-robot-navigation	data/diffprep_dataset/wall-robot-navigation/data.csv	24	LogisticRegression	0.9564701588837807
1000	avila	data/diffprep_dataset/avila/data.csv	10	LogisticRegression	0.819912695341858
1000	shuttle	data/diffprep_dataset/shuttle/data.csv	9	LogisticRegression	0.9662404926596548
1000	abalone	data/diffprep_dataset/abalone/data.csv	8	LogisticRegression	0.5094795167525684
1000	connect-4	data/diffprep_dataset/connect-4/data.csv	42	LogisticRegression	0.8145454623547708
1000	house_prices	data/diffprep_dataset/house_prices/data.csv	80	LogisticRegression	0.9615911471340486
1000	USCensus	data/diffprep_dataset/USCensus/data.csv	14	LogisticRegression	0.9125765428545716
1000	pol	data/diffprep_dataset/pol/data.csv	48	LogisticRegression	0.9541138995598656
1000	mozilla4	data/diffprep_dataset/mozilla4/data.csv	5	LogisticRegression	0.9614639850415635
1000	pbcseq	data/diffprep_dataset/pbcseq/data.csv	18	LogisticRegression	0.8514315783712834
1000	page-blocks	data/diffprep_dataset/page-blocks/data.csv	10	LogisticRegression	0.9754989356816243
1000	ada_prior	data/diffprep_dataset/ada_prior/data.csv	14	LogisticRegression	0.91536716279115
1000	eeg	data/diffprep_dataset/eeg/data.csv	14	LogisticRegression	0.7486079649457653
1000	obesity	data/diffprep_dataset/obesity/data.csv	16	LogisticRegression	0.8265682851547358
1010	microaggregation2	data/diffprep_dataset/microaggregation2/data.csv	20	LogisticRegression	0.7673004626611403
1010	google	data/diffprep_dataset/google/data.csv	8	LogisticRegression	0.7580939982210257
1010	jungle_chess_2pcs_raw_endgame_complete	data/diffprep_dataset/jungle_chess_2pcs_raw_endgame_complete/data.csv	6	LogisticRegression	0.8350050167252108
1010	Run_or_walk_information	data/diffprep_dataset/Run_or_walk_information/data.csv	6	LogisticRegression	0.8487954852738078
1010	wall-robot-navigation	data/diffprep_dataset/wall-robot-navigation/data.csv	24	LogisticRegression	0.8220852606780977
1010	avila	data/diffprep_dataset/avila/data.csv	10	LogisticRegression	0.7253371900646265
1010	shuttle	data/diffprep_dataset/shuttle/data.csv	9	LogisticRegression	0.9998706812935084
1010	abalone	data/diffprep_dataset/abalone/data.csv	8	LogisticRegression	0.5118219636631847
1010	connect-4	data/diffprep_dataset/connect-4/data.csv	42	LogisticRegression	0.8146363156774954
1010	house_prices	data/diffprep_dataset/house_prices/data.csv	80	LogisticRegression	0.9615911471340486
1010	USCensus	data/diffprep_dataset/USCensus/data.csv	14	LogisticRegression	0.9210338719143683
1010	pol	data/diffprep_dataset/pol/data.csv	48	LogisticRegression	0.9446339679120868
1010	mozilla4	data/diffprep_dataset/mozilla4/data.csv	5	LogisticRegression	0.9437372924682162
1010	pbcseq	data/diffprep_dataset/pbcseq/data.csv	18	LogisticRegression	0.8468905775751694
1010	page-blocks	data/diffprep_dataset/page-blocks/data.csv	10	LogisticRegression	0.9773695010345429
1010	ada_prior	data/diffprep_dataset/ada_prior/data.csv	14	LogisticRegression	0.9159652465941253
1010	eeg	data/diffprep_dataset/eeg/data.csv	14	LogisticRegression	0.7999082056815575
1010	obesity	data/diffprep_dataset/obesity/data.csv	16	LogisticRegression	0.74376843799781
1020	microaggregation2	data/diffprep_dataset/microaggregation2/data.csv	20	LogisticRegression	0.7932527970325727
1020	google	data/diffprep_dataset/google/data.csv	8	LogisticRegression	0.7595004818016842
1020	jungle_chess_2pcs_raw_endgame_complete	data/diffprep_dataset/jungle_chess_2pcs_raw_endgame_complete/data.csv	6	LogisticRegression	0.8350050167252108
1020	Run_or_walk_information	data/diffprep_dataset/Run_or_walk_information/data.csv	6	LogisticRegression	0.9858749565529265
1020	wall-robot-navigation	data/diffprep_dataset/wall-robot-navigation/data.csv	24	LogisticRegression	0.9297681778103962
1020	avila	data/diffprep_dataset/avila/data.csv	10	LogisticRegression	0.7877232420623946
1020	shuttle	data/diffprep_dataset/shuttle/data.csv	9	LogisticRegression	0.9998275713410754
1020	abalone	data/diffprep_dataset/abalone/data.csv	8	LogisticRegression	0.5
1020	connect-4	data/diffprep_dataset/connect-4/data.csv	42	LogisticRegression	0.8724111664457614
1020	house_prices	data/diffprep_dataset/house_prices/data.csv	80	LogisticRegression	0.9562340517069216
1020	USCensus	data/diffprep_dataset/USCensus/data.csv	14	LogisticRegression	0.9044645904078856
1020	pol	data/diffprep_dataset/pol/data.csv	48	LogisticRegression	0.9669539802906858
1020	mozilla4	data/diffprep_dataset/mozilla4/data.csv	5	LogisticRegression	0.9696255407574413
1020	pbcseq	data/diffprep_dataset/pbcseq/data.csv	18	LogisticRegression	0.8723104091270867
1020	page-blocks	data/diffprep_dataset/page-blocks/data.csv	10	LogisticRegression	0.9551590271380404
1020	ada_prior	data/diffprep_dataset/ada_prior/data.csv	14	LogisticRegression	0.9075562073179831
1020	eeg	data/diffprep_dataset/eeg/data.csv	14	LogisticRegression	0.8736996822973337
1020	obesity	data/diffprep_dataset/obesity/data.csv	16	LogisticRegression	0.9675588936937934
1030	microaggregation2	data/diffprep_dataset/microaggregation2/data.csv	20	LogisticRegression	0.7686026281505938
1030	google	data/diffprep_dataset/google/data.csv	8	LogisticRegression	0.7995462961053569
1030	jungle_chess_2pcs_raw_endgame_complete	data/diffprep_dataset/jungle_chess_2pcs_raw_endgame_complete/data.csv	6	LogisticRegression	0.871482859234882
1030	Run_or_walk_information	data/diffprep_dataset/Run_or_walk_information/data.csv	6	LogisticRegression	0.9511727779219495
1030	wall-robot-navigation	data/diffprep_dataset/wall-robot-navigation/data.csv	24	LogisticRegression	0.9463637755136212
1030	avila	data/diffprep_dataset/avila/data.csv	10	LogisticRegression	0.8081401862383287
1030	shuttle	data/diffprep_dataset/shuttle/data.csv	9	LogisticRegression	0.9998706812935084
1030	abalone	data/diffprep_dataset/abalone/data.csv	8	LogisticRegression	0.5059455121295366
1030	connect-4	data/diffprep_dataset/connect-4/data.csv	42	LogisticRegression	0.8724111664457614
1030	house_prices	data/diffprep_dataset/house_prices/data.csv	80	LogisticRegression	0.9526459187837538
1030	USCensus	data/diffprep_dataset/USCensus/data.csv	14	LogisticRegression	0.9205336271746971
1030	pol	data/diffprep_dataset/pol/data.csv	48	LogisticRegression	0.9660917830792959
1030	mozilla4	data/diffprep_dataset/mozilla4/data.csv	5	LogisticRegression	0.9322498267449912
1030	pbcseq	data/diffprep_dataset/pbcseq/data.csv	18	LogisticRegression	0.7399715133820806
1030	page-blocks	data/diffprep_dataset/page-blocks/data.csv	10	LogisticRegression	0.9792364931869324
1030	ada_prior	data/diffprep_dataset/ada_prior/data.csv	14	LogisticRegression	0.9141698213201344
1030	eeg	data/diffprep_dataset/eeg/data.csv	14	LogisticRegression	0.8580880413934088
1030	obesity	data/diffprep_dataset/obesity/data.csv	16	LogisticRegression	0.8615780782204108
1040	microaggregation2	data/diffprep_dataset/microaggregation2/data.csv	20	LogisticRegression	0.7673004626611403
1040	google	data/diffprep_dataset/google/data.csv	8	LogisticRegression	0.7813187002878043
1040	jungle_chess_2pcs_raw_endgame_complete	data/diffprep_dataset/jungle_chess_2pcs_raw_endgame_complete/data.csv	6	LogisticRegression	0.8340024087790001
1040	Run_or_walk_information	data/diffprep_dataset/Run_or_walk_information/data.csv	6	LogisticRegression	0.9607079171100695
1040	wall-robot-navigation	data/diffprep_dataset/wall-robot-navigation/data.csv	24	LogisticRegression	0.9669445097737951
1040	avila	data/diffprep_dataset/avila/data.csv	10	LogisticRegression	0.866647623050759
1040	shuttle	data/diffprep_dataset/shuttle/data.csv	9	LogisticRegression	0.9951173904066068
1040	abalone	data/diffprep_dataset/abalone/data.csv	8	LogisticRegression	0.507126250053005
1040	connect-4	data/diffprep_dataset/connect-4/data.csv	42	LogisticRegression	0.8795081784038272
1040	house_prices	data/diffprep_dataset/house_prices/data.csv	80	LogisticRegression	0.95980877090821
1040	USCensus	data/diffprep_dataset/USCensus/data.csv	14	LogisticRegression	0.9157676732909951
1040	pol	data/diffprep_dataset/pol/data.csv	48	LogisticRegression	0.9453394452082631
1040	mozilla4	data/diffprep_dataset/mozilla4/data.csv	5	LogisticRegression	0.9696255407574413
1040	pbcseq	data/diffprep_dataset/pbcseq/data.csv	18	LogisticRegression	0.8619342151577695
1040	page-blocks	data/diffprep_dataset/page-blocks/data.csv	10	LogisticRegression	0.9787700790174926
1040	ada_prior	data/diffprep_dataset/ada_prior/data.csv	14	LogisticRegression	0.8941822431133563
1040	eeg	data/diffprep_dataset/eeg/data.csv	14	LogisticRegression	0.8001168139014768
1040	obesity	data/diffprep_dataset/obesity/data.csv	16	LogisticRegression	0.9212490236593907
1050	microaggregation2	data/diffprep_dataset/microaggregation2/data.csv	20	LogisticRegression	0.7681145747868608
1050	google	data/diffprep_dataset/google/data.csv	8	LogisticRegression	0.7595004818016842
1050	jungle_chess_2pcs_raw_endgame_complete	data/diffprep_dataset/jungle_chess_2pcs_raw_endgame_complete/data.csv	6	LogisticRegression	0.8919166972946438
1050	Run_or_walk_information	data/diffprep_dataset/Run_or_walk_information/data.csv	6	LogisticRegression	0.9858749565529265
1050	wall-robot-navigation	data/diffprep_dataset/wall-robot-navigation/data.csv	24	LogisticRegression	0.9726102487485395
1050	avila	data/diffprep_dataset/avila/data.csv	10	LogisticRegression	0.7896976791993391
1050	shuttle	data/diffprep_dataset/shuttle/data.csv	9	LogisticRegression	0.9643650760992956
1050	abalone	data/diffprep_dataset/abalone/data.csv	8	LogisticRegression	0.5267940410848324
1050	connect-4	data/diffprep_dataset/connect-4/data.csv	42	LogisticRegression	0.8131359377656162
1050	house_prices	data/diffprep_dataset/house_prices/data.csv	80	LogisticRegression	0.9490442199954907
1050	USCensus	data/diffprep_dataset/USCensus/data.csv	14	LogisticRegression	0.9052281739887227
1050	pol	data/diffprep_dataset/pol/data.csv	48	LogisticRegression	0.9430447143870397
1050	mozilla4	data/diffprep_dataset/mozilla4/data.csv	5	LogisticRegression	0.9614639850415635
1050	pbcseq	data/diffprep_dataset/pbcseq/data.csv	18	LogisticRegression	0.8514315783712834
1050	page-blocks	data/diffprep_dataset/page-blocks/data.csv	10	LogisticRegression	0.9773695010345429
1050	ada_prior	data/diffprep_dataset/ada_prior/data.csv	14	LogisticRegression	0.9087622626106541
1050	eeg	data/diffprep_dataset/eeg/data.csv	14	LogisticRegression	0.8594483901785536
1050	obesity	data/diffprep_dataset/obesity/data.csv	16	LogisticRegression	0.9402982274263746
1060	microaggregation2	data/diffprep_dataset/microaggregation2/data.csv	20	LogisticRegression	0.776530746332687
1060	google	data/diffprep_dataset/google/data.csv	8	LogisticRegression	0.7813187002878043
1060	jungle_chess_2pcs_raw_endgame_complete	data/diffprep_dataset/jungle_chess_2pcs_raw_endgame_complete/data.csv	6	LogisticRegression	0.8716108584805212
1060	Run_or_walk_information	data/diffprep_dataset/Run_or_walk_information/data.csv	6	LogisticRegression	0.8474645624868076
1060	wall-robot-navigation	data/diffprep_dataset/wall-robot-navigation/data.csv	24	LogisticRegression	0.9297681778103962
1060	avila	data/diffprep_dataset/avila/data.csv	10	LogisticRegression	0.7287970804519757
1060	shuttle	data/diffprep_dataset/shuttle/data.csv	9	LogisticRegression	0.9771086834689091
1060	abalone	data/diffprep_dataset/abalone/data.csv	8	LogisticRegression	0.5023866484069891
1060	connect-4	data/diffprep_dataset/connect-4/data.csv	42	LogisticRegression	0.880601414597635
1060	house_prices	data/diffprep_dataset/house_prices/data.csv	80	LogisticRegression	0.95980877090821
1060	USCensus	data/diffprep_dataset/USCensus/data.csv	14	LogisticRegression	0.8990159589558127
1060	pol	data/diffprep_dataset/pol/data.csv	48	LogisticRegression	0.9743373816770725
1060	mozilla4	data/diffprep_dataset/mozilla4/data.csv	5	LogisticRegression	0.9459500441399444
1060	pbcseq	data/diffprep_dataset/pbcseq/data.csv	18	LogisticRegression	0.8955761024446347
1060	page-blocks	data/diffprep_dataset/page-blocks/data.csv	10	LogisticRegression	0.9806344046669169
1060	ada_prior	data/diffprep_dataset/ada_prior/data.csv	14	LogisticRegression	0.9159652465941253
1060	eeg	data/diffprep_dataset/eeg/data.csv	14	LogisticRegression	0.8852748813150164
1060	obesity	data/diffprep_dataset/obesity/data.csv	16	LogisticRegression	0.8778869968260251
1070	microaggregation2	data/diffprep_dataset/microaggregation2/data.csv	20	LogisticRegression	0.7891451070620663
1070	google	data/diffprep_dataset/google/data.csv	8	LogisticRegression	0.7713520541634106
1070	jungle_chess_2pcs_raw_endgame_complete	data/diffprep_dataset/jungle_chess_2pcs_raw_endgame_complete/data.csv	6	LogisticRegression	0.8336679381785109
1070	Run_or_walk_information	data/diffprep_dataset/Run_or_walk_information/data.csv	6	LogisticRegression	0.9165114441328865
1070	wall-robot-navigation	data/diffprep_dataset/wall-robot-navigation/data.csv	24	LogisticRegression	0.9626733229605601
1070	avila	data/diffprep_dataset/avila/data.csv	10	LogisticRegression	0.8127222706552187
1070	shuttle	data/diffprep_dataset/shuttle/data.csv	9	LogisticRegression	0.9998706812935084
1070	abalone	data/diffprep_dataset/abalone/data.csv	8	LogisticRegression	0.5106520833593401
1070	connect-4	data/diffprep_dataset/connect-4/data.csv	42	LogisticRegression	0.8146817385393711
1070	house_prices	data/diffprep_dataset/house_prices/data.csv	80	LogisticRegression	0.9562340517069216
1070	USCensus	data/diffprep_dataset/USCensus/data.csv	14	LogisticRegression	0.9210338719143683
1070	pol	data/diffprep_dataset/pol/data.csv	48	LogisticRegression	0.9743373816770725
1070	mozilla4	data/diffprep_dataset/mozilla4/data.csv	5	LogisticRegression	0.9696255407574413
1070	pbcseq	data/diffprep_dataset/pbcseq/data.csv	18	LogisticRegression	0.8663963720618011
1070	page-blocks	data/diffprep_dataset/page-blocks/data.csv	10	LogisticRegression	0.9787700790174926
1070	ada_prior	data/diffprep_dataset/ada_prior/data.csv	14	LogisticRegression	0.920735931189595
1070	eeg	data/diffprep_dataset/eeg/data.csv	14	LogisticRegression	0.8580880413934088
1070	obesity	data/diffprep_dataset/obesity/data.csv	16	LogisticRegression	0.8711287208139509
1080	microaggregation2	data/diffprep_dataset/microaggregation2/data.csv	20	LogisticRegression	0.7779781487933963
1080	google	data/diffprep_dataset/google/data.csv	8	LogisticRegression	0.8104836033451605
1080	jungle_chess_2pcs_raw_endgame_complete	data/diffprep_dataset/jungle_chess_2pcs_raw_endgame_complete/data.csv	6	LogisticRegression	0.8716108584805212
1080	Run_or_walk_information	data/diffprep_dataset/Run_or_walk_information/data.csv	6	LogisticRegression	0.9858749565529265
1080	wall-robot-navigation	data/diffprep_dataset/wall-robot-navigation/data.csv	24	LogisticRegression	0.8781015152374303
1080	avila	data/diffprep_dataset/avila/data.csv	10	LogisticRegression	0.866647623050759
1080	shuttle	data/diffprep_dataset/shuttle/data.csv	9	LogisticRegression	0.9871152676988326
1080	abalone	data/diffprep_dataset/abalone/data.csv	8	LogisticRegression	0.518785847899556
1080	connect-4	data/diffprep_dataset/connect-4/data.csv	42	LogisticRegression	0.8647425925280593
1080	house_prices	data/diffprep_dataset/house_prices/data.csv	80	LogisticRegression	0.9526459187837538
1080	USCensus	data/diffprep_dataset/USCensus/data.csv	14	LogisticRegression	0.8989305620466714
1080	pol	data/diffprep_dataset/pol/data.csv	48	LogisticRegression	0.9669539802906858
1080	mozilla4	data/diffprep_dataset/mozilla4/data.csv	5	LogisticRegression	0.9659696987949616
1080	pbcseq	data/diffprep_dataset/pbcseq/data.csv	18	LogisticRegression	0.8589465659078176
1080	page-blocks	data/diffprep_dataset/page-blocks/data.csv	10	LogisticRegression	0.9815652396222593
1080	ada_prior	data/diffprep_dataset/ada_prior/data.csv	14	LogisticRegression	0.9105683503729887
1080	eeg	data/diffprep_dataset/eeg/data.csv	14	LogisticRegression	0.8594483901785536
1080	obesity	data/diffprep_dataset/obesity/data.csv	16	LogisticRegression	0.9186792863702076
1090	microaggregation2	data/diffprep_dataset/microaggregation2/data.csv	20	LogisticRegression	0.793882862896032
1090	google	data/diffprep_dataset/google/data.csv	8	LogisticRegression	0.8144243896434491
1090	jungle_chess_2pcs_raw_endgame_complete	data/diffprep_dataset/jungle_chess_2pcs_raw_endgame_complete/data.csv	6	LogisticRegression	0.871482859234882
1090	Run_or_walk_information	data/diffprep_dataset/Run_or_walk_information/data.csv	6	LogisticRegression	0.987762347610059
1090	wall-robot-navigation	data/diffprep_dataset/wall-robot-navigation/data.csv	24	LogisticRegression	0.9726102487485395
1090	avila	data/diffprep_dataset/avila/data.csv	10	LogisticRegression	0.7773136939622732
1090	shuttle	data/diffprep_dataset/shuttle/data.csv	9	LogisticRegression	0.9987060594105996
1090	abalone	data/diffprep_dataset/abalone/data.csv	8	LogisticRegression	0.5267940410848324
1090	connect-4	data/diffprep_dataset/connect-4/data.csv	42	LogisticRegression	0.890671010543787
1090	house_prices	data/diffprep_dataset/house_prices/data.csv	80	LogisticRegression	0.9669185626769791
1090	USCensus	data/diffprep_dataset/USCensus/data.csv	14	LogisticRegression	0.8897457357482557
1090	pol	data/diffprep_dataset/pol/data.csv	48	LogisticRegression	0.9430447143870397
1090	mozilla4	data/diffprep_dataset/mozilla4/data.csv	5	LogisticRegression	0.9696255407574413
1090	pbcseq	data/diffprep_dataset/pbcseq/data.csv	18	LogisticRegression	0.855948488467633
1090	page-blocks	data/diffprep_dataset/page-blocks/data.csv	10	LogisticRegression	0.9824951926869505
1090	ada_prior	data/diffprep_dataset/ada_prior/data.csv	14	LogisticRegression	0.920735931189595
1090	eeg	data/diffprep_dataset/eeg/data.csv	14	LogisticRegression	0.8600307381099771
1090	obesity	data/diffprep_dataset/obesity/data.csv	16	LogisticRegression	0.9263671131731709
1100	microaggregation2	data/diffprep_dataset/microaggregation2/data.csv	20	LogisticRegression	0.79435508432942
1100	google	data/diffprep_dataset/google/data.csv	8	LogisticRegression	0.7785820239274243
1100	jungle_chess_2pcs_raw_endgame_complete	data/diffprep_dataset/jungle_chess_2pcs_raw_endgame_complete/data.csv	6	LogisticRegression	0.8221471437193746
1100	Run_or_walk_information	data/diffprep_dataset/Run_or_walk_information/data.csv	6	LogisticRegression	0.9858749565529265
1100	wall-robot-navigation	data/diffprep_dataset/wall-robot-navigation/data.csv	24	LogisticRegression	0.9555122516240506
1100	avila	data/diffprep_dataset/avila/data.csv	10	LogisticRegression	0.866647623050759
1100	shuttle	data/diffprep_dataset/shuttle/data.csv	9	LogisticRegression	0.9985334073115638
1100	abalone	data/diffprep_dataset/abalone/data.csv	8	LogisticRegression	0.5094795167525684
1100	connect-4	data/diffprep_dataset/connect-4/data.csv	42	LogisticRegression	0.890671010543787
1100	house_prices	data/diffprep_dataset/house_prices/data.csv	80	LogisticRegression	0.9633702257080722
1100	USCensus	data/diffprep_dataset/USCensus/data.csv	14	LogisticRegression	0.9201165488028843
1100	pol	data/diffprep_dataset/pol/data.csv	48	LogisticRegression	0.9743373816770725
1100	mozilla4	data/diffprep_dataset/mozilla4/data.csv	5	LogisticRegression	0.9433964084793212
1100	pbcseq	data/diffprep_dataset/pbcseq/data.csv	18	LogisticRegression	0.8392676450028239
1100	page-blocks	data/diffprep_dataset/page-blocks/data.csv	10	LogisticRegression	0.9792364931869324
1100	ada_prior	data/diffprep_dataset/ada_prior/data.csv	14	LogisticRegression	0.9147686879558149
1100	eeg	data/diffprep_dataset/eeg/data.csv	14	LogisticRegression	0.7633983468989595
1100	obesity	data/diffprep_dataset/obesity/data.csv	16	LogisticRegression	0.8222669465824832
1110	microaggregation2	data/diffprep_dataset/microaggregation2/data.csv	20	LogisticRegression	0.7572978278062074
1110	google	data/diffprep_dataset/google/data.csv	8	LogisticRegression	0.8078457327082046
1110	jungle_chess_2pcs_raw_endgame_complete	data/diffprep_dataset/jungle_chess_2pcs_raw_endgame_complete/data.csv	6	LogisticRegression	0.8340024087790001
1110	Run_or_walk_information	data/diffprep_dataset/Run_or_walk_information/data.csv	6	LogisticRegression	0.9342596954073211
1110	wall-robot-navigation	data/diffprep_dataset/wall-robot-navigation/data.csv	24	LogisticRegression	0.9810475077457832
1110	avila	data/diffprep_dataset/avila/data.csv	10	LogisticRegression	0.7937827409121496
1110	shuttle	data/diffprep_dataset/shuttle/data.csv	9	LogisticRegression	0.9984902396221456
1110	abalone	data/diffprep_dataset/abalone/data.csv	8	LogisticRegression	0.51647498630936
1110	connect-4	data/diffprep_dataset/connect-4/data.csv	42	LogisticRegression	0.890671010543787
1110	house_prices	data/diffprep_dataset/house_prices/data.csv	80	LogisticRegression	0.9651460248662211
1110	USCensus	data/diffprep_dataset/USCensus/data.csv	14	LogisticRegression	0.9205336271746971
1110	pol	data/diffprep_dataset/pol/data.csv	48	LogisticRegression	0.957601169589929
1110	mozilla4	data/diffprep_dataset/mozilla4/data.csv	5	LogisticRegression	0.9696255407574413
1110	pbcseq	data/diffprep_dataset/pbcseq/data.csv	18	LogisticRegression	0.8955761024446347
1110	page-blocks	data/diffprep_dataset/page-blocks/data.csv	10	LogisticRegression	0.9824951926869505
1110	ada_prior	data/diffprep_dataset/ada_prior/data.csv	14	LogisticRegression	0.896628710730869
1110	eeg	data/diffprep_dataset/eeg/data.csv	14	LogisticRegression	0.8011590402308759
1110	obesity	data/diffprep_dataset/obesity/data.csv	16	LogisticRegression	0.9212490236593907
1120	microaggregation2	data/diffprep_dataset/microaggregation2/data.csv	20	LogisticRegression	0.7789415895944959
1120	google	data/diffprep_dataset/google/data.csv	8	LogisticRegression	0.7559793664918151
1120	jungle_chess_2pcs_raw_endgame_complete	data/diffprep_dataset/jungle_chess_2pcs_raw_endgame_complete/data.csv	6	LogisticRegression	0.8338686366378271
1120	Run_or_walk_information	data/diffprep_dataset/Run_or_walk_information/data.csv	6	LogisticRegression	0.9289890510436734
1120	wall-robot-navigation	data/diffprep_dataset/wall-robot-navigation/data.csv	24	LogisticRegression	0.8198543603355246
1120	avila	data/diffprep_dataset/avila/data.csv	10	LogisticRegression	0.7937827409121496
1120	shuttle	data/diffprep_dataset/shuttle/data.csv	9	LogisticRegression	0.9998706812935084
1120	abalone	data/diffprep_dataset/abalone/data.csv	8	LogisticRegression	0.5106520833593401
1120	connect-4	data/diffprep_dataset/connect-4/data.csv	42	LogisticRegression	0.870585370262638
1120	house_prices	data/diffprep_dataset/house_prices/data.csv	80	LogisticRegression	0.95980877090821
1120	USCensus	data/diffprep_dataset/USCensus/data.csv	14	LogisticRegression	0.919699281288431
1120	pol	data/diffprep_dataset/pol/data.csv	48	LogisticRegression	0.9506138367742533
1120	mozilla4	data/diffprep_dataset/mozilla4/data.csv	5	LogisticRegression	0.9305231169338455
1120	pbcseq	data/diffprep_dataset/pbcseq/data.csv	18	LogisticRegression	0.8377347347825459
1120	page-blocks	data/diffprep_dataset/page-blocks/data.csv	10	LogisticRegression	0.9848162334662391
1120	ada_prior	data/diffprep_dataset/ada_prior/data.csv	14	LogisticRegression	0.9008940429763744
1120	eeg	data/diffprep_dataset/eeg/data.csv	14	LogisticRegression	0.7541606887522573
1120	obesity	data/diffprep_dataset/obesity/data.csv	16	LogisticRegression	0.8033617310539418
1130	microaggregation2	data/diffprep_dataset/microaggregation2/data.csv	20	LogisticRegression	0.7686026281505938
1130	google	data/diffprep_dataset/google/data.csv	8	LogisticRegression	0.7785820239274243
1130	jungle_chess_2pcs_raw_endgame_complete	data/diffprep_dataset/jungle_chess_2pcs_raw_endgame_complete/data.csv	6	LogisticRegression	0.8340024087790001
1130	Run_or_walk_information	data/diffprep_dataset/Run_or_walk_information/data.csv	6	LogisticRegression	0.7905783389043043
1130	wall-robot-navigation	data/diffprep_dataset/wall-robot-navigation/data.csv	24	LogisticRegression	0.9626733229605601
1130	avila	data/diffprep_dataset/avila/data.csv	10	LogisticRegression	0.8081401862383287
1130	shuttle	data/diffprep_dataset/shuttle/data.csv	9	LogisticRegression	0.9660174197044347
1130	abalone	data/diffprep_dataset/abalone/data.csv	8	LogisticRegression	0.5118219636631847
1130	connect-4	data/diffprep_dataset/connect-4/data.csv	42	LogisticRegression	0.8273020343317627
1130	house_prices	data/diffprep_dataset/house_prices/data.csv	80	LogisticRegression	0.9669185626769791
1130	USCensus	data/diffprep_dataset/USCensus/data.csv	14	LogisticRegression	0.9101336788479226
1130	pol	data/diffprep_dataset/pol/data.csv	48	LogisticRegression	0.9506138367742533
1130	mozilla4	data/diffprep_dataset/mozilla4/data.csv	5	LogisticRegression	0.9674669402496591
1130	pbcseq	data/diffprep_dataset/pbcseq/data.csv	18	LogisticRegression	0.8499206072101154
1130	page-blocks	data/diffprep_dataset/page-blocks/data.csv	10	LogisticRegression	0.9824951926869505
1130	ada_prior	data/diffprep_dataset/ada_prior/data.csv	14	LogisticRegression	0.896628710730869
1130	eeg	data/diffprep_dataset/eeg/data.csv	14	LogisticRegression	0.9294183259254619
1130	obesity	data/diffprep_dataset/obesity/data.csv	16	LogisticRegression	0.9540259349900136
1140	microaggregation2	data/diffprep_dataset/microaggregation2/data.csv	20	LogisticRegression	0.7779781487933963
1140	google	data/diffprep_dataset/google/data.csv	8	LogisticRegression	0.8124563858255592
1140	jungle_chess_2pcs_raw_endgame_complete	data/diffprep_dataset/jungle_chess_2pcs_raw_endgame_complete/data.csv	6	LogisticRegression	0.9280809370911877
1140	Run_or_walk_information	data/diffprep_dataset/Run_or_walk_information/data.csv	6	LogisticRegression	0.8473979614758606
1140	wall-robot-navigation	data/diffprep_dataset/wall-robot-navigation/data.csv	24	LogisticRegression	0.9640991543856781
1140	avila	data/diffprep_dataset/avila/data.csv	10	LogisticRegression	0.8368318194300104
1140	shuttle	data/diffprep_dataset/shuttle/data.csv	9	LogisticRegression	0.9987060594105996
1140	abalone	data/diffprep_dataset/abalone/data.csv	8	LogisticRegression	0.5153156695021507
1140	connect-4	data/diffprep_dataset/connect-4/data.csv	42	LogisticRegression	0.890671010543787
1140	house_prices	data/diffprep_dataset/house_prices/data.csv	80	LogisticRegression	0.9508467747440151
1140	USCensus	data/diffprep_dataset/USCensus/data.csv	14	LogisticRegression	0.9044645904078856
1140	pol	data/diffprep_dataset/pol/data.csv	48	LogisticRegression	0.9259229629582222
1140	mozilla4	data/diffprep_dataset/mozilla4/data.csv	5	LogisticRegression	0.9659696987949616
1140	pbcseq	data/diffprep_dataset/pbcseq/data.csv	18	LogisticRegression	0.855948488467633
1140	page-blocks	data/diffprep_dataset/page-blocks/data.csv	10	LogisticRegression	0.9769021954849825
1140	ada_prior	data/diffprep_dataset/ada_prior/data.csv	14	LogisticRegression	0.9105683503729887
1140	eeg	data/diffprep_dataset/eeg/data.csv	14	LogisticRegression	0.8600307381099771
1140	obesity	data/diffprep_dataset/obesity/data.csv	16	LogisticRegression	0.8859288777093441
1150	microaggregation2	data/diffprep_dataset/microaggregation2/data.csv	20	LogisticRegression	0.7891451070620663
1150	google	data/diffprep_dataset/google/data.csv	8	LogisticRegression	0.7720435397833713
1150	jungle_chess_2pcs_raw_endgame_complete	data/diffprep_dataset/jungle_chess_2pcs_raw_endgame_complete/data.csv	6	LogisticRegression	0.9280809370911877
1150	Run_or_walk_information	data/diffprep_dataset/Run_or_walk_information/data.csv	6	LogisticRegression	0.7732548196692839
1150	wall-robot-navigation	data/diffprep_dataset/wall-robot-navigation/data.csv	24	LogisticRegression	0.9669445097737951
1150	avila	data/diffprep_dataset/avila/data.csv	10	LogisticRegression	0.7877232420623946
1150	shuttle	data/diffprep_dataset/shuttle/data.csv	9	LogisticRegression	0.9783871316152645
1150	abalone	data/diffprep_dataset/abalone/data.csv	8	LogisticRegression	0.5118219636631847
1150	connect-4	data/diffprep_dataset/connect-4/data.csv	42	LogisticRegression	0.8796764570198136
1150	house_prices	data/diffprep_dataset/house_prices/data.csv	80	LogisticRegression	0.9633702257080722
1150	USCensus	data/diffprep_dataset/USCensus/data.csv	14	LogisticRegression	0.896022224505577
1150	pol	data/diffprep_dataset/pol/data.csv	48	LogisticRegression	0.9894442884771228
1150	mozilla4	data/diffprep_dataset/mozilla4/data.csv	5	LogisticRegression	0.9433964084793212
1150	pbcseq	data/diffprep_dataset/pbcseq/data.csv	18	LogisticRegression	0.8574488375392606
1150	page-blocks	data/diffprep_dataset/page-blocks/data.csv	10	LogisticRegression	0.9769021954849825
1150	ada_prior	data/diffprep_dataset/ada_prior/data.csv	14	LogisticRegression	0.920735931189595
1150	eeg	data/diffprep_dataset/eeg/data.csv	14	LogisticRegression	0.8207099079479944
1150	obesity	data/diffprep_dataset/obesity/data.csv	16	LogisticRegression	0.9212490236593907
1160	microaggregation2	data/diffprep_dataset/microaggregation2/data.csv	20	LogisticRegression	0.7808649050892222
1160	google	data/diffprep_dataset/google/data.csv	8	LogisticRegression	0.7796094033370887
1160	jungle_chess_2pcs_raw_endgame_complete	data/diffprep_dataset/jungle_chess_2pcs_raw_endgame_complete/data.csv	6	LogisticRegression	0.9280809370911877
1160	Run_or_walk_information	data/diffprep_dataset/Run_or_walk_information/data.csv	6	LogisticRegression	0.9129636644848477
1160	wall-robot-navigation	data/diffprep_dataset/wall-robot-navigation/data.csv	24	LogisticRegression	0.9810475077457832
1160	avila	data/diffprep_dataset/avila/data.csv	10	LogisticRegression	0.866647623050759
1160	shuttle	data/diffprep_dataset/shuttle/data.csv	9	LogisticRegression	0.9700693185327638
1160	abalone	data/diffprep_dataset/abalone/data.csv	8	LogisticRegression	0.5222329678670935
1160	connect-4	data/diffprep_dataset/connect-4/data.csv	42	LogisticRegression	0.8149088148708259
1160	house_prices	data/diffprep_dataset/house_prices/data.csv	80	LogisticRegression	0.9615911471340486
1160	USCensus	data/diffprep_dataset/USCensus/data.csv	14	LogisticRegression	0.9201165488028843
1160	pol	data/diffprep_dataset/pol/data.csv	48	LogisticRegression	0.9506138367742533
1160	mozilla4	data/diffprep_dataset/mozilla4/data.csv	5	LogisticRegression	0.9368960475549523
1160	pbcseq	data/diffprep_dataset/pbcseq/data.csv	18	LogisticRegression	0.8064648808925969
1160	page-blocks	data/diffprep_dataset/page-blocks/data.csv	10	LogisticRegression	0.9778365832600271
1160	ada_prior	data/diffprep_dataset/ada_prior/data.csv	14	LogisticRegression	0.9111695840802098
1160	eeg	data/diffprep_dataset/eeg/data.csv	14	LogisticRegression	0.8580880413934088
1160	obesity	data/diffprep_dataset/obesity/data.csv	16	LogisticRegression	0.8615780782204108
1170	microaggregation2	data/diffprep_dataset/microaggregation2/data.csv	20	LogisticRegression	0.7574628703771559
1170	google	data/diffprep_dataset/google/data.csv	8	LogisticRegression	0.7854058355870377
1170	jungle_chess_2pcs_raw_endgame_complete	data/diffprep_dataset/jungle_chess_2pcs_raw_endgame_complete/data.csv	6	LogisticRegression	0.8205172452511732
1170	Run_or_walk_information	data/diffprep_dataset/Run_or_walk_information/data.csv	6	LogisticRegression	0.9116335569641404
1170	wall-robot-navigation	data/diffprep_dataset/wall-robot-navigation/data.csv	24	LogisticRegression	0.9238397336550607
1170	avila	data/diffprep_dataset/avila/data.csv	10	LogisticRegression	0.8368318194300104
1170	shuttle	data/diffprep_dataset/shuttle/data.csv	9	LogisticRegression	0.9871152676988326
1170	abalone	data/diffprep_dataset/abalone/data.csv	8	LogisticRegression	0.512989176042577
1170	connect-4	data/diffprep_dataset/connect-4/data.csv	42	LogisticRegression	0.8723263304299586
1170	house_prices	data/diffprep_dataset/house_prices/data.csv	80	LogisticRegression	0.9526459187837538
1170	USCensus	data/diffprep_dataset/USCensus/data.csv	14	LogisticRegression	0.91994966450863
1170	pol	data/diffprep_dataset/pol/data.csv	48	LogisticRegression	0.9774115475751928
1170	mozilla4	data/diffprep_dataset/mozilla4/data.csv	5	LogisticRegression	0.9649702472093928
1170	pbcseq	data/diffprep_dataset/pbcseq/data.csv	18	LogisticRegression	0.854445504887598
1170	page-blocks	data/diffprep_dataset/page-blocks/data.csv	10	LogisticRegression	0.9880565306512361
1170	ada_prior	data/diffprep_dataset/ada_prior/data.csv	14	LogisticRegression	0.9063485471591867
1170	eeg	data/diffprep_dataset/eeg/data.csv	14	LogisticRegression	0.759453109393303
1170	obesity	data/diffprep_dataset/obesity/data.csv	16	LogisticRegression	0.9540259349900136
1180	microaggregation2	data/diffprep_dataset/microaggregation2/data.csv	20	LogisticRegression	0.7779781487933963
1180	google	data/diffprep_dataset/google/data.csv	8	LogisticRegression	0.7796094033370887
1180	jungle_chess_2pcs_raw_endgame_complete	data/diffprep_dataset/jungle_chess_2pcs_raw_endgame_complete/data.csv	6	LogisticRegression	0.8279612655230946
1180	Run_or_walk_information	data/diffprep_dataset/Run_or_walk_information/data.csv	6	LogisticRegression	0.9380277985257627
1180	wall-robot-navigation	data/diffprep_dataset/wall-robot-navigation/data.csv	24	LogisticRegression	0.977775002771065
1180	avila	data/diffprep_dataset/avila/data.csv	10	LogisticRegression	0.8371180625782585
1180	shuttle	data/diffprep_dataset/shuttle/data.csv	9	LogisticRegression	0.9877700416455308
1180	abalone	data/diffprep_dataset/abalone/data.csv	8	LogisticRegression	0.507126250053005
1180	connect-4	data/diffprep_dataset/connect-4/data.csv	42	LogisticRegression	0.8637578136762625
1180	house_prices	data/diffprep_dataset/house_prices/data.csv	80	LogisticRegression	0.9544416714024954
1180	USCensus	data/diffprep_dataset/USCensus/data.csv	14	LogisticRegression	0.8991867284433356
1180	pol	data/diffprep_dataset/pol/data.csv	48	LogisticRegression	0.9743373816770725
1180	mozilla4	data/diffprep_dataset/mozilla4/data.csv	5	LogisticRegression	0.8387142666606024
1180	pbcseq	data/diffprep_dataset/pbcseq/data.csv	18	LogisticRegression	0.8484069450876789
1180	page-blocks	data/diffprep_dataset/page-blocks/data.csv	10	LogisticRegression	0.9773695010345429
1180	ada_prior	data/diffprep_dataset/ada_prior/data.csv	14	LogisticRegression	0.892956495802231
1180	eeg	data/diffprep_dataset/eeg/data.csv	14	LogisticRegression	0.8852748813150164
1180	obesity	data/diffprep_dataset/obesity/data.csv	16	LogisticRegression	0.9199650522707519
1190	microaggregation2	data/diffprep_dataset/microaggregation2/data.csv	20	LogisticRegression	0.793882862896032
1190	google	data/diffprep_dataset/google/data.csv	8	LogisticRegression	0.8150793349761908
1190	jungle_chess_2pcs_raw_endgame_complete	data/diffprep_dataset/jungle_chess_2pcs_raw_endgame_complete/data.csv	6	LogisticRegression	0.8224862993559777
1190	Run_or_walk_information	data/diffprep_dataset/Run_or_walk_information/data.csv	6	LogisticRegression	0.9858749565529265
1190	wall-robot-navigation	data/diffprep_dataset/wall-robot-navigation/data.csv	24	LogisticRegression	0.9810475077457832
1190	avila	data/diffprep_dataset/avila/data.csv	10	LogisticRegression	0.866647623050759
1190	shuttle	data/diffprep_dataset/shuttle/data.csv	9	LogisticRegression	0.9871152676988326
1190	abalone	data/diffprep_dataset/abalone/data.csv	8	LogisticRegression	0.5141537386673815
1190	connect-4	data/diffprep_dataset/connect-4/data.csv	42	LogisticRegression	0.890671010543787
1190	house_prices	data/diffprep_dataset/house_prices/data.csv	80	LogisticRegression	0.9454288003008773
1190	USCensus	data/diffprep_dataset/USCensus/data.csv	14	LogisticRegression	0.8969641891628478
1190	pol	data/diffprep_dataset/pol/data.csv	48	LogisticRegression	0.9743373816770725
1190	mozilla4	data/diffprep_dataset/mozilla4/data.csv	5	LogisticRegression	0.9674669402496591
1190	pbcseq	data/diffprep_dataset/pbcseq/data.csv	18	LogisticRegression	0.8468905775751694
1190	page-blocks	data/diffprep_dataset/page-blocks/data.csv	10	LogisticRegression	0.9824951926869505
1190	ada_prior	data/diffprep_dataset/ada_prior/data.csv	14	LogisticRegression	0.9147686879558149
1190	eeg	data/diffprep_dataset/eeg/data.csv	14	LogisticRegression	0.8011590402308759
1190	obesity	data/diffprep_dataset/obesity/data.csv	16	LogisticRegression	0.9675588936937934
1200	microaggregation2	data/diffprep_dataset/microaggregation2/data.csv	20	LogisticRegression	0.7848566748139434
1200	google	data/diffprep_dataset/google/data.csv	8	LogisticRegression	0.7410079955842204
1200	jungle_chess_2pcs_raw_endgame_complete	data/diffprep_dataset/jungle_chess_2pcs_raw_endgame_complete/data.csv	6	LogisticRegression	0.8212646835824471
1200	Run_or_walk_information	data/diffprep_dataset/Run_or_walk_information/data.csv	6	LogisticRegression	0.8302063467410338
1200	wall-robot-navigation	data/diffprep_dataset/wall-robot-navigation/data.csv	24	LogisticRegression	0.9564701588837807
1200	avila	data/diffprep_dataset/avila/data.csv	10	LogisticRegression	0.7287970804519757
1200	shuttle	data/diffprep_dataset/shuttle/data.csv	9	LogisticRegression	0.9998706812935084
1200	abalone	data/diffprep_dataset/abalone/data.csv	8	LogisticRegression	0.49639851254167605
1200	connect-4	data/diffprep_dataset/connect-4/data.csv	42	LogisticRegression	0.890671010543787
1200	house_prices	data/diffprep_dataset/house_prices/data.csv	80	LogisticRegression	0.9615911471340486
1200	USCensus	data/diffprep_dataset/USCensus/data.csv	14	LogisticRegression	0.9051433631791499
1200	pol	data/diffprep_dataset/pol/data.csv	48	LogisticRegression	0.982344135219425
1200	mozilla4	data/diffprep_dataset/mozilla4/data.csv	5	LogisticRegression	0.9483272334238139
1200	pbcseq	data/diffprep_dataset/pbcseq/data.csv	18	LogisticRegression	0.8589465659078176
1200	page-blocks	data/diffprep_dataset/page-blocks/data.csv	10	LogisticRegression	0.9824951926869505
1200	ada_prior	data/diffprep_dataset/ada_prior/data.csv	14	LogisticRegression	0.909364690427967
1200	eeg	data/diffprep_dataset/eeg/data.csv	14	LogisticRegression	0.7959342613963917
1200	obesity	data/diffprep_dataset/obesity/data.csv	16	LogisticRegression	0.8751899489873673
1210	microaggregation2	data/diffprep_dataset/microaggregation2/data.csv	20	LogisticRegression	0.7843787350508681
1210	google	data/diffprep_dataset/google/data.csv	8	LogisticRegression	0.7789246342955695
1210	jungle_chess_2pcs_raw_endgame_complete	data/diffprep_dataset/jungle_chess_2pcs_raw_endgame_complete/data.csv	6	LogisticRegression	0.8212646835824471
1210	Run_or_walk_information	data/diffprep_dataset/Run_or_walk_information/data.csv	6	LogisticRegression	0.9281381056469209
1210	wall-robot-navigation	data/diffprep_dataset/wall-robot-navigation/data.csv	24	LogisticRegression	0.7989232680792244
1210	avila	data/diffprep_dataset/avila/data.csv	10	LogisticRegression	0.872845420412363
1210	shuttle	data/diffprep_dataset/shuttle/data.csv	9	LogisticRegression	0.9998706812935084
1210	abalone	data/diffprep_dataset/abalone/data.csv	8	LogisticRegression	0.5106520833593401
1210	connect-4	data/diffprep_dataset/connect-4/data.csv	42	LogisticRegression	0.8908371805098865
1210	house_prices	data/diffprep_dataset/house_prices/data.csv	80	LogisticRegression	0.95980877090821
1210	USCensus	data/diffprep_dataset/USCensus/data.csv	14	LogisticRegression	0.921867009915487
1210	pol	data/diffprep_dataset/pol/data.csv	48	LogisticRegression	0.9709102258533827
1210	mozilla4	data/diffprep_dataset/mozilla4/data.csv	5	LogisticRegression	0.9696255407574413
1210	pbcseq	data/diffprep_dataset/pbcseq/data.csv	18	LogisticRegression	0.8869229903128576
1210	page-blocks	data/diffprep_dataset/page-blocks/data.csv	10	LogisticRegression	0.9824951926869505
1210	ada_prior	data/diffprep_dataset/ada_prior/data.csv	14	LogisticRegression	0.9063485471591867
1210	eeg	data/diffprep_dataset/eeg/data.csv	14	LogisticRegression	0.8656399039194513
1210	obesity	data/diffprep_dataset/obesity/data.csv	16	LogisticRegression	0.8393400537138219
1220	microaggregation2	data/diffprep_dataset/microaggregation2/data.csv	20	LogisticRegression	0.8018728078691783
1220	google	data/diffprep_dataset/google/data.csv	8	LogisticRegression	0.8196492989804258
1220	jungle_chess_2pcs_raw_endgame_complete	data/diffprep_dataset/jungle_chess_2pcs_raw_endgame_complete/data.csv	6	LogisticRegression	0.871482859234882
1220	Run_or_walk_information	data/diffprep_dataset/Run_or_walk_information/data.csv	6	LogisticRegression	0.9374259198635204
1220	wall-robot-navigation	data/diffprep_dataset/wall-robot-navigation/data.csv	24	LogisticRegression	0.7443314476960543
1220	avila	data/diffprep_dataset/avila/data.csv	10	LogisticRegression	0.872845420412363
1220	shuttle	data/diffprep_dataset/shuttle/data.csv	9	LogisticRegression	0.9885115944761564
1220	abalone	data/diffprep_dataset/abalone/data.csv	8	LogisticRegression	0.49033725333648615
1220	connect-4	data/diffprep_dataset/connect-4/data.csv	42	LogisticRegression	0.8647425925280593
1220	house_prices	data/diffprep_dataset/house_prices/data.csv	80	LogisticRegression	0.95980877090821
1220	USCensus	data/diffprep_dataset/USCensus/data.csv	14	LogisticRegression	0.8989305620466714
1220	pol	data/diffprep_dataset/pol/data.csv	48	LogisticRegression	0.9669539802906858
1220	mozilla4	data/diffprep_dataset/mozilla4/data.csv	5	LogisticRegression	0.9614639850415635
1220	pbcseq	data/diffprep_dataset/pbcseq/data.csv	18	LogisticRegression	0.8423250964582459
1220	page-blocks	data/diffprep_dataset/page-blocks/data.csv	10	LogisticRegression	0.980168655695185
1220	ada_prior	data/diffprep_dataset/ada_prior/data.csv	14	LogisticRegression	0.9147686879558149
1220	eeg	data/diffprep_dataset/eeg/data.csv	14	LogisticRegression	0.7990732282038003
1220	obesity	data/diffprep_dataset/obesity/data.csv	16	LogisticRegression	0.616939751686015
1230	microaggregation2	data/diffprep_dataset/microaggregation2/data.csv	20	LogisticRegression	0.7572978278062074
1230	google	data/diffprep_dataset/google/data.csv	8	LogisticRegression	0.7918339896947207
1230	jungle_chess_2pcs_raw_endgame_complete	data/diffprep_dataset/jungle_chess_2pcs_raw_endgame_complete/data.csv	6	LogisticRegression	0.8367400246244754
1230	Run_or_walk_information	data/diffprep_dataset/Run_or_walk_information/data.csv	6	LogisticRegression	0.8473979614758606
1230	wall-robot-navigation	data/diffprep_dataset/wall-robot-navigation/data.csv	24	LogisticRegression	0.814250368746409
1230	avila	data/diffprep_dataset/avila/data.csv	10	LogisticRegression	0.7136830916748673
1230	shuttle	data/diffprep_dataset/shuttle/data.csv	9	LogisticRegression	0.9857606899907475
1230	abalone	data/diffprep_dataset/abalone/data.csv	8	LogisticRegression	0.5011947448335864
1230	connect-4	data/diffprep_dataset/connect-4/data.csv	42	LogisticRegression	0.890671010543787
1230	house_prices	data/diffprep_dataset/house_prices/data.csv	80	LogisticRegression	0.970453925705805
1230	USCensus	data/diffprep_dataset/USCensus/data.csv	14	LogisticRegression	0.9038702460927901
1230	pol	data/diffprep_dataset/pol/data.csv	48	LogisticRegression	0.9363047936792093
1230	mozilla4	data/diffprep_dataset/mozilla4/data.csv	5	LogisticRegression	0.9696255407574413
1230	pbcseq	data/diffprep_dataset/pbcseq/data.csv	18	LogisticRegression	0.8499206072101154
1230	page-blocks	data/diffprep_dataset/page-blocks/data.csv	10	LogisticRegression	0.9824951926869505
1230	ada_prior	data/diffprep_dataset/ada_prior/data.csv	14	LogisticRegression	0.888653065955428
1230	eeg	data/diffprep_dataset/eeg/data.csv	14	LogisticRegression	0.8207099079479944
1230	obesity	data/diffprep_dataset/obesity/data.csv	16	LogisticRegression	0.9301871999497492
1240	microaggregation2	data/diffprep_dataset/microaggregation2/data.csv	20	LogisticRegression	0.7808649050892222
1240	google	data/diffprep_dataset/google/data.csv	8	LogisticRegression	0.8144243896434491
1240	jungle_chess_2pcs_raw_endgame_complete	data/diffprep_dataset/jungle_chess_2pcs_raw_endgame_complete/data.csv	6	LogisticRegression	0.8210609042442332
1240	Run_or_walk_information	data/diffprep_dataset/Run_or_walk_information/data.csv	6	LogisticRegression	0.9858749565529265
1240	wall-robot-navigation	data/diffprep_dataset/wall-robot-navigation/data.csv	24	LogisticRegression	0.9726102487485395
1240	avila	data/diffprep_dataset/avila/data.csv	10	LogisticRegression	0.7258324698697364
1240	shuttle	data/diffprep_dataset/shuttle/data.csv	9	LogisticRegression	0.9602891087655806
1240	abalone	data/diffprep_dataset/abalone/data.csv	8	LogisticRegression	0.5118219636631847
1240	connect-4	data/diffprep_dataset/connect-4/data.csv	42	LogisticRegression	0.8149996276882774
1240	house_prices	data/diffprep_dataset/house_prices/data.csv	80	LogisticRegression	0.9472382350668721
1240	USCensus	data/diffprep_dataset/USCensus/data.csv	14	LogisticRegression	0.8993574655052452
1240	pol	data/diffprep_dataset/pol/data.csv	48	LogisticRegression	0.9624621204667398
1240	mozilla4	data/diffprep_dataset/mozilla4/data.csv	5	LogisticRegression	0.9459500441399444
1240	pbcseq	data/diffprep_dataset/pbcseq/data.csv	18	LogisticRegression	0.881107039125149
1240	page-blocks	data/diffprep_dataset/page-blocks/data.csv	10	LogisticRegression	0.9810999325377465
1240	ada_prior	data/diffprep_dataset/ada_prior/data.csv	14	LogisticRegression	0.91536716279115
1240	eeg	data/diffprep_dataset/eeg/data.csv	14	LogisticRegression	0.7953049813443487
1240	obesity	data/diffprep_dataset/obesity/data.csv	16	LogisticRegression	0.8832563863180561
1250	microaggregation2	data/diffprep_dataset/microaggregation2/data.csv	20	LogisticRegression	0.8018728078691783
1250	google	data/diffprep_dataset/google/data.csv	8	LogisticRegression	0.7785820239274243
1250	jungle_chess_2pcs_raw_endgame_complete	data/diffprep_dataset/jungle_chess_2pcs_raw_endgame_complete/data.csv	6	LogisticRegression	0.8340024087790001
1250	Run_or_walk_information	data/diffprep_dataset/Run_or_walk_information/data.csv	6	LogisticRegression	0.9858177064755544
1250	wall-robot-navigation	data/diffprep_dataset/wall-robot-navigation/data.csv	24	LogisticRegression	0.8215281035414582
1250	avila	data/diffprep_dataset/avila/data.csv	10	LogisticRegression	0.866647623050759
1250	shuttle	data/diffprep_dataset/shuttle/data.csv	9	LogisticRegression	0.9729088981697778
1250	abalone	data/diffprep_dataset/abalone/data.csv	8	LogisticRegression	0.5210864616150269
1250	connect-4	data/diffprep_dataset/connect-4/data.csv	42	LogisticRegression	0.8647425925280593
1250	house_prices	data/diffprep_dataset/house_prices/data.csv	80	LogisticRegression	0.9669185626769791
1250	USCensus	data/diffprep_dataset/USCensus/data.csv	14	LogisticRegression	0.9201165488028843
1250	pol	data/diffprep_dataset/pol/data.csv	48	LogisticRegression	0.938438419219219
1250	mozilla4	data/diffprep_dataset/mozilla4/data.csv	5	LogisticRegression	0.9696255407574413
1250	pbcseq	data/diffprep_dataset/pbcseq/data.csv	18	LogisticRegression	0.8678786594963921
1250	page-blocks	data/diffprep_dataset/page-blocks/data.csv	10	LogisticRegression	0.9754989356816243
1250	ada_prior	data/diffprep_dataset/ada_prior/data.csv	14	LogisticRegression	0.8812268655737757
1250	eeg	data/diffprep_dataset/eeg/data.csv	14	LogisticRegression	0.7999082056815575
1250	obesity	data/diffprep_dataset/obesity/data.csv	16	LogisticRegression	0.9109265799407509
1260	microaggregation2	data/diffprep_dataset/microaggregation2/data.csv	20	LogisticRegression	0.7572978278062074
1260	google	data/diffprep_dataset/google/data.csv	8	LogisticRegression	0.7785820239274243
1260	jungle_chess_2pcs_raw_endgame_complete	data/diffprep_dataset/jungle_chess_2pcs_raw_endgame_complete/data.csv	6	LogisticRegression	0.7974188615126419
1260	Run_or_walk_information	data/diffprep_dataset/Run_or_walk_information/data.csv	6	LogisticRegression	0.9607079171100695
1260	wall-robot-navigation	data/diffprep_dataset/wall-robot-navigation/data.csv	24	LogisticRegression	0.9810475077457832
1260	avila	data/diffprep_dataset/avila/data.csv	10	LogisticRegression	0.7773136939622732
1260	shuttle	data/diffprep_dataset/shuttle/data.csv	9	LogisticRegression	0.9678451001741107
1260	abalone	data/diffprep_dataset/abalone/data.csv	8	LogisticRegression	0.5118219636631847
1260	connect-4	data/diffprep_dataset/connect-4/data.csv	42	LogisticRegression	0.8162246118153363
1260	house_prices	data/diffprep_dataset/house_prices/data.csv	80	LogisticRegression	0.9490442199954907
1260	USCensus	data/diffprep_dataset/USCensus/data.csv	14	LogisticRegression	0.9051433631791499
1260	pol	data/diffprep_dataset/pol/data.csv	48	LogisticRegression	0.9648834126463155
1260	mozilla4	data/diffprep_dataset/mozilla4/data.csv	5	LogisticRegression	0.9674669402496591
1260	pbcseq	data/diffprep_dataset/pbcseq/data.csv	18	LogisticRegression	0.8499206072101154
1260	page-blocks	data/diffprep_dataset/page-blocks/data.csv	10	LogisticRegression	0.9810999325377465
1260	ada_prior	data/diffprep_dataset/ada_prior/data.csv	14	LogisticRegression	0.8935695796340185
1260	eeg	data/diffprep_dataset/eeg/data.csv	14	LogisticRegression	0.8011590402308759
1260	obesity	data/diffprep_dataset/obesity/data.csv	16	LogisticRegression	0.88057578412305
1270	microaggregation2	data/diffprep_dataset/microaggregation2/data.csv	20	LogisticRegression	0.7949842765740717
1270	google	data/diffprep_dataset/google/data.csv	8	LogisticRegression	0.797206970685065
1270	jungle_chess_2pcs_raw_endgame_complete	data/diffprep_dataset/jungle_chess_2pcs_raw_endgame_complete/data.csv	6	LogisticRegression	0.8340024087790001
1270	Run_or_walk_information	data/diffprep_dataset/Run_or_walk_information/data.csv	6	LogisticRegression	0.8487954852738078
1270	wall-robot-navigation	data/diffprep_dataset/wall-robot-navigation/data.csv	24	LogisticRegression	0.9555122516240506
1270	avila	data/diffprep_dataset/avila/data.csv	10	LogisticRegression	0.8185967401008201
1270	shuttle	data/diffprep_dataset/shuttle/data.csv	9	LogisticRegression	0.9987060594105996
1270	abalone	data/diffprep_dataset/abalone/data.csv	8	LogisticRegression	0.5141537386673815
1270	connect-4	data/diffprep_dataset/connect-4/data.csv	42	LogisticRegression	0.8169949558258476
1270	house_prices	data/diffprep_dataset/house_prices/data.csv	80	LogisticRegression	0.9633702257080722
1270	USCensus	data/diffprep_dataset/USCensus/data.csv	14	LogisticRegression	0.8907805247032189
1270	pol	data/diffprep_dataset/pol/data.csv	48	LogisticRegression	0.9726253132630263
1270	mozilla4	data/diffprep_dataset/mozilla4/data.csv	5	LogisticRegression	0.9648035712867039
1270	pbcseq	data/diffprep_dataset/pbcseq/data.csv	18	LogisticRegression	0.8529398728721846
1270	page-blocks	data/diffprep_dataset/page-blocks/data.csv	10	LogisticRegression	0.9670366163447991
1270	ada_prior	data/diffprep_dataset/ada_prior/data.csv	14	LogisticRegression	0.9159652465941253
1270	eeg	data/diffprep_dataset/eeg/data.csv	14	LogisticRegression	0.8011590402308759
1270	obesity	data/diffprep_dataset/obesity/data.csv	16	LogisticRegression	0.9540259349900136
1280	microaggregation2	data/diffprep_dataset/microaggregation2/data.csv	20	LogisticRegression	0.7779781487933963
1280	google	data/diffprep_dataset/google/data.csv	8	LogisticRegression	0.7664941881372872
1280	jungle_chess_2pcs_raw_endgame_complete	data/diffprep_dataset/jungle_chess_2pcs_raw_endgame_complete/data.csv	6	LogisticRegression	0.871866800596882
1280	Run_or_walk_information	data/diffprep_dataset/Run_or_walk_information/data.csv	6	LogisticRegression	0.9273168116277419
1280	wall-robot-navigation	data/diffprep_dataset/wall-robot-navigation/data.csv	24	LogisticRegression	0.9631488346334006
1280	avila	data/diffprep_dataset/avila/data.csv	10	LogisticRegression	0.8371180625782585
1280	shuttle	data/diffprep_dataset/shuttle/data.csv	9	LogisticRegression	0.9572320008484233
1280	abalone	data/diffprep_dataset/abalone/data.csv	8	LogisticRegression	0.51647498630936
1280	connect-4	data/diffprep_dataset/connect-4/data.csv	42	LogisticRegression	0.8410096416143731
1280	house_prices	data/diffprep_dataset/house_prices/data.csv	80	LogisticRegression	0.9562340517069216
1280	USCensus	data/diffprep_dataset/USCensus/data.csv	14	LogisticRegression	0.913501437547333
1280	pol	data/diffprep_dataset/pol/data.csv	48	LogisticRegression	0.9448103866208641
1280	mozilla4	data/diffprep_dataset/mozilla4/data.csv	5	LogisticRegression	0.9611293882035064
1280	pbcseq	data/diffprep_dataset/pbcseq/data.csv	18	LogisticRegression	0.855948488467633
1280	page-blocks	data/diffprep_dataset/page-blocks/data.csv	10	LogisticRegression	0.9866691348852258
1280	ada_prior	data/diffprep_dataset/ada_prior/data.csv	14	LogisticRegression	0.9063485471591867
1280	eeg	data/diffprep_dataset/eeg/data.csv	14	LogisticRegression	0.7999082056815575
1280	obesity	data/diffprep_dataset/obesity/data.csv	16	LogisticRegression	0.857452381353283
1290	microaggregation2	data/diffprep_dataset/microaggregation2/data.csv	20	LogisticRegression	0.7744352781220649
1290	google	data/diffprep_dataset/google/data.csv	8	LogisticRegression	0.7734246563431293
1290	jungle_chess_2pcs_raw_endgame_complete	data/diffprep_dataset/jungle_chess_2pcs_raw_endgame_complete/data.csv	6	LogisticRegression	0.9271188210496479
1290	Run_or_walk_information	data/diffprep_dataset/Run_or_walk_information/data.csv	6	LogisticRegression	0.9663312783508217
1290	wall-robot-navigation	data/diffprep_dataset/wall-robot-navigation/data.csv	24	LogisticRegression	0.9376144618769908
1290	avila	data/diffprep_dataset/avila/data.csv	10	LogisticRegression	0.7253371900646265
1290	shuttle	data/diffprep_dataset/shuttle/data.csv	9	LogisticRegression	0.9783871316152645
1290	abalone	data/diffprep_dataset/abalone/data.csv	8	LogisticRegression	0.51647498630936
1290	connect-4	data/diffprep_dataset/connect-4/data.csv	42	LogisticRegression	0.8908371805098865
1290	house_prices	data/diffprep_dataset/house_prices/data.csv	80	LogisticRegression	0.9633702257080722
1290	USCensus	data/diffprep_dataset/USCensus/data.csv	14	LogisticRegression	0.9181955481486234
1290	pol	data/diffprep_dataset/pol/data.csv	48	LogisticRegression	0.971425070021701
1290	mozilla4	data/diffprep_dataset/mozilla4/data.csv	5	LogisticRegression	0.9275803334526025
1290	pbcseq	data/diffprep_dataset/pbcseq/data.csv	18	LogisticRegression	0.8499206072101154
1290	page-blocks	data/diffprep_dataset/page-blocks/data.csv	10	LogisticRegression	0.9792364931869324
1290	ada_prior	data/diffprep_dataset/ada_prior/data.csv	14	LogisticRegression	0.9008940429763744
1290	eeg	data/diffprep_dataset/eeg/data.csv	14	LogisticRegression	0.7364712167746386
1290	obesity	data/diffprep_dataset/obesity/data.csv	16	LogisticRegression	0.6719647632324218
1300	microaggregation2	data/diffprep_dataset/microaggregation2/data.csv	20	LogisticRegression	0.7604275113381945
1300	google	data/diffprep_dataset/google/data.csv	8	LogisticRegression	0.7435241590067406
1300	jungle_chess_2pcs_raw_endgame_complete	data/diffprep_dataset/jungle_chess_2pcs_raw_endgame_complete/data.csv	6	LogisticRegression	0.871482859234882
1300	Run_or_walk_information	data/diffprep_dataset/Run_or_walk_information/data.csv	6	LogisticRegression	0.8482300982530304
1300	wall-robot-navigation	data/diffprep_dataset/wall-robot-navigation/data.csv	24	LogisticRegression	0.822642040464701
1300	avila	data/diffprep_dataset/avila/data.csv	10	LogisticRegression	0.7493808337049281
1300	shuttle	data/diffprep_dataset/shuttle/data.csv	9	LogisticRegression	0.9871152676988326
1300	abalone	data/diffprep_dataset/abalone/data.csv	8	LogisticRegression	0.5011947448335864
1300	connect-4	data/diffprep_dataset/connect-4/data.csv	42	LogisticRegression	0.8801390573160266
1300	house_prices	data/diffprep_dataset/house_prices/data.csv	80	LogisticRegression	0.9615911471340486
1300	USCensus	data/diffprep_dataset/USCensus/data.csv	14	LogisticRegression	0.9101336788479226
1300	pol	data/diffprep_dataset/pol/data.csv	48	LogisticRegression	0.957601169589929
1300	mozilla4	data/diffprep_dataset/mozilla4/data.csv	5	LogisticRegression	0.9611293882035064
1300	pbcseq	data/diffprep_dataset/pbcseq/data.csv	18	LogisticRegression	0.8604416872584897
1300	page-blocks	data/diffprep_dataset/page-blocks/data.csv	10	LogisticRegression	0.9824951926869505
1300	ada_prior	data/diffprep_dataset/ada_prior/data.csv	14	LogisticRegression	0.91536716279115
1300	eeg	data/diffprep_dataset/eeg/data.csv	14	LogisticRegression	0.9122003504196547
1300	obesity	data/diffprep_dataset/obesity/data.csv	16	LogisticRegression	0.7211758195112715
1310	microaggregation2	data/diffprep_dataset/microaggregation2/data.csv	20	LogisticRegression	0.7795832219846704
1310	google	data/diffprep_dataset/google/data.csv	8	LogisticRegression	0.8124563858255592
1310	jungle_chess_2pcs_raw_endgame_complete	data/diffprep_dataset/jungle_chess_2pcs_raw_endgame_complete/data.csv	6	LogisticRegression	0.8205172452511732
1310	Run_or_walk_information	data/diffprep_dataset/Run_or_walk_information/data.csv	6	LogisticRegression	0.9858749565529265
1310	wall-robot-navigation	data/diffprep_dataset/wall-robot-navigation/data.csv	24	LogisticRegression	0.9626733229605601
1310	avila	data/diffprep_dataset/avila/data.csv	10	LogisticRegression	0.7497004672591108
1310	shuttle	data/diffprep_dataset/shuttle/data.csv	9	LogisticRegression	0.999353239126048
1310	abalone	data/diffprep_dataset/abalone/data.csv	8	LogisticRegression	0.5210864616150269
1310	connect-4	data/diffprep_dataset/connect-4/data.csv	42	LogisticRegression	0.8146817385393711
1310	house_prices	data/diffprep_dataset/house_prices/data.csv	80	LogisticRegression	0.9544416714024954
1310	USCensus	data/diffprep_dataset/USCensus/data.csv	14	LogisticRegression	0.9208671538621537
1310	pol	data/diffprep_dataset/pol/data.csv	48	LogisticRegression	0.9439279633531364
1310	mozilla4	data/diffprep_dataset/mozilla4/data.csv	5	LogisticRegression	0.9696255407574413
1310	pbcseq	data/diffprep_dataset/pbcseq/data.csv	18	LogisticRegression	0.8529398728721846
1310	page-blocks	data/diffprep_dataset/page-blocks/data.csv	10	LogisticRegression	0.9778365832600271
1310	ada_prior	data/diffprep_dataset/ada_prior/data.csv	14	LogisticRegression	0.9159652465941253
1310	eeg	data/diffprep_dataset/eeg/data.csv	14	LogisticRegression	0.8580880413934088
1310	obesity	data/diffprep_dataset/obesity/data.csv	16	LogisticRegression	0.9135181259451068
1320	microaggregation2	data/diffprep_dataset/microaggregation2/data.csv	20	LogisticRegression	0.8018728078691783
1320	google	data/diffprep_dataset/google/data.csv	8	LogisticRegression	0.7619555809651423
1320	jungle_chess_2pcs_raw_endgame_complete	data/diffprep_dataset/jungle_chess_2pcs_raw_endgame_complete/data.csv	6	LogisticRegression	0.8499678446289414
1320	Run_or_walk_information	data/diffprep_dataset/Run_or_walk_information/data.csv	6	LogisticRegression	0.8473979614758606
1320	wall-robot-navigation	data/diffprep_dataset/wall-robot-navigation/data.csv	24	LogisticRegression	0.8159356076008178
1320	avila	data/diffprep_dataset/avila/data.csv	10	LogisticRegression	0.7287970804519757
1320	shuttle	data/diffprep_dataset/shuttle/data.csv	9	LogisticRegression	0.9877700416455308
1320	abalone	data/diffprep_dataset/abalone/data.csv	8	LogisticRegression	0.5118219636631847
1320	connect-4	data/diffprep_dataset/connect-4/data.csv	42	LogisticRegression	0.8647425925280593
1320	house_prices	data/diffprep_dataset/house_prices/data.csv	80	LogisticRegression	0.9234390754280422
1320	USCensus	data/diffprep_dataset/USCensus/data.csv	14	LogisticRegression	0.9062452846174122
1320	pol	data/diffprep_dataset/pol/data.csv	48	LogisticRegression	0.9902861539306034
1320	mozilla4	data/diffprep_dataset/mozilla4/data.csv	5	LogisticRegression	0.9696255407574413
1320	pbcseq	data/diffprep_dataset/pbcseq/data.csv	18	LogisticRegression	0.855948488467633
1320	page-blocks	data/diffprep_dataset/page-blocks/data.csv	10	LogisticRegression	0.9670366163447991
1320	ada_prior	data/diffprep_dataset/ada_prior/data.csv	14	LogisticRegression	0.8935695796340185
1320	eeg	data/diffprep_dataset/eeg/data.csv	14	LogisticRegression	0.8011590402308759
1320	obesity	data/diffprep_dataset/obesity/data.csv	16	LogisticRegression	0.8643176020755815
1330	microaggregation2	data/diffprep_dataset/microaggregation2/data.csv	20	LogisticRegression	0.7686026281505938
1330	google	data/diffprep_dataset/google/data.csv	8	LogisticRegression	0.7727344066238819
1330	jungle_chess_2pcs_raw_endgame_complete	data/diffprep_dataset/jungle_chess_2pcs_raw_endgame_complete/data.csv	6	LogisticRegression	0.8374729843724934
1330	Run_or_walk_information	data/diffprep_dataset/Run_or_walk_information/data.csv	6	LogisticRegression	0.9129636644848477
1330	wall-robot-navigation	data/diffprep_dataset/wall-robot-navigation/data.csv	24	LogisticRegression	0.8617853518562454
1330	avila	data/diffprep_dataset/avila/data.csv	10	LogisticRegression	0.730274872602354
1330	shuttle	data/diffprep_dataset/shuttle/data.csv	9	LogisticRegression	0.9998706812935084
1330	abalone	data/diffprep_dataset/abalone/data.csv	8	LogisticRegression	0.517631706652575
1330	connect-4	data/diffprep_dataset/connect-4/data.csv	42	LogisticRegression	0.8146363156774954
1330	house_prices	data/diffprep_dataset/house_prices/data.csv	80	LogisticRegression	0.95980877090821
1330	USCensus	data/diffprep_dataset/USCensus/data.csv	14	LogisticRegression	0.9101336788479226
1330	pol	data/diffprep_dataset/pol/data.csv	48	LogisticRegression	0.9743373816770725
1330	mozilla4	data/diffprep_dataset/mozilla4/data.csv	5	LogisticRegression	0.9614639850415635
1330	pbcseq	data/diffprep_dataset/pbcseq/data.csv	18	LogisticRegression	0.8604416872584897
1330	page-blocks	data/diffprep_dataset/page-blocks/data.csv	10	LogisticRegression	0.9829598392925829
1330	ada_prior	data/diffprep_dataset/ada_prior/data.csv	14	LogisticRegression	0.9147686879558149
1330	eeg	data/diffprep_dataset/eeg/data.csv	14	LogisticRegression	0.9294183259254619
1330	obesity	data/diffprep_dataset/obesity/data.csv	16	LogisticRegression	0.9186792863702076
1340	microaggregation2	data/diffprep_dataset/microaggregation2/data.csv	20	LogisticRegression	0.7632168761236874
1340	google	data/diffprep_dataset/google/data.csv	8	LogisticRegression	0.8206252659452978
1340	jungle_chess_2pcs_raw_endgame_complete	data/diffprep_dataset/jungle_chess_2pcs_raw_endgame_complete/data.csv	6	LogisticRegression	0.8675698105463053
1340	Run_or_walk_information	data/diffprep_dataset/Run_or_walk_information/data.csv	6	LogisticRegression	0.9324455971997596
1340	wall-robot-navigation	data/diffprep_dataset/wall-robot-navigation/data.csv	24	LogisticRegression	0.9726102487485395
1340	avila	data/diffprep_dataset/avila/data.csv	10	LogisticRegression	0.8185967401008201
1340	shuttle	data/diffprep_dataset/shuttle/data.csv	9	LogisticRegression	0.9678451001741107
1340	abalone	data/diffprep_dataset/abalone/data.csv	8	LogisticRegression	0.5059455121295366
1340	connect-4	data/diffprep_dataset/connect-4/data.csv	42	LogisticRegression	0.8795081784038272
1340	house_prices	data/diffprep_dataset/house_prices/data.csv	80	LogisticRegression	0.9615911471340486
1340	USCensus	data/diffprep_dataset/USCensus/data.csv	14	LogisticRegression	0.9190312592055281
1340	pol	data/diffprep_dataset/pol/data.csv	48	LogisticRegression	0.9619424792228137
1340	mozilla4	data/diffprep_dataset/mozilla4/data.csv	5	LogisticRegression	0.9279270276652138
1340	pbcseq	data/diffprep_dataset/pbcseq/data.csv	18	LogisticRegression	0.8468905775751694
1340	page-blocks	data/diffprep_dataset/page-blocks/data.csv	10	LogisticRegression	0.9824951926869505
1340	ada_prior	data/diffprep_dataset/ada_prior/data.csv	14	LogisticRegression	0.9195455804253192
1340	eeg	data/diffprep_dataset/eeg/data.csv	14	LogisticRegression	0.8005338672599515
1340	obesity	data/diffprep_dataset/obesity/data.csv	16	LogisticRegression	0.9135181259451068
1350	microaggregation2	data/diffprep_dataset/microaggregation2/data.csv	20	LogisticRegression	0.7795832219846704
1350	google	data/diffprep_dataset/google/data.csv	8	LogisticRegression	0.8144243896434491
1350	jungle_chess_2pcs_raw_endgame_complete	data/diffprep_dataset/jungle_chess_2pcs_raw_endgame_complete/data.csv	6	LogisticRegression	0.8716108584805212
1350	Run_or_walk_information	data/diffprep_dataset/Run_or_walk_information/data.csv	6	LogisticRegression	0.8810313713098945
1350	wall-robot-navigation	data/diffprep_dataset/wall-robot-navigation/data.csv	24	LogisticRegression	0.9617215942820588
1350	avila	data/diffprep_dataset/avila/data.csv	10	LogisticRegression	0.866647623050759
1350	shuttle	data/diffprep_dataset/shuttle/data.csv	9	LogisticRegression	0.9771086834689091
1350	abalone	data/diffprep_dataset/abalone/data.csv	8	LogisticRegression	0.5011947448335864
1350	connect-4	data/diffprep_dataset/connect-4/data.csv	42	LogisticRegression	0.8537608784990195
1350	house_prices	data/diffprep_dataset/house_prices/data.csv	80	LogisticRegression	0.9615911471340486
1350	USCensus	data/diffprep_dataset/USCensus/data.csv	14	LogisticRegression	0.921867009915487
1350	pol	data/diffprep_dataset/pol/data.csv	48	LogisticRegression	0.9743373816770725
1350	mozilla4	data/diffprep_dataset/mozilla4/data.csv	5	LogisticRegression	0.9648035712867039
1350	pbcseq	data/diffprep_dataset/pbcseq/data.csv	18	LogisticRegression	0.854445504887598
1350	page-blocks	data/diffprep_dataset/page-blocks/data.csv	10	LogisticRegression	0.9787700790174926
1350	ada_prior	data/diffprep_dataset/ada_prior/data.csv	14	LogisticRegression	0.8978494447348808
1350	eeg	data/diffprep_dataset/eeg/data.csv	14	LogisticRegression	0.8656399039194513
1350	obesity	data/diffprep_dataset/obesity/data.csv	16	LogisticRegression	0.95526412621192
1360	microaggregation2	data/diffprep_dataset/microaggregation2/data.csv	20	LogisticRegression	0.7528280016046162
1360	google	data/diffprep_dataset/google/data.csv	8	LogisticRegression	0.7559793664918151
1360	jungle_chess_2pcs_raw_endgame_complete	data/diffprep_dataset/jungle_chess_2pcs_raw_endgame_complete/data.csv	6	LogisticRegression	0.8499678446289414
1360	Run_or_walk_information	data/diffprep_dataset/Run_or_walk_information/data.csv	6	LogisticRegression	0.9368537769767501
1360	wall-robot-navigation	data/diffprep_dataset/wall-robot-navigation/data.csv	24	LogisticRegression	0.820412654142367
1360	avila	data/diffprep_dataset/avila/data.csv	10	LogisticRegression	0.8277644945617778
1360	shuttle	data/diffprep_dataset/shuttle/data.csv	9	LogisticRegression	0.9987060594105996
1360	abalone	data/diffprep_dataset/abalone/data.csv	8	LogisticRegression	0.517631706652575
1360	connect-4	data/diffprep_dataset/connect-4/data.csv	42	LogisticRegression	0.8149996276882774
1360	house_prices	data/diffprep_dataset/house_prices/data.csv	80	LogisticRegression	0.9615911471340486
1360	USCensus	data/diffprep_dataset/USCensus/data.csv	14	LogisticRegression	0.8933622532105243
1360	pol	data/diffprep_dataset/pol/data.csv	48	LogisticRegression	0.9774115475751928
1360	mozilla4	data/diffprep_dataset/mozilla4/data.csv	5	LogisticRegression	0.9274069377443014
1360	pbcseq	data/diffprep_dataset/pbcseq/data.csv	18	LogisticRegression	0.8619342151577695
1360	page-blocks	data/diffprep_dataset/page-blocks/data.csv	10	LogisticRegression	0.9773695010345429
1360	ada_prior	data/diffprep_dataset/ada_prior/data.csv	14	LogisticRegression	0.9063485471591867
1360	eeg	data/diffprep_dataset/eeg/data.csv	14	LogisticRegression	0.7959342613963917
1360	obesity	data/diffprep_dataset/obesity/data.csv	16	LogisticRegression	0.873838303471905
1370	microaggregation2	data/diffprep_dataset/microaggregation2/data.csv	20	LogisticRegression	0.773789377027108
1370	google	data/diffprep_dataset/google/data.csv	8	LogisticRegression	0.8199747503726356
1370	jungle_chess_2pcs_raw_endgame_complete	data/diffprep_dataset/jungle_chess_2pcs_raw_endgame_complete/data.csv	6	LogisticRegression	0.8221471437193746
1370	Run_or_walk_information	data/diffprep_dataset/Run_or_walk_information/data.csv	6	LogisticRegression	0.9858749565529265
1370	wall-robot-navigation	data/diffprep_dataset/wall-robot-navigation/data.csv	24	LogisticRegression	0.977775002771065
1370	avila	data/diffprep_dataset/avila/data.csv	10	LogisticRegression	0.7628471622837123
1370	shuttle	data/diffprep_dataset/shuttle/data.csv	9	LogisticRegression	0.9998706812935084
1370	abalone	data/diffprep_dataset/abalone/data.csv	8	LogisticRegression	0.5059455121295366
1370	connect-4	data/diffprep_dataset/connect-4/data.csv	42	LogisticRegression	0.8146363156774954
1370	house_prices	data/diffprep_dataset/house_prices/data.csv	80	LogisticRegression	0.9669185626769791
1370	USCensus	data/diffprep_dataset/USCensus/data.csv	14	LogisticRegression	0.91994966450863
1370	pol	data/diffprep_dataset/pol/data.csv	48	LogisticRegression	0.9906226997870246
1370	mozilla4	data/diffprep_dataset/mozilla4/data.csv	5	LogisticRegression	0.9696255407574413
1370	pbcseq	data/diffprep_dataset/pbcseq/data.csv	18	LogisticRegression	0.8619342151577695
1370	page-blocks	data/diffprep_dataset/page-blocks/data.csv	10	LogisticRegression	0.9889803798765787
1370	ada_prior	data/diffprep_dataset/ada_prior/data.csv	14	LogisticRegression	0.920735931189595
1370	eeg	data/diffprep_dataset/eeg/data.csv	14	LogisticRegression	0.7955147966708705
1370	obesity	data/diffprep_dataset/obesity/data.csv	16	LogisticRegression	0.873838303471905
1380	microaggregation2	data/diffprep_dataset/microaggregation2/data.csv	20	LogisticRegression	0.795455844154784
1380	google	data/diffprep_dataset/google/data.csv	8	LogisticRegression	0.7531506218047401
1380	jungle_chess_2pcs_raw_endgame_complete	data/diffprep_dataset/jungle_chess_2pcs_raw_endgame_complete/data.csv	6	LogisticRegression	0.9280809370911877
1380	Run_or_walk_information	data/diffprep_dataset/Run_or_walk_information/data.csv	6	LogisticRegression	0.9287460033448199
1380	wall-robot-navigation	data/diffprep_dataset/wall-robot-navigation/data.csv	24	LogisticRegression	0.9213582901895977
1380	avila	data/diffprep_dataset/avila/data.csv	10	LogisticRegression	0.7560647619703248
1380	shuttle	data/diffprep_dataset/shuttle/data.csv	9	LogisticRegression	0.998749217771909
1380	abalone	data/diffprep_dataset/abalone/data.csv	8	LogisticRegression	0.5059455121295366
1380	connect-4	data/diffprep_dataset/connect-4/data.csv	42	LogisticRegression	0.8146363156774954
1380	house_prices	data/diffprep_dataset/house_prices/data.csv	80	LogisticRegression	0.9669185626769791
1380	USCensus	data/diffprep_dataset/USCensus/data.csv	14	LogisticRegression	0.9210338719143683
1380	pol	data/diffprep_dataset/pol/data.csv	48	LogisticRegression	0.971768147931045
1380	mozilla4	data/diffprep_dataset/mozilla4/data.csv	5	LogisticRegression	0.9674669402496591
1380	pbcseq	data/diffprep_dataset/pbcseq/data.csv	18	LogisticRegression	0.8423250964582459
1380	page-blocks	data/diffprep_dataset/page-blocks/data.csv	10	LogisticRegression	0.9824951926869505
1380	ada_prior	data/diffprep_dataset/ada_prior/data.csv	14	LogisticRegression	0.920735931189595
1380	eeg	data/diffprep_dataset/eeg/data.csv	14	LogisticRegression	0.8490943891635048
1380	obesity	data/diffprep_dataset/obesity/data.csv	16	LogisticRegression	0.95526412621192
1390	microaggregation2	data/diffprep_dataset/microaggregation2/data.csv	20	LogisticRegression	0.7779781487933963
1390	google	data/diffprep_dataset/google/data.csv	8	LogisticRegression	0.813112916345482
1390	jungle_chess_2pcs_raw_endgame_complete	data/diffprep_dataset/jungle_chess_2pcs_raw_endgame_complete/data.csv	6	LogisticRegression	0.9280809370911877
1390	Run_or_walk_information	data/diffprep_dataset/Run_or_walk_information/data.csv	6	LogisticRegression	0.985932203305961
1390	wall-robot-navigation	data/diffprep_dataset/wall-robot-navigation/data.csv	24	LogisticRegression	0.9726102487485395
1390	avila	data/diffprep_dataset/avila/data.csv	10	LogisticRegression	0.8087328817241154
1390	shuttle	data/diffprep_dataset/shuttle/data.csv	9	LogisticRegression	0.9783871316152645
1390	abalone	data/diffprep_dataset/abalone/data.csv	8	LogisticRegression	0.5118219636631847
1390	connect-4	data/diffprep_dataset/connect-4/data.csv	42	LogisticRegression	0.8146817385393711
1390	house_prices	data/diffprep_dataset/house_prices/data.csv	80	LogisticRegression	0.9197230077359727
1390	USCensus	data/diffprep_dataset/USCensus/data.csv	14	LogisticRegression	0.9210338719143683
1390	pol	data/diffprep_dataset/pol/data.csv	48	LogisticRegression	0.9743373816770725
1390	mozilla4	data/diffprep_dataset/mozilla4/data.csv	5	LogisticRegression	0.9696255407574413
1390	pbcseq	data/diffprep_dataset/pbcseq/data.csv	18	LogisticRegression	0.845371490114376
1390	page-blocks	data/diffprep_dataset/page-blocks/data.csv	10	LogisticRegression	0.9824951926869505
1390	ada_prior	data/diffprep_dataset/ada_prior/data.csv	14	LogisticRegression	0.91536716279115
1390	eeg	data/diffprep_dataset/eeg/data.csv	14	LogisticRegression	0.8011590402308759
1390	obesity	data/diffprep_dataset/obesity/data.csv	16	LogisticRegression	0.9390403028131054
1400	microaggregation2	data/diffprep_dataset/microaggregation2/data.csv	20	LogisticRegression	0.7854934754662193
1400	google	data/diffprep_dataset/google/data.csv	8	LogisticRegression	0.7802935714400936
1400	jungle_chess_2pcs_raw_endgame_complete	data/diffprep_dataset/jungle_chess_2pcs_raw_endgame_complete/data.csv	6	LogisticRegression	0.8530466176624812
1400	Run_or_walk_information	data/diffprep_dataset/Run_or_walk_information/data.csv	6	LogisticRegression	0.9607079171100695
1400	wall-robot-navigation	data/diffprep_dataset/wall-robot-navigation/data.csv	24	LogisticRegression	0.9726102487485395
1400	avila	data/diffprep_dataset/avila/data.csv	10	LogisticRegression	0.7901526178904781
1400	shuttle	data/diffprep_dataset/shuttle/data.csv	9	LogisticRegression	0.9998706812935084
1400	abalone	data/diffprep_dataset/abalone/data.csv	8	LogisticRegression	0.5199374272253009
1400	connect-4	data/diffprep_dataset/connect-4/data.csv	42	LogisticRegression	0.8808114967664749
1400	house_prices	data/diffprep_dataset/house_prices/data.csv	80	LogisticRegression	0.9651460248662211
1400	USCensus	data/diffprep_dataset/USCensus/data.csv	14	LogisticRegression	0.9210338719143683
1400	pol	data/diffprep_dataset/pol/data.csv	48	LogisticRegression	0.9389710680668849
1400	mozilla4	data/diffprep_dataset/mozilla4/data.csv	5	LogisticRegression	0.9483272334238139
1400	pbcseq	data/diffprep_dataset/pbcseq/data.csv	18	LogisticRegression	0.8468905775751694
1400	page-blocks	data/diffprep_dataset/page-blocks/data.csv	10	LogisticRegression	0.9810999325377465
1400	ada_prior	data/diffprep_dataset/ada_prior/data.csv	14	LogisticRegression	0.9195455804253192
1400	eeg	data/diffprep_dataset/eeg/data.csv	14	LogisticRegression	0.8003253677467759
1400	obesity	data/diffprep_dataset/obesity/data.csv	16	LogisticRegression	0.927642223361274
1410	microaggregation2	data/diffprep_dataset/microaggregation2/data.csv	20	LogisticRegression	0.7744352781220649
1410	google	data/diffprep_dataset/google/data.csv	8	LogisticRegression	0.7406478458688592
1410	jungle_chess_2pcs_raw_endgame_complete	data/diffprep_dataset/jungle_chess_2pcs_raw_endgame_complete/data.csv	6	LogisticRegression	0.9280809370911877
1410	Run_or_walk_information	data/diffprep_dataset/Run_or_walk_information/data.csv	6	LogisticRegression	0.9841273309151182
1410	wall-robot-navigation	data/diffprep_dataset/wall-robot-navigation/data.csv	24	LogisticRegression	0.8754904433993078
1410	avila	data/diffprep_dataset/avila/data.csv	10	LogisticRegression	0.8081401862383287
1410	shuttle	data/diffprep_dataset/shuttle/data.csv	9	LogisticRegression	0.982563501501434
1410	abalone	data/diffprep_dataset/abalone/data.csv	8	LogisticRegression	0.5083042452524146
1410	connect-4	data/diffprep_dataset/connect-4/data.csv	42	LogisticRegression	0.8131359377656162
1410	house_prices	data/diffprep_dataset/house_prices/data.csv	80	LogisticRegression	0.9615911471340486
1410	USCensus	data/diffprep_dataset/USCensus/data.csv	14	LogisticRegression	0.9201165488028843
1410	pol	data/diffprep_dataset/pol/data.csv	48	LogisticRegression	0.9266426855410163
1410	mozilla4	data/diffprep_dataset/mozilla4/data.csv	5	LogisticRegression	0.9696255407574413
1410	pbcseq	data/diffprep_dataset/pbcseq/data.csv	18	LogisticRegression	0.8438496680160495
1410	page-blocks	data/diffprep_dataset/page-blocks/data.csv	10	LogisticRegression	0.9848162334662391
1410	ada_prior	data/diffprep_dataset/ada_prior/data.csv	14	LogisticRegression	0.917757159451228
1410	eeg	data/diffprep_dataset/eeg/data.csv	14	LogisticRegression	0.8059359219444023
1410	obesity	data/diffprep_dataset/obesity/data.csv	16	LogisticRegression	0.95526412621192
1420	microaggregation2	data/diffprep_dataset/microaggregation2/data.csv	20	LogisticRegression	0.79435508432942
1420	google	data/diffprep_dataset/google/data.csv	8	LogisticRegression	0.8048677944164457
1420	jungle_chess_2pcs_raw_endgame_complete	data/diffprep_dataset/jungle_chess_2pcs_raw_endgame_complete/data.csv	6	LogisticRegression	0.9280809370911877
1420	Run_or_walk_information	data/diffprep_dataset/Run_or_walk_information/data.csv	6	LogisticRegression	0.8473979614758606
1420	wall-robot-navigation	data/diffprep_dataset/wall-robot-navigation/data.csv	24	LogisticRegression	0.914374423352155
1420	avila	data/diffprep_dataset/avila/data.csv	10	LogisticRegression	0.7987472222548849
1420	shuttle	data/diffprep_dataset/shuttle/data.csv	9	LogisticRegression	0.9606929969989156
1420	abalone	data/diffprep_dataset/abalone/data.csv	8	LogisticRegression	0.5
1420	connect-4	data/diffprep_dataset/connect-4/data.csv	42	LogisticRegression	0.890671010543787
1420	house_prices	data/diffprep_dataset/house_prices/data.csv	80	LogisticRegression	0.9615911471340486
1420	USCensus	data/diffprep_dataset/USCensus/data.csv	14	LogisticRegression	0.9210338719143683
1420	pol	data/diffprep_dataset/pol/data.csv	48	LogisticRegression	0.9896127188619461
1420	mozilla4	data/diffprep_dataset/mozilla4/data.csv	5	LogisticRegression	0.9696255407574413
1420	pbcseq	data/diffprep_dataset/pbcseq/data.csv	18	LogisticRegression	0.854445504887598
1420	page-blocks	data/diffprep_dataset/page-blocks/data.csv	10	LogisticRegression	0.9810999325377465
1420	ada_prior	data/diffprep_dataset/ada_prior/data.csv	14	LogisticRegression	0.8972392853407708
1420	eeg	data/diffprep_dataset/eeg/data.csv	14	LogisticRegression	0.759453109393303
1420	obesity	data/diffprep_dataset/obesity/data.csv	16	LogisticRegression	0.9377806908406012
1430	microaggregation2	data/diffprep_dataset/microaggregation2/data.csv	20	LogisticRegression	0.773789377027108
1430	google	data/diffprep_dataset/google/data.csv	8	LogisticRegression	0.7884572835228518
1430	jungle_chess_2pcs_raw_endgame_complete	data/diffprep_dataset/jungle_chess_2pcs_raw_endgame_complete/data.csv	6	LogisticRegression	0.871482859234882
1430	Run_or_walk_information	data/diffprep_dataset/Run_or_walk_information/data.csv	6	LogisticRegression	0.9858749565529265
1430	wall-robot-navigation	data/diffprep_dataset/wall-robot-navigation/data.csv	24	LogisticRegression	0.9238397336550607
1430	avila	data/diffprep_dataset/avila/data.csv	10	LogisticRegression	0.866647623050759
1430	shuttle	data/diffprep_dataset/shuttle/data.csv	9	LogisticRegression	0.9986197370923253
1430	abalone	data/diffprep_dataset/abalone/data.csv	8	LogisticRegression	0.5267940410848324
1430	connect-4	data/diffprep_dataset/connect-4/data.csv	42	LogisticRegression	0.8145000318930742
1430	house_prices	data/diffprep_dataset/house_prices/data.csv	80	LogisticRegression	0.9633702257080722
1430	USCensus	data/diffprep_dataset/USCensus/data.csv	14	LogisticRegression	0.921867009915487
1430	pol	data/diffprep_dataset/pol/data.csv	48	LogisticRegression	0.9743373816770725
1430	mozilla4	data/diffprep_dataset/mozilla4/data.csv	5	LogisticRegression	0.946459944479268
1430	pbcseq	data/diffprep_dataset/pbcseq/data.csv	18	LogisticRegression	0.8499206072101154
1430	page-blocks	data/diffprep_dataset/page-blocks/data.csv	10	LogisticRegression	0.9810999325377465
1430	ada_prior	data/diffprep_dataset/ada_prior/data.csv	14	LogisticRegression	0.8978494447348808
1430	eeg	data/diffprep_dataset/eeg/data.csv	14	LogisticRegression	0.8001168139014768
1430	obesity	data/diffprep_dataset/obesity/data.csv	16	LogisticRegression	0.8885933314779292
1440	microaggregation2	data/diffprep_dataset/microaggregation2/data.csv	20	LogisticRegression	0.790885579587844
1440	google	data/diffprep_dataset/google/data.csv	8	LogisticRegression	0.7995462961053569
1440	jungle_chess_2pcs_raw_endgame_complete	data/diffprep_dataset/jungle_chess_2pcs_raw_endgame_complete/data.csv	6	LogisticRegression	0.8212646835824471
1440	Run_or_walk_information	data/diffprep_dataset/Run_or_walk_information/data.csv	6	LogisticRegression	0.9855600399731707
1440	wall-robot-navigation	data/diffprep_dataset/wall-robot-navigation/data.csv	24	LogisticRegression	0.9439415453435881
1440	avila	data/diffprep_dataset/avila/data.csv	10	LogisticRegression	0.8277644945617778
1440	shuttle	data/diffprep_dataset/shuttle/data.csv	9	LogisticRegression	0.992732210306138
1440	abalone	data/diffprep_dataset/abalone/data.csv	8	LogisticRegression	0.5153156695021507
1440	connect-4	data/diffprep_dataset/connect-4/data.csv	42	LogisticRegression	0.8131359377656162
1440	house_prices	data/diffprep_dataset/house_prices/data.csv	80	LogisticRegression	0.95980877090821
1440	USCensus	data/diffprep_dataset/USCensus/data.csv	14	LogisticRegression	0.9208671538621537
1440	pol	data/diffprep_dataset/pol/data.csv	48	LogisticRegression	0.9624621204667398
1440	mozilla4	data/diffprep_dataset/mozilla4/data.csv	5	LogisticRegression	0.9356936871122089
1440	pbcseq	data/diffprep_dataset/pbcseq/data.csv	18	LogisticRegression	0.8423250964582459
1440	page-blocks	data/diffprep_dataset/page-blocks/data.csv	10	LogisticRegression	0.9773695010345429
1440	ada_prior	data/diffprep_dataset/ada_prior/data.csv	14	LogisticRegression	0.9141698213201344
1440	eeg	data/diffprep_dataset/eeg/data.csv	14	LogisticRegression	0.8001168139014768
1440	obesity	data/diffprep_dataset/obesity/data.csv	16	LogisticRegression	0.8872621047656614
1450	microaggregation2	data/diffprep_dataset/microaggregation2/data.csv	20	LogisticRegression	0.7784600182411425
1450	google	data/diffprep_dataset/google/data.csv	8	LogisticRegression	0.7789246342955695
1450	jungle_chess_2pcs_raw_endgame_complete	data/diffprep_dataset/jungle_chess_2pcs_raw_endgame_complete/data.csv	6	LogisticRegression	0.9280809370911877
1450	Run_or_walk_information	data/diffprep_dataset/Run_or_walk_information/data.csv	6	LogisticRegression	0.9368537769767501
1450	wall-robot-navigation	data/diffprep_dataset/wall-robot-navigation/data.csv	24	LogisticRegression	0.9664708656063741
1450	avila	data/diffprep_dataset/avila/data.csv	10	LogisticRegression	0.8368318194300104
1450	shuttle	data/diffprep_dataset/shuttle/data.csv	9	LogisticRegression	0.9994394980912189
1450	abalone	data/diffprep_dataset/abalone/data.csv	8	LogisticRegression	0.5141537386673815
1450	connect-4	data/diffprep_dataset/connect-4/data.csv	42	LogisticRegression	0.890671010543787
1450	house_prices	data/diffprep_dataset/house_prices/data.csv	80	LogisticRegression	0.95980877090821
1450	USCensus	data/diffprep_dataset/USCensus/data.csv	14	LogisticRegression	0.9210338719143683
1450	pol	data/diffprep_dataset/pol/data.csv	48	LogisticRegression	0.9439279633531364
1450	mozilla4	data/diffprep_dataset/mozilla4/data.csv	5	LogisticRegression	0.946459944479268
1450	pbcseq	data/diffprep_dataset/pbcseq/data.csv	18	LogisticRegression	0.8574488375392606
1450	page-blocks	data/diffprep_dataset/page-blocks/data.csv	10	LogisticRegression	0.9792364931869324
1450	ada_prior	data/diffprep_dataset/ada_prior/data.csv	14	LogisticRegression	0.917757159451228
1450	eeg	data/diffprep_dataset/eeg/data.csv	14	LogisticRegression	0.8580880413934088
1450	obesity	data/diffprep_dataset/obesity/data.csv	16	LogisticRegression	0.9402982274263746
1460	microaggregation2	data/diffprep_dataset/microaggregation2/data.csv	20	LogisticRegression	0.7571327492586752
1460	google	data/diffprep_dataset/google/data.csv	8	LogisticRegression	0.7792670940326231
1460	jungle_chess_2pcs_raw_endgame_complete	data/diffprep_dataset/jungle_chess_2pcs_raw_endgame_complete/data.csv	6	LogisticRegression	0.8212646835824471
1460	Run_or_walk_information	data/diffprep_dataset/Run_or_walk_information/data.csv	6	LogisticRegression	0.8981299003939873
1460	wall-robot-navigation	data/diffprep_dataset/wall-robot-navigation/data.csv	24	LogisticRegression	0.9424852191299279
1460	avila	data/diffprep_dataset/avila/data.csv	10	LogisticRegression	0.755747820115287
1460	shuttle	data/diffprep_dataset/shuttle/data.csv	9	LogisticRegression	0.9998706812935084
1460	abalone	data/diffprep_dataset/abalone/data.csv	8	LogisticRegression	0.518785847899556
1460	connect-4	data/diffprep_dataset/connect-4/data.csv	42	LogisticRegression	0.8146817385393711
1460	house_prices	data/diffprep_dataset/house_prices/data.csv	80	LogisticRegression	0.9526459187837538
1460	USCensus	data/diffprep_dataset/USCensus/data.csv	14	LogisticRegression	0.91994966450863
1460	pol	data/diffprep_dataset/pol/data.csv	48	LogisticRegression	0.9414527780687321
1460	mozilla4	data/diffprep_dataset/mozilla4/data.csv	5	LogisticRegression	0.9483272334238139
1460	pbcseq	data/diffprep_dataset/pbcseq/data.csv	18	LogisticRegression	0.8484069450876789
1460	page-blocks	data/diffprep_dataset/page-blocks/data.csv	10	LogisticRegression	0.9806344046669169
1460	ada_prior	data/diffprep_dataset/ada_prior/data.csv	14	LogisticRegression	0.920735931189595
1460	eeg	data/diffprep_dataset/eeg/data.csv	14	LogisticRegression	0.7434628320525005
1460	obesity	data/diffprep_dataset/obesity/data.csv	16	LogisticRegression	0.8711287208139509
1470	microaggregation2	data/diffprep_dataset/microaggregation2/data.csv	20	LogisticRegression	0.7808649050892222
1470	google	data/diffprep_dataset/google/data.csv	8	LogisticRegression	0.7785820239274243
1470	jungle_chess_2pcs_raw_endgame_complete	data/diffprep_dataset/jungle_chess_2pcs_raw_endgame_complete/data.csv	6	LogisticRegression	0.8566353866327345
1470	Run_or_walk_information	data/diffprep_dataset/Run_or_walk_information/data.csv	6	LogisticRegression	0.9858749565529265
1470	wall-robot-navigation	data/diffprep_dataset/wall-robot-navigation/data.csv	24	LogisticRegression	0.9838438483563934
1470	avila	data/diffprep_dataset/avila/data.csv	10	LogisticRegression	0.8185967401008201
1470	shuttle	data/diffprep_dataset/shuttle/data.csv	9	LogisticRegression	0.9986197370923253
1470	abalone	data/diffprep_dataset/abalone/data.csv	8	LogisticRegression	0.5153156695021507
1470	connect-4	data/diffprep_dataset/connect-4/data.csv	42	LogisticRegression	0.890671010543787
1470	house_prices	data/diffprep_dataset/house_prices/data.csv	80	LogisticRegression	0.9633702257080722
1470	USCensus	data/diffprep_dataset/USCensus/data.csv	14	LogisticRegression	0.9101336788479226
1470	pol	data/diffprep_dataset/pol/data.csv	48	LogisticRegression	0.9506138367742533
1470	mozilla4	data/diffprep_dataset/mozilla4/data.csv	5	LogisticRegression	0.9596222586947627
1470	pbcseq	data/diffprep_dataset/pbcseq/data.csv	18	LogisticRegression	0.8484069450876789
1470	page-blocks	data/diffprep_dataset/page-blocks/data.csv	10	LogisticRegression	0.9815652396222593
1470	ada_prior	data/diffprep_dataset/ada_prior/data.csv	14	LogisticRegression	0.9201409482963215
1470	eeg	data/diffprep_dataset/eeg/data.csv	14	LogisticRegression	0.8580880413934088
1470	obesity	data/diffprep_dataset/obesity/data.csv	16	LogisticRegression	0.9212490236593907
1480	microaggregation2	data/diffprep_dataset/microaggregation2/data.csv	20	LogisticRegression	0.7686026281505938
1480	google	data/diffprep_dataset/google/data.csv	8	LogisticRegression	0.8078457327082046
1480	jungle_chess_2pcs_raw_endgame_complete	data/diffprep_dataset/jungle_chess_2pcs_raw_endgame_complete/data.csv	6	LogisticRegression	0.8499678446289414
1480	Run_or_walk_information	data/diffprep_dataset/Run_or_walk_information/data.csv	6	LogisticRegression	0.9762676599446015
1480	wall-robot-navigation	data/diffprep_dataset/wall-robot-navigation/data.csv	24	LogisticRegression	0.914374423352155
1480	avila	data/diffprep_dataset/avila/data.csv	10	LogisticRegression	0.7287970804519757
1480	shuttle	data/diffprep_dataset/shuttle/data.csv	9	LogisticRegression	0.9677560251106324
1480	abalone	data/diffprep_dataset/abalone/data.csv	8	LogisticRegression	0.5153156695021507
1480	connect-4	data/diffprep_dataset/connect-4/data.csv	42	LogisticRegression	0.8804333127702758
1480	house_prices	data/diffprep_dataset/house_prices/data.csv	80	LogisticRegression	0.9580230786249787
1480	USCensus	data/diffprep_dataset/USCensus/data.csv	14	LogisticRegression	0.9062452846174122
1480	pol	data/diffprep_dataset/pol/data.csv	48	LogisticRegression	0.9734817238483046
1480	mozilla4	data/diffprep_dataset/mozilla4/data.csv	5	LogisticRegression	0.951036745326764
1480	pbcseq	data/diffprep_dataset/pbcseq/data.csv	18	LogisticRegression	0.8300277196721593
1480	page-blocks	data/diffprep_dataset/page-blocks/data.csv	10	LogisticRegression	0.9824951926869505
1480	ada_prior	data/diffprep_dataset/ada_prior/data.csv	14	LogisticRegression	0.901501728740569
1480	eeg	data/diffprep_dataset/eeg/data.csv	14	LogisticRegression	0.8580880413934088
1480	obesity	data/diffprep_dataset/obesity/data.csv	16	LogisticRegression	0.9540259349900136
1490	microaggregation2	data/diffprep_dataset/microaggregation2/data.csv	20	LogisticRegression	0.7779781487933963
1490	google	data/diffprep_dataset/google/data.csv	8	LogisticRegression	0.8157337544593545
1490	jungle_chess_2pcs_raw_endgame_complete	data/diffprep_dataset/jungle_chess_2pcs_raw_endgame_complete/data.csv	6	LogisticRegression	0.8340024087790001
1490	Run_or_walk_information	data/diffprep_dataset/Run_or_walk_information/data.csv	6	LogisticRegression	0.9944251422731902
1490	wall-robot-navigation	data/diffprep_dataset/wall-robot-navigation/data.csv	24	LogisticRegression	0.9516709807899238
1490	avila	data/diffprep_dataset/avila/data.csv	10	LogisticRegression	0.7937827409121496
1490	shuttle	data/diffprep_dataset/shuttle/data.csv	9	LogisticRegression	0.9998706812935084
1490	abalone	data/diffprep_dataset/abalone/data.csv	8	LogisticRegression	0.51647498630936
1490	connect-4	data/diffprep_dataset/connect-4/data.csv	42	LogisticRegression	0.890671010543787
1490	house_prices	data/diffprep_dataset/house_prices/data.csv	80	LogisticRegression	0.9669185626769791
1490	USCensus	data/diffprep_dataset/USCensus/data.csv	14	LogisticRegression	0.9042099192525042
1490	pol	data/diffprep_dataset/pol/data.csv	48	LogisticRegression	0.9896127188619461
1490	mozilla4	data/diffprep_dataset/mozilla4/data.csv	5	LogisticRegression	0.9611293882035064
1490	pbcseq	data/diffprep_dataset/pbcseq/data.csv	18	LogisticRegression	0.8781846196678006
1490	page-blocks	data/diffprep_dataset/page-blocks/data.csv	10	LogisticRegression	0.9806344046669169
1490	ada_prior	data/diffprep_dataset/ada_prior/data.csv	14	LogisticRegression	0.9195455804253192
1490	eeg	data/diffprep_dataset/eeg/data.csv	14	LogisticRegression	0.8007423124834451
1490	obesity	data/diffprep_dataset/obesity/data.csv	16	LogisticRegression	0.8294234518093563
1500	microaggregation2	data/diffprep_dataset/microaggregation2/data.csv	20	LogisticRegression	0.7949842765740717
1500	google	data/diffprep_dataset/google/data.csv	8	LogisticRegression	0.7813187002878043
1500	jungle_chess_2pcs_raw_endgame_complete	data/diffprep_dataset/jungle_chess_2pcs_raw_endgame_complete/data.csv	6	LogisticRegression	0.8212646835824471
1500	Run_or_walk_information	data/diffprep_dataset/Run_or_walk_information/data.csv	6	LogisticRegression	0.9841273309151182
1500	wall-robot-navigation	data/diffprep_dataset/wall-robot-navigation/data.csv	24	LogisticRegression	0.9213582901895977
1500	avila	data/diffprep_dataset/avila/data.csv	10	LogisticRegression	0.8683046945887974
1500	shuttle	data/diffprep_dataset/shuttle/data.csv	9	LogisticRegression	0.9744582933698298
1500	abalone	data/diffprep_dataset/abalone/data.csv	8	LogisticRegression	0.48789166575374265
1500	connect-4	data/diffprep_dataset/connect-4/data.csv	42	LogisticRegression	0.8808114967664749
1500	house_prices	data/diffprep_dataset/house_prices/data.csv	80	LogisticRegression	0.9633702257080722
1500	USCensus	data/diffprep_dataset/USCensus/data.csv	14	LogisticRegression	0.9201165488028843
1500	pol	data/diffprep_dataset/pol/data.csv	48	LogisticRegression	0.9743373816770725
1500	mozilla4	data/diffprep_dataset/mozilla4/data.csv	5	LogisticRegression	0.9648035712867039
1500	pbcseq	data/diffprep_dataset/pbcseq/data.csv	18	LogisticRegression	0.855948488467633
1500	page-blocks	data/diffprep_dataset/page-blocks/data.csv	10	LogisticRegression	0.9773695010345429
1500	ada_prior	data/diffprep_dataset/ada_prior/data.csv	14	LogisticRegression	0.8960177200563523
1500	eeg	data/diffprep_dataset/eeg/data.csv	14	LogisticRegression	0.8736996822973337
1500	obesity	data/diffprep_dataset/obesity/data.csv	16	LogisticRegression	0.9109265799407509
1510	microaggregation2	data/diffprep_dataset/microaggregation2/data.csv	20	LogisticRegression	0.7782994282408282
1510	google	data/diffprep_dataset/google/data.csv	8	LogisticRegression	0.8061926805714895
1510	jungle_chess_2pcs_raw_endgame_complete	data/diffprep_dataset/jungle_chess_2pcs_raw_endgame_complete/data.csv	6	LogisticRegression	0.8338686366378271
1510	Run_or_walk_information	data/diffprep_dataset/Run_or_walk_information/data.csv	6	LogisticRegression	0.8810313713098945
1510	wall-robot-navigation	data/diffprep_dataset/wall-robot-navigation/data.csv	24	LogisticRegression	0.7989232680792244
1510	avila	data/diffprep_dataset/avila/data.csv	10	LogisticRegression	0.8087328817241154
1510	shuttle	data/diffprep_dataset/shuttle/data.csv	9	LogisticRegression	0.9998706812935084
1510	abalone	data/diffprep_dataset/abalone/data.csv	8	LogisticRegression	0.51647498630936
1510	connect-4	data/diffprep_dataset/connect-4/data.csv	42	LogisticRegression	0.8410096416143731
1510	house_prices	data/diffprep_dataset/house_prices/data.csv	80	LogisticRegression	0.9633702257080722
1510	USCensus	data/diffprep_dataset/USCensus/data.csv	14	LogisticRegression	0.9086986018952833
1510	pol	data/diffprep_dataset/pol/data.csv	48	LogisticRegression	0.9430447143870397
1510	mozilla4	data/diffprep_dataset/mozilla4/data.csv	5	LogisticRegression	0.9483272334238139
1510	pbcseq	data/diffprep_dataset/pbcseq/data.csv	18	LogisticRegression	0.8970101723823016
1510	page-blocks	data/diffprep_dataset/page-blocks/data.csv	10	LogisticRegression	0.9764346662907081
1510	ada_prior	data/diffprep_dataset/ada_prior/data.csv	14	LogisticRegression	0.9105683503729887
1510	eeg	data/diffprep_dataset/eeg/data.csv	14	LogisticRegression	0.8017837257372732
1510	obesity	data/diffprep_dataset/obesity/data.csv	16	LogisticRegression	0.9540259349900136
1520	microaggregation2	data/diffprep_dataset/microaggregation2/data.csv	20	LogisticRegression	0.7968688725254613
1520	google	data/diffprep_dataset/google/data.csv	8	LogisticRegression	0.7559793664918151
1520	jungle_chess_2pcs_raw_endgame_complete	data/diffprep_dataset/jungle_chess_2pcs_raw_endgame_complete/data.csv	6	LogisticRegression	0.8524579261413096
1520	Run_or_walk_information	data/diffprep_dataset/Run_or_walk_information/data.csv	6	LogisticRegression	0.9116026011395176
1520	wall-robot-navigation	data/diffprep_dataset/wall-robot-navigation/data.csv	24	LogisticRegression	0.9669445097737951
1520	avila	data/diffprep_dataset/avila/data.csv	10	LogisticRegression	0.866647623050759
1520	shuttle	data/diffprep_dataset/shuttle/data.csv	9	LogisticRegression	0.9593011105433242
1520	abalone	data/diffprep_dataset/abalone/data.csv	8	LogisticRegression	0.5199374272253009
1520	connect-4	data/diffprep_dataset/connect-4/data.csv	42	LogisticRegression	0.890671010543787
1520	house_prices	data/diffprep_dataset/house_prices/data.csv	80	LogisticRegression	0.9633702257080722
1520	USCensus	data/diffprep_dataset/USCensus/data.csv	14	LogisticRegression	0.9091209185058478
1520	pol	data/diffprep_dataset/pol/data.csv	48	LogisticRegression	0.9906226997870246
1520	mozilla4	data/diffprep_dataset/mozilla4/data.csv	5	LogisticRegression	0.933456623142456
1520	pbcseq	data/diffprep_dataset/pbcseq/data.csv	18	LogisticRegression	0.8589465659078176
1520	page-blocks	data/diffprep_dataset/page-blocks/data.csv	10	LogisticRegression	0.9866691348852258
1520	ada_prior	data/diffprep_dataset/ada_prior/data.csv	14	LogisticRegression	0.9008940429763744
1520	eeg	data/diffprep_dataset/eeg/data.csv	14	LogisticRegression	0.8005338672599515
1520	obesity	data/diffprep_dataset/obesity/data.csv	16	LogisticRegression	0.9663364561953067
1530	microaggregation2	data/diffprep_dataset/microaggregation2/data.csv	20	LogisticRegression	0.795455844154784
1530	google	data/diffprep_dataset/google/data.csv	8	LogisticRegression	0.7978760492507485
1530	jungle_chess_2pcs_raw_endgame_complete	data/diffprep_dataset/jungle_chess_2pcs_raw_endgame_complete/data.csv	6	LogisticRegression	0.9266975811780119
1530	Run_or_walk_information	data/diffprep_dataset/Run_or_walk_information/data.csv	6	LogisticRegression	0.987762347610059
1530	wall-robot-navigation	data/diffprep_dataset/wall-robot-navigation/data.csv	24	LogisticRegression	0.9726102487485395
1530	avila	data/diffprep_dataset/avila/data.csv	10	LogisticRegression	0.866647623050759
1530	shuttle	data/diffprep_dataset/shuttle/data.csv	9	LogisticRegression	0.9942507142359117
1530	abalone	data/diffprep_dataset/abalone/data.csv	8	LogisticRegression	0.51647498630936
1530	connect-4	data/diffprep_dataset/connect-4/data.csv	42	LogisticRegression	0.8169949558258476
1530	house_prices	data/diffprep_dataset/house_prices/data.csv	80	LogisticRegression	0.9562340517069216
1530	USCensus	data/diffprep_dataset/USCensus/data.csv	14	LogisticRegression	0.9051433631791499
1530	pol	data/diffprep_dataset/pol/data.csv	48	LogisticRegression	0.9743373816770725
1530	mozilla4	data/diffprep_dataset/mozilla4/data.csv	5	LogisticRegression	0.9437372924682162
1530	pbcseq	data/diffprep_dataset/pbcseq/data.csv	18	LogisticRegression	0.8869229903128576
1530	page-blocks	data/diffprep_dataset/page-blocks/data.csv	10	LogisticRegression	0.9824951926869505
1530	ada_prior	data/diffprep_dataset/ada_prior/data.csv	14	LogisticRegression	0.920735931189595
1530	eeg	data/diffprep_dataset/eeg/data.csv	14	LogisticRegression	0.7959342613963917
1530	obesity	data/diffprep_dataset/obesity/data.csv	16	LogisticRegression	0.9263671131731709
1540	microaggregation2	data/diffprep_dataset/microaggregation2/data.csv	20	LogisticRegression	0.7795832219846704
1540	google	data/diffprep_dataset/google/data.csv	8	LogisticRegression	0.7995462961053569
1540	jungle_chess_2pcs_raw_endgame_complete	data/diffprep_dataset/jungle_chess_2pcs_raw_endgame_complete/data.csv	6	LogisticRegression	0.8675698105463053
1540	Run_or_walk_information	data/diffprep_dataset/Run_or_walk_information/data.csv	6	LogisticRegression	0.9841273309151182
1540	wall-robot-navigation	data/diffprep_dataset/wall-robot-navigation/data.csv	24	LogisticRegression	0.9555122516240506
1540	avila	data/diffprep_dataset/avila/data.csv	10	LogisticRegression	0.866647623050759
1540	shuttle	data/diffprep_dataset/shuttle/data.csv	9	LogisticRegression	0.9660174197044347
1540	abalone	data/diffprep_dataset/abalone/data.csv	8	LogisticRegression	0.5094795167525684
1540	connect-4	data/diffprep_dataset/connect-4/data.csv	42	LogisticRegression	0.890671010543787
1540	house_prices	data/diffprep_dataset/house_prices/data.csv	80	LogisticRegression	0.95980877090821
1540	USCensus	data/diffprep_dataset/USCensus/data.csv	14	LogisticRegression	0.9191983102401179
1540	pol	data/diffprep_dataset/pol/data.csv	48	LogisticRegression	0.9906226997870246
1540	mozilla4	data/diffprep_dataset/mozilla4/data.csv	5	LogisticRegression	0.9614639850415635
1540	pbcseq	data/diffprep_dataset/pbcseq/data.csv	18	LogisticRegression	0.8589465659078176
1540	page-blocks	data/diffprep_dataset/page-blocks/data.csv	10	LogisticRegression	0.9824951926869505
1540	ada_prior	data/diffprep_dataset/ada_prior/data.csv	14	LogisticRegression	0.9002859470292763
1540	eeg	data/diffprep_dataset/eeg/data.csv	14	LogisticRegression	0.7454803739763902
1540	obesity	data/diffprep_dataset/obesity/data.csv	16	LogisticRegression	0.9250902454220026
1550	microaggregation2	data/diffprep_dataset/microaggregation2/data.csv	20	LogisticRegression	0.7569676347110225
1550	google	data/diffprep_dataset/google/data.csv	8	LogisticRegression	0.7445999119093207
1550	jungle_chess_2pcs_raw_endgame_complete	data/diffprep_dataset/jungle_chess_2pcs_raw_endgame_complete/data.csv	6	LogisticRegression	0.9280809370911877
1550	Run_or_walk_information	data/diffprep_dataset/Run_or_walk_information/data.csv	6	LogisticRegression	0.913056390375682
1550	wall-robot-navigation	data/diffprep_dataset/wall-robot-navigation/data.csv	24	LogisticRegression	0.9726102487485395
1550	avila	data/diffprep_dataset/avila/data.csv	10	LogisticRegression	0.821080662736429
1550	shuttle	data/diffprep_dataset/shuttle/data.csv	9	LogisticRegression	0.9951173904066068
1550	abalone	data/diffprep_dataset/abalone/data.csv	8	LogisticRegression	0.5035757308949782
1550	connect-4	data/diffprep_dataset/connect-4/data.csv	42	LogisticRegression	0.890671010543787
1550	house_prices	data/diffprep_dataset/house_prices/data.csv	80	LogisticRegression	0.9490442199954907
1550	USCensus	data/diffprep_dataset/USCensus/data.csv	14	LogisticRegression	0.9048888830570183
1550	pol	data/diffprep_dataset/pol/data.csv	48	LogisticRegression	0.9894442884771228
1550	mozilla4	data/diffprep_dataset/mozilla4/data.csv	5	LogisticRegression	0.9306959320745191
1550	pbcseq	data/diffprep_dataset/pbcseq/data.csv	18	LogisticRegression	0.8514315783712834
1550	page-blocks	data/diffprep_dataset/page-blocks/data.csv	10	LogisticRegression	0.9750307336216891
1550	ada_prior	data/diffprep_dataset/ada_prior/data.csv	14	LogisticRegression	0.9105683503729887
1550	eeg	data/diffprep_dataset/eeg/data.csv	14	LogisticRegression	0.8580880413934088
1550	obesity	data/diffprep_dataset/obesity/data.csv	16	LogisticRegression	0.9675588936937934
1560	microaggregation2	data/diffprep_dataset/microaggregation2/data.csv	20	LogisticRegression	0.7795832219846704
1560	google	data/diffprep_dataset/google/data.csv	8	LogisticRegression	0.7626555862399831
1560	jungle_chess_2pcs_raw_endgame_complete	data/diffprep_dataset/jungle_chess_2pcs_raw_endgame_complete/data.csv	6	LogisticRegression	0.8212646835824471
1560	Run_or_walk_information	data/diffprep_dataset/Run_or_walk_information/data.csv	6	LogisticRegression	0.9763832766740387
1560	wall-robot-navigation	data/diffprep_dataset/wall-robot-navigation/data.csv	24	LogisticRegression	0.9463637755136212
1560	avila	data/diffprep_dataset/avila/data.csv	10	LogisticRegression	0.7493808337049281
1560	shuttle	data/diffprep_dataset/shuttle/data.csv	9	LogisticRegression	0.9765350427174503
1560	abalone	data/diffprep_dataset/abalone/data.csv	8	LogisticRegression	0.5083042452524146
1560	connect-4	data/diffprep_dataset/connect-4/data.csv	42	LogisticRegression	0.8174930268956981
1560	house_prices	data/diffprep_dataset/house_prices/data.csv	80	LogisticRegression	0.9436158958517548
1560	USCensus	data/diffprep_dataset/USCensus/data.csv	14	LogisticRegression	0.9210338719143683
1560	pol	data/diffprep_dataset/pol/data.csv	48	LogisticRegression	0.9669539802906858
1560	mozilla4	data/diffprep_dataset/mozilla4/data.csv	5	LogisticRegression	0.9696255407574413
1560	pbcseq	data/diffprep_dataset/pbcseq/data.csv	18	LogisticRegression	0.8898167108569655
1560	page-blocks	data/diffprep_dataset/page-blocks/data.csv	10	LogisticRegression	0.9792364931869324
1560	ada_prior	data/diffprep_dataset/ada_prior/data.csv	14	LogisticRegression	0.896628710730869
1560	eeg	data/diffprep_dataset/eeg/data.csv	14	LogisticRegression	0.7369242904666936
1560	obesity	data/diffprep_dataset/obesity/data.csv	16	LogisticRegression	0.8872621047656614
1570	microaggregation2	data/diffprep_dataset/microaggregation2/data.csv	20	LogisticRegression	0.7779781487933963
1570	google	data/diffprep_dataset/google/data.csv	8	LogisticRegression	0.7664941881372872
1570	jungle_chess_2pcs_raw_endgame_complete	data/diffprep_dataset/jungle_chess_2pcs_raw_endgame_complete/data.csv	6	LogisticRegression	0.797488807467911
1570	Run_or_walk_information	data/diffprep_dataset/Run_or_walk_information/data.csv	6	LogisticRegression	0.9858749565529265
1570	wall-robot-navigation	data/diffprep_dataset/wall-robot-navigation/data.csv	24	LogisticRegression	0.9726102487485395
1570	avila	data/diffprep_dataset/avila/data.csv	10	LogisticRegression	0.8127222706552187
1570	shuttle	data/diffprep_dataset/shuttle/data.csv	9	LogisticRegression	0.9980152718063089
1570	abalone	data/diffprep_dataset/abalone/data.csv	8	LogisticRegression	0.504762012234692
1570	connect-4	data/diffprep_dataset/connect-4/data.csv	42	LogisticRegression	0.8146363156774954
1570	house_prices	data/diffprep_dataset/house_prices/data.csv	80	LogisticRegression	0.95980877090821
1570	USCensus	data/diffprep_dataset/USCensus/data.csv	14	LogisticRegression	0.8912974686627976
1570	pol	data/diffprep_dataset/pol/data.csv	48	LogisticRegression	0.971425070021701
1570	mozilla4	data/diffprep_dataset/mozilla4/data.csv	5	LogisticRegression	0.9696255407574413
1570	pbcseq	data/diffprep_dataset/pbcseq/data.csv	18	LogisticRegression	0.8438496680160495
1570	page-blocks	data/diffprep_dataset/page-blocks/data.csv	10	LogisticRegression	0.9824951926869505
1570	ada_prior	data/diffprep_dataset/ada_prior/data.csv	14	LogisticRegression	0.9159652465941253
1570	eeg	data/diffprep_dataset/eeg/data.csv	14	LogisticRegression	0.8590599389089123
1570	obesity	data/diffprep_dataset/obesity/data.csv	16	LogisticRegression	0.927642223361274
1580	microaggregation2	data/diffprep_dataset/microaggregation2/data.csv	20	LogisticRegression	0.7782994282408282
1580	google	data/diffprep_dataset/google/data.csv	8	LogisticRegression	0.7716978744247489
1580	jungle_chess_2pcs_raw_endgame_complete	data/diffprep_dataset/jungle_chess_2pcs_raw_endgame_complete/data.csv	6	LogisticRegression	0.9280809370911877
1580	Run_or_walk_information	data/diffprep_dataset/Run_or_walk_information/data.csv	6	LogisticRegression	0.9708181423148042
1580	wall-robot-navigation	data/diffprep_dataset/wall-robot-navigation/data.csv	24	LogisticRegression	0.9664708656063741
1580	avila	data/diffprep_dataset/avila/data.csv	10	LogisticRegression	0.872845420412363
1580	shuttle	data/diffprep_dataset/shuttle/data.csv	9	LogisticRegression	0.9877700416455308
1580	abalone	data/diffprep_dataset/abalone/data.csv	8	LogisticRegression	0.5059455121295366
1580	connect-4	data/diffprep_dataset/connect-4/data.csv	42	LogisticRegression	0.8131359377656162
1580	house_prices	data/diffprep_dataset/house_prices/data.csv	80	LogisticRegression	0.9508467747440151
1580	USCensus	data/diffprep_dataset/USCensus/data.csv	14	LogisticRegression	0.8993574655052452
1580	pol	data/diffprep_dataset/pol/data.csv	48	LogisticRegression	0.9648834126463155
1580	mozilla4	data/diffprep_dataset/mozilla4/data.csv	5	LogisticRegression	0.9648035712867039
1580	pbcseq	data/diffprep_dataset/pbcseq/data.csv	18	LogisticRegression	0.854445504887598
1580	page-blocks	data/diffprep_dataset/page-blocks/data.csv	10	LogisticRegression	0.9824951926869505
1580	ada_prior	data/diffprep_dataset/ada_prior/data.csv	14	LogisticRegression	0.920735931189595
1580	eeg	data/diffprep_dataset/eeg/data.csv	14	LogisticRegression	0.8582825089406972
1580	obesity	data/diffprep_dataset/obesity/data.csv	16	LogisticRegression	0.9428090415820634
1590	microaggregation2	data/diffprep_dataset/microaggregation2/data.csv	20	LogisticRegression	0.7968688725254613
1590	google	data/diffprep_dataset/google/data.csv	8	LogisticRegression	0.7864243004656329
1590	jungle_chess_2pcs_raw_endgame_complete	data/diffprep_dataset/jungle_chess_2pcs_raw_endgame_complete/data.csv	6	LogisticRegression	0.8716108584805212
1590	Run_or_walk_information	data/diffprep_dataset/Run_or_walk_information/data.csv	6	LogisticRegression	0.8477309142062738
1590	wall-robot-navigation	data/diffprep_dataset/wall-robot-navigation/data.csv	24	LogisticRegression	0.9626733229605601
1590	avila	data/diffprep_dataset/avila/data.csv	10	LogisticRegression	0.8140477223713826
1590	shuttle	data/diffprep_dataset/shuttle/data.csv	9	LogisticRegression	0.9998706812935084
1590	abalone	data/diffprep_dataset/abalone/data.csv	8	LogisticRegression	0.5141537386673815
1590	connect-4	data/diffprep_dataset/connect-4/data.csv	42	LogisticRegression	0.862900570696433
1590	house_prices	data/diffprep_dataset/house_prices/data.csv	80	LogisticRegression	0.9633702257080722
1590	USCensus	data/diffprep_dataset/USCensus/data.csv	14	LogisticRegression	0.8998694823218459
1590	pol	data/diffprep_dataset/pol/data.csv	48	LogisticRegression	0.9453394452082631
1590	mozilla4	data/diffprep_dataset/mozilla4/data.csv	5	LogisticRegression	0.9287931970199244
1590	pbcseq	data/diffprep_dataset/pbcseq/data.csv	18	LogisticRegression	0.8407977604846422
1590	page-blocks	data/diffprep_dataset/page-blocks/data.csv	10	LogisticRegression	0.9806344046669169
1590	ada_prior	data/diffprep_dataset/ada_prior/data.csv	14	LogisticRegression	0.917757159451228
1590	eeg	data/diffprep_dataset/eeg/data.csv	14	LogisticRegression	0.8003253677467759
1590	obesity	data/diffprep_dataset/obesity/data.csv	16	LogisticRegression	0.8533067371741863
1600	microaggregation2	data/diffprep_dataset/microaggregation2/data.csv	20	LogisticRegression	0.7856525949807587
1600	google	data/diffprep_dataset/google/data.csv	8	LogisticRegression	0.8124563858255592
1600	jungle_chess_2pcs_raw_endgame_complete	data/diffprep_dataset/jungle_chess_2pcs_raw_endgame_complete/data.csv	6	LogisticRegression	0.9280809370911877
1600	Run_or_walk_information	data/diffprep_dataset/Run_or_walk_information/data.csv	6	LogisticRegression	0.9697711242413588
1600	wall-robot-navigation	data/diffprep_dataset/wall-robot-navigation/data.csv	24	LogisticRegression	0.977775002771065
1600	avila	data/diffprep_dataset/avila/data.csv	10	LogisticRegression	0.7785455706368238
1600	shuttle	data/diffprep_dataset/shuttle/data.csv	9	LogisticRegression	0.9951173904066068
1600	abalone	data/diffprep_dataset/abalone/data.csv	8	LogisticRegression	0.5153156695021507
1600	connect-4	data/diffprep_dataset/connect-4/data.csv	42	LogisticRegression	0.8796764570198136
1600	house_prices	data/diffprep_dataset/house_prices/data.csv	80	LogisticRegression	0.9580230786249787
1600	USCensus	data/diffprep_dataset/USCensus/data.csv	14	LogisticRegression	0.921867009915487
1600	pol	data/diffprep_dataset/pol/data.csv	48	LogisticRegression	0.9446339679120868
1600	mozilla4	data/diffprep_dataset/mozilla4/data.csv	5	LogisticRegression	0.9611293882035064
1600	pbcseq	data/diffprep_dataset/pbcseq/data.csv	18	LogisticRegression	0.8484069450876789
1600	page-blocks	data/diffprep_dataset/page-blocks/data.csv	10	LogisticRegression	0.9792364931869324
1600	ada_prior	data/diffprep_dataset/ada_prior/data.csv	14	LogisticRegression	0.896628710730869
1600	eeg	data/diffprep_dataset/eeg/data.csv	14	LogisticRegression	0.8600307381099771
1600	obesity	data/diffprep_dataset/obesity/data.csv	16	LogisticRegression	0.9314570806774771
1610	microaggregation2	data/diffprep_dataset/microaggregation2/data.csv	20	LogisticRegression	0.7782994282408282
1610	google	data/diffprep_dataset/google/data.csv	8	LogisticRegression	0.8078457327082046
1610	jungle_chess_2pcs_raw_endgame_complete	data/diffprep_dataset/jungle_chess_2pcs_raw_endgame_complete/data.csv	6	LogisticRegression	0.871866800596882
1610	Run_or_walk_information	data/diffprep_dataset/Run_or_walk_information/data.csv	6	LogisticRegression	0.8302063467410338
1610	wall-robot-navigation	data/diffprep_dataset/wall-robot-navigation/data.csv	24	LogisticRegression	0.9439415453435881
1610	avila	data/diffprep_dataset/avila/data.csv	10	LogisticRegression	0.866647623050759
1610	shuttle	data/diffprep_dataset/shuttle/data.csv	9	LogisticRegression	0.9771086834689091
1610	abalone	data/diffprep_dataset/abalone/data.csv	8	LogisticRegression	0.49519219602572967
1610	connect-4	data/diffprep_dataset/connect-4/data.csv	42	LogisticRegression	0.890671010543787
1610	house_prices	data/diffprep_dataset/house_prices/data.csv	80	LogisticRegression	0.9633702257080722
1610	USCensus	data/diffprep_dataset/USCensus/data.csv	14	LogisticRegression	0.921867009915487
1610	pol	data/diffprep_dataset/pol/data.csv	48	LogisticRegression	0.9544631999192007
1610	mozilla4	data/diffprep_dataset/mozilla4/data.csv	5	LogisticRegression	0.950698478645131
1610	pbcseq	data/diffprep_dataset/pbcseq/data.csv	18	LogisticRegression	0.8468905775751694
1610	page-blocks	data/diffprep_dataset/page-blocks/data.csv	10	LogisticRegression	0.9806344046669169
1610	ada_prior	data/diffprep_dataset/ada_prior/data.csv	14	LogisticRegression	0.9147686879558149
1610	eeg	data/diffprep_dataset/eeg/data.csv	14	LogisticRegression	0.8017837257372732
1610	obesity	data/diffprep_dataset/obesity/data.csv	16	LogisticRegression	0.8859288777093441
1620	microaggregation2	data/diffprep_dataset/microaggregation2/data.csv	20	LogisticRegression	0.7604275113381945
1620	google	data/diffprep_dataset/google/data.csv	8	LogisticRegression	0.7682326666421125
1620	jungle_chess_2pcs_raw_endgame_complete	data/diffprep_dataset/jungle_chess_2pcs_raw_endgame_complete/data.csv	6	LogisticRegression	0.8209250232496338
1620	Run_or_walk_information	data/diffprep_dataset/Run_or_walk_information/data.csv	6	LogisticRegression	0.913056390375682
1620	wall-robot-navigation	data/diffprep_dataset/wall-robot-navigation/data.csv	24	LogisticRegression	0.9626733229605601
1620	avila	data/diffprep_dataset/avila/data.csv	10	LogisticRegression	0.7287970804519757
1620	shuttle	data/diffprep_dataset/shuttle/data.csv	9	LogisticRegression	0.9998706812935084
1620	abalone	data/diffprep_dataset/abalone/data.csv	8	LogisticRegression	0.512989176042577
1620	connect-4	data/diffprep_dataset/connect-4/data.csv	42	LogisticRegression	0.8826999863134551
1620	house_prices	data/diffprep_dataset/house_prices/data.csv	80	LogisticRegression	0.9669185626769791
1620	USCensus	data/diffprep_dataset/USCensus/data.csv	14	LogisticRegression	0.9031055143728157
1620	pol	data/diffprep_dataset/pol/data.csv	48	LogisticRegression	0.9414527780687321
1620	mozilla4	data/diffprep_dataset/mozilla4/data.csv	5	LogisticRegression	0.9696255407574413
1620	pbcseq	data/diffprep_dataset/pbcseq/data.csv	18	LogisticRegression	0.881107039125149
1620	page-blocks	data/diffprep_dataset/page-blocks/data.csv	10	LogisticRegression	0.9880565306512361
1620	ada_prior	data/diffprep_dataset/ada_prior/data.csv	14	LogisticRegression	0.9105683503729887
1620	eeg	data/diffprep_dataset/eeg/data.csv	14	LogisticRegression	0.7990732282038003
1620	obesity	data/diffprep_dataset/obesity/data.csv	16	LogisticRegression	0.9161023407993055
1630	microaggregation2	data/diffprep_dataset/microaggregation2/data.csv	20	LogisticRegression	0.772172260574025
1630	google	data/diffprep_dataset/google/data.csv	8	LogisticRegression	0.7978760492507485
1630	jungle_chess_2pcs_raw_endgame_complete	data/diffprep_dataset/jungle_chess_2pcs_raw_endgame_complete/data.csv	6	LogisticRegression	0.871866800596882
1630	Run_or_walk_information	data/diffprep_dataset/Run_or_walk_information/data.csv	6	LogisticRegression	0.8477309142062738
1630	wall-robot-navigation	data/diffprep_dataset/wall-robot-navigation/data.csv	24	LogisticRegression	0.9559913252323025
1630	avila	data/diffprep_dataset/avila/data.csv	10	LogisticRegression	0.7287970804519757
1630	shuttle	data/diffprep_dataset/shuttle/data.csv	9	LogisticRegression	0.9998706812935084
1630	abalone	data/diffprep_dataset/abalone/data.csv	8	LogisticRegression	0.49277070378338955
1630	connect-4	data/diffprep_dataset/connect-4/data.csv	42	LogisticRegression	0.8131359377656162
1630	house_prices	data/diffprep_dataset/house_prices/data.csv	80	LogisticRegression	0.9580230786249787
1630	USCensus	data/diffprep_dataset/USCensus/data.csv	14	LogisticRegression	0.9210338719143683
1630	pol	data/diffprep_dataset/pol/data.csv	48	LogisticRegression	0.8598449472627803
1630	mozilla4	data/diffprep_dataset/mozilla4/data.csv	5	LogisticRegression	0.9696255407574413
1630	pbcseq	data/diffprep_dataset/pbcseq/data.csv	18	LogisticRegression	0.8678786594963921
1630	page-blocks	data/diffprep_dataset/page-blocks/data.csv	10	LogisticRegression	0.9810999325377465
1630	ada_prior	data/diffprep_dataset/ada_prior/data.csv	14	LogisticRegression	0.8947944871036868
1630	eeg	data/diffprep_dataset/eeg/data.csv	14	LogisticRegression	0.8600307381099771
1630	obesity	data/diffprep_dataset/obesity/data.csv	16	LogisticRegression	0.9004858158192863
1640	microaggregation2	data/diffprep_dataset/microaggregation2/data.csv	20	LogisticRegression	0.793882862896032
1640	google	data/diffprep_dataset/google/data.csv	8	LogisticRegression	0.7727344066238819
1640	jungle_chess_2pcs_raw_endgame_complete	data/diffprep_dataset/jungle_chess_2pcs_raw_endgame_complete/data.csv	6	LogisticRegression	0.9280809370911877
1640	Run_or_walk_information	data/diffprep_dataset/Run_or_walk_information/data.csv	6	LogisticRegression	0.9037367085490383
1640	wall-robot-navigation	data/diffprep_dataset/wall-robot-navigation/data.csv	24	LogisticRegression	0.9726102487485395
1640	avila	data/diffprep_dataset/avila/data.csv	10	LogisticRegression	0.9570788891204319
1640	shuttle	data/diffprep_dataset/shuttle/data.csv	9	LogisticRegression	0.9678451001741107
1640	abalone	data/diffprep_dataset/abalone/data.csv	8	LogisticRegression	0.5011947448335864
1640	connect-4	data/diffprep_dataset/connect-4/data.csv	42	LogisticRegression	0.890671010543787
1640	house_prices	data/diffprep_dataset/house_prices/data.csv	80	LogisticRegression	0.95980877090821
1640	USCensus	data/diffprep_dataset/USCensus/data.csv	14	LogisticRegression	0.921867009915487
1640	pol	data/diffprep_dataset/pol/data.csv	48	LogisticRegression	0.9428679653058534
1640	mozilla4	data/diffprep_dataset/mozilla4/data.csv	5	LogisticRegression	0.9696255407574413
1640	pbcseq	data/diffprep_dataset/pbcseq/data.csv	18	LogisticRegression	0.8346604685058322
1640	page-blocks	data/diffprep_dataset/page-blocks/data.csv	10	LogisticRegression	0.9815652396222593
1640	ada_prior	data/diffprep_dataset/ada_prior/data.csv	14	LogisticRegression	0.9147686879558149
1640	eeg	data/diffprep_dataset/eeg/data.csv	14	LogisticRegression	0.8580880413934088
1640	obesity	data/diffprep_dataset/obesity/data.csv	16	LogisticRegression	0.9540259349900136
1650	microaggregation2	data/diffprep_dataset/microaggregation2/data.csv	20	LogisticRegression	0.7910436144739429
1650	google	data/diffprep_dataset/google/data.csv	8	LogisticRegression	0.8134409828976024
1650	jungle_chess_2pcs_raw_endgame_complete	data/diffprep_dataset/jungle_chess_2pcs_raw_endgame_complete/data.csv	6	LogisticRegression	0.8212646835824471
1650	Run_or_walk_information	data/diffprep_dataset/Run_or_walk_information/data.csv	6	LogisticRegression	0.9342596954073211
1650	wall-robot-navigation	data/diffprep_dataset/wall-robot-navigation/data.csv	24	LogisticRegression	0.8617853518562454
1650	avila	data/diffprep_dataset/avila/data.csv	10	LogisticRegression	0.8371180625782585
1650	shuttle	data/diffprep_dataset/shuttle/data.csv	9	LogisticRegression	0.9871152676988326
1650	abalone	data/diffprep_dataset/abalone/data.csv	8	LogisticRegression	0.5141537386673815
1650	connect-4	data/diffprep_dataset/connect-4/data.csv	42	LogisticRegression	0.890671010543787
1650	house_prices	data/diffprep_dataset/house_prices/data.csv	80	LogisticRegression	0.9615911471340486
1650	USCensus	data/diffprep_dataset/USCensus/data.csv	14	LogisticRegression	0.9201165488028843
1650	pol	data/diffprep_dataset/pol/data.csv	48	LogisticRegression	0.9666091936937768
1650	mozilla4	data/diffprep_dataset/mozilla4/data.csv	5	LogisticRegression	0.9454398687981308
1650	pbcseq	data/diffprep_dataset/pbcseq/data.csv	18	LogisticRegression	0.8499206072101154
1650	page-blocks	data/diffprep_dataset/page-blocks/data.csv	10	LogisticRegression	0.9852797854963647
1650	ada_prior	data/diffprep_dataset/ada_prior/data.csv	14	LogisticRegression	0.8960177200563523
1650	eeg	data/diffprep_dataset/eeg/data.csv	14	LogisticRegression	0.9122003504196547
1650	obesity	data/diffprep_dataset/obesity/data.csv	16	LogisticRegression	0.9540259349900136
1660	microaggregation2	data/diffprep_dataset/microaggregation2/data.csv	20	LogisticRegression	0.793882862896032
1660	google	data/diffprep_dataset/google/data.csv	8	LogisticRegression	0.8134409828976024
1660	jungle_chess_2pcs_raw_endgame_complete	data/diffprep_dataset/jungle_chess_2pcs_raw_endgame_complete/data.csv	6	LogisticRegression	0.9280809370911877
1660	Run_or_walk_information	data/diffprep_dataset/Run_or_walk_information/data.csv	6	LogisticRegression	0.9116335569641404
1660	wall-robot-navigation	data/diffprep_dataset/wall-robot-navigation/data.csv	24	LogisticRegression	0.9810475077457832
1660	avila	data/diffprep_dataset/avila/data.csv	10	LogisticRegression	0.7773136939622732
1660	shuttle	data/diffprep_dataset/shuttle/data.csv	9	LogisticRegression	0.9986197370923253
1660	abalone	data/diffprep_dataset/abalone/data.csv	8	LogisticRegression	0.5118219636631847
1660	connect-4	data/diffprep_dataset/connect-4/data.csv	42	LogisticRegression	0.8537608784990195
1660	house_prices	data/diffprep_dataset/house_prices/data.csv	80	LogisticRegression	0.9651460248662211
1660	USCensus	data/diffprep_dataset/USCensus/data.csv	14	LogisticRegression	0.9191983102401179
1660	pol	data/diffprep_dataset/pol/data.csv	48	LogisticRegression	0.9743373816770725
1660	mozilla4	data/diffprep_dataset/mozilla4/data.csv	5	LogisticRegression	0.9696255407574413
1660	pbcseq	data/diffprep_dataset/pbcseq/data.csv	18	LogisticRegression	0.8869229903128576
1660	page-blocks	data/diffprep_dataset/page-blocks/data.csv	10	LogisticRegression	0.9824951926869505
1660	ada_prior	data/diffprep_dataset/ada_prior/data.csv	14	LogisticRegression	0.9021090051507917
1660	eeg	data/diffprep_dataset/eeg/data.csv	14	LogisticRegression	0.7366977884510569
1660	obesity	data/diffprep_dataset/obesity/data.csv	16	LogisticRegression	0.8978566545412575
1670	microaggregation2	data/diffprep_dataset/microaggregation2/data.csv	20	LogisticRegression	0.7789415895944959
1670	google	data/diffprep_dataset/google/data.csv	8	LogisticRegression	0.7992125259818146
1670	jungle_chess_2pcs_raw_endgame_complete	data/diffprep_dataset/jungle_chess_2pcs_raw_endgame_complete/data.csv	6	LogisticRegression	0.9280809370911877
1670	Run_or_walk_information	data/diffprep_dataset/Run_or_walk_information/data.csv	6	LogisticRegression	0.9855600399731707
1670	wall-robot-navigation	data/diffprep_dataset/wall-robot-navigation/data.csv	24	LogisticRegression	0.9073368025491269
1670	avila	data/diffprep_dataset/avila/data.csv	10	LogisticRegression	0.7287970804519757
1670	shuttle	data/diffprep_dataset/shuttle/data.csv	9	LogisticRegression	0.9994826247821316
1670	abalone	data/diffprep_dataset/abalone/data.csv	8	LogisticRegression	0.5118219636631847
1670	connect-4	data/diffprep_dataset/connect-4/data.csv	42	LogisticRegression	0.890671010543787
1670	house_prices	data/diffprep_dataset/house_prices/data.csv	80	LogisticRegression	0.9381561630674127
1670	USCensus	data/diffprep_dataset/USCensus/data.csv	14	LogisticRegression	0.8991867284433356
1670	pol	data/diffprep_dataset/pol/data.csv	48	LogisticRegression	0.9567305437443363
1670	mozilla4	data/diffprep_dataset/mozilla4/data.csv	5	LogisticRegression	0.9320772997097867
1670	pbcseq	data/diffprep_dataset/pbcseq/data.csv	18	LogisticRegression	0.8377347347825459
1670	page-blocks	data/diffprep_dataset/page-blocks/data.csv	10	LogisticRegression	0.9806344046669169
1670	ada_prior	data/diffprep_dataset/ada_prior/data.csv	14	LogisticRegression	0.9105683503729887
1670	eeg	data/diffprep_dataset/eeg/data.csv	14	LogisticRegression	0.7541606887522573
1670	obesity	data/diffprep_dataset/obesity/data.csv	16	LogisticRegression	0.8615780782204108
1680	microaggregation2	data/diffprep_dataset/microaggregation2/data.csv	20	LogisticRegression	0.7673004626611403
1680	google	data/diffprep_dataset/google/data.csv	8	LogisticRegression	0.7692738679330908
1680	jungle_chess_2pcs_raw_endgame_complete	data/diffprep_dataset/jungle_chess_2pcs_raw_endgame_complete/data.csv	6	LogisticRegression	0.9280809370911877
1680	Run_or_walk_information	data/diffprep_dataset/Run_or_walk_information/data.csv	6	LogisticRegression	0.9368537769767501
1680	wall-robot-navigation	data/diffprep_dataset/wall-robot-navigation/data.csv	24	LogisticRegression	0.9631488346334006
1680	avila	data/diffprep_dataset/avila/data.csv	10	LogisticRegression	0.7287970804519757
1680	shuttle	data/diffprep_dataset/shuttle/data.csv	9	LogisticRegression	0.9587168148282801
1680	abalone	data/diffprep_dataset/abalone/data.csv	8	LogisticRegression	0.5
1680	connect-4	data/diffprep_dataset/connect-4/data.csv	42	LogisticRegression	0.890671010543787
1680	house_prices	data/diffprep_dataset/house_prices/data.csv	80	LogisticRegression	0.9562340517069216
1680	USCensus	data/diffprep_dataset/USCensus/data.csv	14	LogisticRegression	0.8996135103404699
1680	pol	data/diffprep_dataset/pol/data.csv	48	LogisticRegression	0.9439279633531364
1680	mozilla4	data/diffprep_dataset/mozilla4/data.csv	5	LogisticRegression	0.9483272334238139
1680	pbcseq	data/diffprep_dataset/pbcseq/data.csv	18	LogisticRegression	0.845371490114376
1680	page-blocks	data/diffprep_dataset/page-blocks/data.csv	10	LogisticRegression	0.9769021954849825
1680	ada_prior	data/diffprep_dataset/ada_prior/data.csv	14	LogisticRegression	0.920735931189595
1680	eeg	data/diffprep_dataset/eeg/data.csv	14	LogisticRegression	0.8490943891635048
1680	obesity	data/diffprep_dataset/obesity/data.csv	16	LogisticRegression	0.8792324183002301
1690	microaggregation2	data/diffprep_dataset/microaggregation2/data.csv	20	LogisticRegression	0.7528280016046162
1690	google	data/diffprep_dataset/google/data.csv	8	LogisticRegression	0.7734246563431293
1690	jungle_chess_2pcs_raw_endgame_complete	data/diffprep_dataset/jungle_chess_2pcs_raw_endgame_complete/data.csv	6	LogisticRegression	0.8566353866327345
1690	Run_or_walk_information	data/diffprep_dataset/Run_or_walk_information/data.csv	6	LogisticRegression	0.9116335569641404
1690	wall-robot-navigation	data/diffprep_dataset/wall-robot-navigation/data.csv	24	LogisticRegression	0.8617853518562454
1690	avila	data/diffprep_dataset/avila/data.csv	10	LogisticRegression	0.7136830916748673
1690	shuttle	data/diffprep_dataset/shuttle/data.csv	9	LogisticRegression	0.9897317644277369
1690	abalone	data/diffprep_dataset/abalone/data.csv	8	LogisticRegression	0.5199374272253009
1690	connect-4	data/diffprep_dataset/connect-4/data.csv	42	LogisticRegression	0.890671010543787
1690	house_prices	data/diffprep_dataset/house_prices/data.csv	80	LogisticRegression	0.9436158958517548
1690	USCensus	data/diffprep_dataset/USCensus/data.csv	14	LogisticRegression	0.8810752332875601
1690	pol	data/diffprep_dataset/pol/data.csv	48	LogisticRegression	0.9902861539306034
1690	mozilla4	data/diffprep_dataset/mozilla4/data.csv	5	LogisticRegression	0.9648035712867039
1690	pbcseq	data/diffprep_dataset/pbcseq/data.csv	18	LogisticRegression	0.855948488467633
1690	page-blocks	data/diffprep_dataset/page-blocks/data.csv	10	LogisticRegression	0.9797026853072178
1690	ada_prior	data/diffprep_dataset/ada_prior/data.csv	14	LogisticRegression	0.91536716279115
1690	eeg	data/diffprep_dataset/eeg/data.csv	14	LogisticRegression	0.8736996822973337
1690	obesity	data/diffprep_dataset/obesity/data.csv	16	LogisticRegression	0.9675588936937934
1700	microaggregation2	data/diffprep_dataset/microaggregation2/data.csv	20	LogisticRegression	0.7956129712366434
1700	google	data/diffprep_dataset/google/data.csv	8	LogisticRegression	0.7406478458688592
1700	jungle_chess_2pcs_raw_endgame_complete	data/diffprep_dataset/jungle_chess_2pcs_raw_endgame_complete/data.csv	6	LogisticRegression	0.8675698105463053
1700	Run_or_walk_information	data/diffprep_dataset/Run_or_walk_information/data.csv	6	LogisticRegression	0.9763832766740387
1700	wall-robot-navigation	data/diffprep_dataset/wall-robot-navigation/data.csv	24	LogisticRegression	0.9631488346334006
1700	avila	data/diffprep_dataset/avila/data.csv	10	LogisticRegression	0.7287970804519757
1700	shuttle	data/diffprep_dataset/shuttle/data.csv	9	LogisticRegression	0.9770204529677162
1700	abalone	data/diffprep_dataset/abalone/data.csv	8	LogisticRegression	0.5118219636631847
1700	connect-4	data/diffprep_dataset/connect-4/data.csv	42	LogisticRegression	0.8146817385393711
1700	house_prices	data/diffprep_dataset/house_prices/data.csv	80	LogisticRegression	0.9633702257080722
1700	USCensus	data/diffprep_dataset/USCensus/data.csv	14	LogisticRegression	0.9194488298841716
1700	pol	data/diffprep_dataset/pol/data.csv	48	LogisticRegression	0.9743373816770725
1700	mozilla4	data/diffprep_dataset/mozilla4/data.csv	5	LogisticRegression	0.9674669402496591
1700	pbcseq	data/diffprep_dataset/pbcseq/data.csv	18	LogisticRegression	0.8423250964582459
1700	page-blocks	data/diffprep_dataset/page-blocks/data.csv	10	LogisticRegression	0.9787700790174926
1700	ada_prior	data/diffprep_dataset/ada_prior/data.csv	14	LogisticRegression	0.9105683503729887
1700	eeg	data/diffprep_dataset/eeg/data.csv	14	LogisticRegression	0.7999082056815575
1700	obesity	data/diffprep_dataset/obesity/data.csv	16	LogisticRegression	0.9675588936937934
1710	microaggregation2	data/diffprep_dataset/microaggregation2/data.csv	20	LogisticRegression	0.790885579587844
1710	google	data/diffprep_dataset/google/data.csv	8	LogisticRegression	0.8124563858255592
1710	jungle_chess_2pcs_raw_endgame_complete	data/diffprep_dataset/jungle_chess_2pcs_raw_endgame_complete/data.csv	6	LogisticRegression	0.8716108584805212
1710	Run_or_walk_information	data/diffprep_dataset/Run_or_walk_information/data.csv	6	LogisticRegression	0.9287763877854197
1710	wall-robot-navigation	data/diffprep_dataset/wall-robot-navigation/data.csv	24	LogisticRegression	0.9664708656063741
1710	avila	data/diffprep_dataset/avila/data.csv	10	LogisticRegression	0.7901526178904781
1710	shuttle	data/diffprep_dataset/shuttle/data.csv	9	LogisticRegression	0.9744582933698298
1710	abalone	data/diffprep_dataset/abalone/data.csv	8	LogisticRegression	0.5083042452524146
1710	connect-4	data/diffprep_dataset/connect-4/data.csv	42	LogisticRegression	0.8746140145021281
1710	house_prices	data/diffprep_dataset/house_prices/data.csv	80	LogisticRegression	0.9580230786249787
1710	USCensus	data/diffprep_dataset/USCensus/data.csv	14	LogisticRegression	0.9208671538621537
1710	pol	data/diffprep_dataset/pol/data.csv	48	LogisticRegression	0.9877584050093761
1710	mozilla4	data/diffprep_dataset/mozilla4/data.csv	5	LogisticRegression	0.9696255407574413
1710	pbcseq	data/diffprep_dataset/pbcseq/data.csv	18	LogisticRegression	0.8619342151577695
1710	page-blocks	data/diffprep_dataset/page-blocks/data.csv	10	LogisticRegression	0.9824951926869505
1710	ada_prior	data/diffprep_dataset/ada_prior/data.csv	14	LogisticRegression	0.9159652465941253
1710	eeg	data/diffprep_dataset/eeg/data.csv	14	LogisticRegression	0.8207099079479944
1710	obesity	data/diffprep_dataset/obesity/data.csv	16	LogisticRegression	0.8885933314779292
1720	microaggregation2	data/diffprep_dataset/microaggregation2/data.csv	20	LogisticRegression	0.773789377027108
1720	google	data/diffprep_dataset/google/data.csv	8	LogisticRegression	0.7744588774287341
1720	jungle_chess_2pcs_raw_endgame_complete	data/diffprep_dataset/jungle_chess_2pcs_raw_endgame_complete/data.csv	6	LogisticRegression	0.8338017425190207
1720	Run_or_walk_information	data/diffprep_dataset/Run_or_walk_information/data.csv	6	LogisticRegression	0.9858749565529265
1720	wall-robot-navigation	data/diffprep_dataset/wall-robot-navigation/data.csv	24	LogisticRegression	0.9626733229605601
1720	avila	data/diffprep_dataset/avila/data.csv	10	LogisticRegression	0.7287970804519757
1720	shuttle	data/diffprep_dataset/shuttle/data.csv	9	LogisticRegression	0.9933398904358138
1720	abalone	data/diffprep_dataset/abalone/data.csv	8	LogisticRegression	0.5199374272253009
1720	connect-4	data/diffprep_dataset/connect-4/data.csv	42	LogisticRegression	0.8536741890660398
1720	house_prices	data/diffprep_dataset/house_prices/data.csv	80	LogisticRegression	0.9669185626769791
1720	USCensus	data/diffprep_dataset/USCensus/data.csv	14	LogisticRegression	0.9210338719143683
1720	pol	data/diffprep_dataset/pol/data.csv	48	LogisticRegression	0.9902861539306034
1720	mozilla4	data/diffprep_dataset/mozilla4/data.csv	5	LogisticRegression	0.9658031953551667
1720	pbcseq	data/diffprep_dataset/pbcseq/data.csv	18	LogisticRegression	0.8634241630548938
1720	page-blocks	data/diffprep_dataset/page-blocks/data.csv	10	LogisticRegression	0.9815652396222593
1720	ada_prior	data/diffprep_dataset/ada_prior/data.csv	14	LogisticRegression	0.9063485471591867
1720	eeg	data/diffprep_dataset/eeg/data.csv	14	LogisticRegression	0.8009507034596428
1720	obesity	data/diffprep_dataset/obesity/data.csv	16	LogisticRegression	0.8778869968260251
1730	microaggregation2	data/diffprep_dataset/microaggregation2/data.csv	20	LogisticRegression	0.7686026281505938
1730	google	data/diffprep_dataset/google/data.csv	8	LogisticRegression	0.7857454705588416
1730	jungle_chess_2pcs_raw_endgame_complete	data/diffprep_dataset/jungle_chess_2pcs_raw_endgame_complete/data.csv	6	LogisticRegression	0.8524579261413096
1730	Run_or_walk_information	data/diffprep_dataset/Run_or_walk_information/data.csv	6	LogisticRegression	0.987762347610059
1730	wall-robot-navigation	data/diffprep_dataset/wall-robot-navigation/data.csv	24	LogisticRegression	0.9810475077457832
1730	avila	data/diffprep_dataset/avila/data.csv	10	LogisticRegression	0.7628471622837123
1730	shuttle	data/diffprep_dataset/shuttle/data.csv	9	LogisticRegression	0.9998706812935084
1730	abalone	data/diffprep_dataset/abalone/data.csv	8	LogisticRegression	0.5153156695021507
1730	connect-4	data/diffprep_dataset/connect-4/data.csv	42	LogisticRegression	0.8169949558258476
1730	house_prices	data/diffprep_dataset/house_prices/data.csv	80	LogisticRegression	0.912245460839306
1730	USCensus	data/diffprep_dataset/USCensus/data.csv	14	LogisticRegression	0.9044645904078856
1730	pol	data/diffprep_dataset/pol/data.csv	48	LogisticRegression	0.9430447143870397
1730	mozilla4	data/diffprep_dataset/mozilla4/data.csv	5	LogisticRegression	0.9648035712867039
1730	pbcseq	data/diffprep_dataset/pbcseq/data.csv	18	LogisticRegression	0.855948488467633
1730	page-blocks	data/diffprep_dataset/page-blocks/data.csv	10	LogisticRegression	0.9806344046669169
1730	ada_prior	data/diffprep_dataset/ada_prior/data.csv	14	LogisticRegression	0.912370862893339
1730	eeg	data/diffprep_dataset/eeg/data.csv	14	LogisticRegression	0.7959342613963917
1730	obesity	data/diffprep_dataset/obesity/data.csv	16	LogisticRegression	0.9365193847004032
1740	microaggregation2	data/diffprep_dataset/microaggregation2/data.csv	20	LogisticRegression	0.79435508432942
1740	google	data/diffprep_dataset/google/data.csv	8	LogisticRegression	0.7998799269548883
1740	jungle_chess_2pcs_raw_endgame_complete	data/diffprep_dataset/jungle_chess_2pcs_raw_endgame_complete/data.csv	6	LogisticRegression	0.8566353866327345
1740	Run_or_walk_information	data/diffprep_dataset/Run_or_walk_information/data.csv	6	LogisticRegression	0.9116335569641404
1740	wall-robot-navigation	data/diffprep_dataset/wall-robot-navigation/data.csv	24	LogisticRegression	0.9439415453435881
1740	avila	data/diffprep_dataset/avila/data.csv	10	LogisticRegression	0.819912695341858
1740	shuttle	data/diffprep_dataset/shuttle/data.csv	9	LogisticRegression	0.998749217771909
1740	abalone	data/diffprep_dataset/abalone/data.csv	8	LogisticRegression	0.507126250053005
1740	connect-4	data/diffprep_dataset/connect-4/data.csv	42	LogisticRegression	0.890671010543787
1740	house_prices	data/diffprep_dataset/house_prices/data.csv	80	LogisticRegression	0.9669185626769791
1740	USCensus	data/diffprep_dataset/USCensus/data.csv	14	LogisticRegression	0.921867009915487
1740	pol	data/diffprep_dataset/pol/data.csv	48	LogisticRegression	0.9743373816770725
1740	mozilla4	data/diffprep_dataset/mozilla4/data.csv	5	LogisticRegression	0.946459944479268
1740	pbcseq	data/diffprep_dataset/pbcseq/data.csv	18	LogisticRegression	0.8589465659078176
1740	page-blocks	data/diffprep_dataset/page-blocks/data.csv	10	LogisticRegression	0.9824951926869505
1740	ada_prior	data/diffprep_dataset/ada_prior/data.csv	14	LogisticRegression	0.920735931189595
1740	eeg	data/diffprep_dataset/eeg/data.csv	14	LogisticRegression	0.8580880413934088
1740	obesity	data/diffprep_dataset/obesity/data.csv	16	LogisticRegression	0.857452381353283
1750	microaggregation2	data/diffprep_dataset/microaggregation2/data.csv	20	LogisticRegression	0.795455844154784
1750	google	data/diffprep_dataset/google/data.csv	8	LogisticRegression	0.7710060787909202
1750	jungle_chess_2pcs_raw_endgame_complete	data/diffprep_dataset/jungle_chess_2pcs_raw_endgame_complete/data.csv	6	LogisticRegression	0.9280809370911877
1750	Run_or_walk_information	data/diffprep_dataset/Run_or_walk_information/data.csv	6	LogisticRegression	0.8473979614758606
1750	wall-robot-navigation	data/diffprep_dataset/wall-robot-navigation/data.csv	24	LogisticRegression	0.8231984436669434
1750	avila	data/diffprep_dataset/avila/data.csv	10	LogisticRegression	0.7287970804519757
1750	shuttle	data/diffprep_dataset/shuttle/data.csv	9	LogisticRegression	0.966151269658157
1750	abalone	data/diffprep_dataset/abalone/data.csv	8	LogisticRegression	0.523376962595868
1750	connect-4	data/diffprep_dataset/connect-4/data.csv	42	LogisticRegression	0.8131359377656162
1750	house_prices	data/diffprep_dataset/house_prices/data.csv	80	LogisticRegression	0.9615911471340486
1750	USCensus	data/diffprep_dataset/USCensus/data.csv	14	LogisticRegression	0.9210338719143683
1750	pol	data/diffprep_dataset/pol/data.csv	48	LogisticRegression	0.8270429251254133
1750	mozilla4	data/diffprep_dataset/mozilla4/data.csv	5	LogisticRegression	0.9277536967535187
1750	pbcseq	data/diffprep_dataset/pbcseq/data.csv	18	LogisticRegression	0.7206109946812684
1750	page-blocks	data/diffprep_dataset/page-blocks/data.csv	10	LogisticRegression	0.9806344046669169
1750	ada_prior	data/diffprep_dataset/ada_prior/data.csv	14	LogisticRegression	0.8898847409276193
1750	eeg	data/diffprep_dataset/eeg/data.csv	14	LogisticRegression	0.8011590402308759
1750	obesity	data/diffprep_dataset/obesity/data.csv	16	LogisticRegression	0.9540259349900136
1760	microaggregation2	data/diffprep_dataset/microaggregation2/data.csv	20	LogisticRegression	0.7779781487933963
1760	google	data/diffprep_dataset/google/data.csv	8	LogisticRegression	0.7741142905919077
1760	jungle_chess_2pcs_raw_endgame_complete	data/diffprep_dataset/jungle_chess_2pcs_raw_endgame_complete/data.csv	6	LogisticRegression	0.8350050167252108
1760	Run_or_walk_information	data/diffprep_dataset/Run_or_walk_information/data.csv	6	LogisticRegression	0.9287763877854197
1760	wall-robot-navigation	data/diffprep_dataset/wall-robot-navigation/data.csv	24	LogisticRegression	0.9564701588837807
1760	avila	data/diffprep_dataset/avila/data.csv	10	LogisticRegression	0.7816167682442432
1760	shuttle	data/diffprep_dataset/shuttle/data.csv	9	LogisticRegression	0.9987060594105996
1760	abalone	data/diffprep_dataset/abalone/data.csv	8	LogisticRegression	0.5035757308949782
1760	connect-4	data/diffprep_dataset/connect-4/data.csv	42	LogisticRegression	0.8169949558258476
1760	house_prices	data/diffprep_dataset/house_prices/data.csv	80	LogisticRegression	0.9686878570435172
1760	USCensus	data/diffprep_dataset/USCensus/data.csv	14	LogisticRegression	0.921867009915487
1760	pol	data/diffprep_dataset/pol/data.csv	48	LogisticRegression	0.9448103866208641
1760	mozilla4	data/diffprep_dataset/mozilla4/data.csv	5	LogisticRegression	0.9649702472093928
1760	pbcseq	data/diffprep_dataset/pbcseq/data.csv	18	LogisticRegression	0.8468905775751694
1760	page-blocks	data/diffprep_dataset/page-blocks/data.csv	10	LogisticRegression	0.9829598392925829
1760	ada_prior	data/diffprep_dataset/ada_prior/data.csv	14	LogisticRegression	0.9111695840802098
1760	eeg	data/diffprep_dataset/eeg/data.csv	14	LogisticRegression	0.7904638580064361
1760	obesity	data/diffprep_dataset/obesity/data.csv	16	LogisticRegression	0.9148111458788166
1770	microaggregation2	data/diffprep_dataset/microaggregation2/data.csv	20	LogisticRegression	0.7604275113381945
1770	google	data/diffprep_dataset/google/data.csv	8	LogisticRegression	0.7424468474160245
1770	jungle_chess_2pcs_raw_endgame_complete	data/diffprep_dataset/jungle_chess_2pcs_raw_endgame_complete/data.csv	6	LogisticRegression	0.8212646835824471
1770	Run_or_walk_information	data/diffprep_dataset/Run_or_walk_information/data.csv	6	LogisticRegression	0.9116335569641404
1770	wall-robot-navigation	data/diffprep_dataset/wall-robot-navigation/data.csv	24	LogisticRegression	0.9688367708983225
1770	avila	data/diffprep_dataset/avila/data.csv	10	LogisticRegression	0.866647623050759
1770	shuttle	data/diffprep_dataset/shuttle/data.csv	9	LogisticRegression	0.982563501501434
1770	abalone	data/diffprep_dataset/abalone/data.csv	8	LogisticRegression	0.49760190464104165
1770	connect-4	data/diffprep_dataset/connect-4/data.csv	42	LogisticRegression	0.8908371805098865
1770	house_prices	data/diffprep_dataset/house_prices/data.csv	80	LogisticRegression	0.9633702257080722
1770	USCensus	data/diffprep_dataset/USCensus/data.csv	14	LogisticRegression	0.9044645904078856
1770	pol	data/diffprep_dataset/pol/data.csv	48	LogisticRegression	0.944281031614353
1770	mozilla4	data/diffprep_dataset/mozilla4/data.csv	5	LogisticRegression	0.9696255407574413
1770	pbcseq	data/diffprep_dataset/pbcseq/data.csv	18	LogisticRegression	0.894139732470557
1770	page-blocks	data/diffprep_dataset/page-blocks/data.csv	10	LogisticRegression	0.9750307336216891
1770	ada_prior	data/diffprep_dataset/ada_prior/data.csv	14	LogisticRegression	0.9159652465941253
1770	eeg	data/diffprep_dataset/eeg/data.csv	14	LogisticRegression	0.7999082056815575
1770	obesity	data/diffprep_dataset/obesity/data.csv	16	LogisticRegression	0.8885933314779292
1780	microaggregation2	data/diffprep_dataset/microaggregation2/data.csv	20	LogisticRegression	0.776530746332687
1780	google	data/diffprep_dataset/google/data.csv	8	LogisticRegression	0.7748033110136646
1780	jungle_chess_2pcs_raw_endgame_complete	data/diffprep_dataset/jungle_chess_2pcs_raw_endgame_complete/data.csv	6	LogisticRegression	0.8211288363094009
1780	Run_or_walk_information	data/diffprep_dataset/Run_or_walk_information/data.csv	6	LogisticRegression	0.9858749565529265
1780	wall-robot-navigation	data/diffprep_dataset/wall-robot-navigation/data.csv	24	LogisticRegression	0.9726102487485395
1780	avila	data/diffprep_dataset/avila/data.csv	10	LogisticRegression	0.8277644945617778
1780	shuttle	data/diffprep_dataset/shuttle/data.csv	9	LogisticRegression	0.8926423386931556
1780	abalone	data/diffprep_dataset/abalone/data.csv	8	LogisticRegression	0.5118219636631847
1780	connect-4	data/diffprep_dataset/connect-4/data.csv	42	LogisticRegression	0.8908371805098865
1780	house_prices	data/diffprep_dataset/house_prices/data.csv	80	LogisticRegression	0.9562340517069216
1780	USCensus	data/diffprep_dataset/USCensus/data.csv	14	LogisticRegression	0.9118191130301825
1780	pol	data/diffprep_dataset/pol/data.csv	48	LogisticRegression	0.9877584050093761
1780	mozilla4	data/diffprep_dataset/mozilla4/data.csv	5	LogisticRegression	0.9274069377443014
1780	pbcseq	data/diffprep_dataset/pbcseq/data.csv	18	LogisticRegression	0.855948488467633
1780	page-blocks	data/diffprep_dataset/page-blocks/data.csv	10	LogisticRegression	0.9797026853072178
1780	ada_prior	data/diffprep_dataset/ada_prior/data.csv	14	LogisticRegression	0.91536716279115
1780	eeg	data/diffprep_dataset/eeg/data.csv	14	LogisticRegression	0.8011590402308759
1780	obesity	data/diffprep_dataset/obesity/data.csv	16	LogisticRegression	0.740583119557822
1790	microaggregation2	data/diffprep_dataset/microaggregation2/data.csv	20	LogisticRegression	0.7571327492586752
1790	google	data/diffprep_dataset/google/data.csv	8	LogisticRegression	0.7713520541634106
1790	jungle_chess_2pcs_raw_endgame_complete	data/diffprep_dataset/jungle_chess_2pcs_raw_endgame_complete/data.csv	6	LogisticRegression	0.8212646835824471
1790	Run_or_walk_information	data/diffprep_dataset/Run_or_walk_information/data.csv	6	LogisticRegression	0.9607079171100695
1790	wall-robot-navigation	data/diffprep_dataset/wall-robot-navigation/data.csv	24	LogisticRegression	0.9726102487485395
1790	avila	data/diffprep_dataset/avila/data.csv	10	LogisticRegression	0.8127222706552187
1790	shuttle	data/diffprep_dataset/shuttle/data.csv	9	LogisticRegression	0.9765350427174503
1790	abalone	data/diffprep_dataset/abalone/data.csv	8	LogisticRegression	0.518785847899556
1790	connect-4	data/diffprep_dataset/connect-4/data.csv	42	LogisticRegression	0.8801390573160266
1790	house_prices	data/diffprep_dataset/house_prices/data.csv	80	LogisticRegression	0.970453925705805
1790	USCensus	data/diffprep_dataset/USCensus/data.csv	14	LogisticRegression	0.9044645904078856
1790	pol	data/diffprep_dataset/pol/data.csv	48	LogisticRegression	0.9430447143870397
1790	mozilla4	data/diffprep_dataset/mozilla4/data.csv	5	LogisticRegression	0.9629682320918028
1790	pbcseq	data/diffprep_dataset/pbcseq/data.csv	18	LogisticRegression	0.8468905775751694
1790	page-blocks	data/diffprep_dataset/page-blocks/data.csv	10	LogisticRegression	0.9810999325377465
1790	ada_prior	data/diffprep_dataset/ada_prior/data.csv	14	LogisticRegression	0.9171602441624201
1790	eeg	data/diffprep_dataset/eeg/data.csv	14	LogisticRegression	0.90004450268255
1790	obesity	data/diffprep_dataset/obesity/data.csv	16	LogisticRegression	0.8588298157855662
1800	microaggregation2	data/diffprep_dataset/microaggregation2/data.csv	20	LogisticRegression	0.7528280016046162
1800	google	data/diffprep_dataset/google/data.csv	8	LogisticRegression	0.7772100721585345
1800	jungle_chess_2pcs_raw_endgame_complete	data/diffprep_dataset/jungle_chess_2pcs_raw_endgame_complete/data.csv	6	LogisticRegression	0.8350050167252108
1800	Run_or_walk_information	data/diffprep_dataset/Run_or_walk_information/data.csv	6	LogisticRegression	0.9779716206518041
1800	wall-robot-navigation	data/diffprep_dataset/wall-robot-navigation/data.csv	24	LogisticRegression	0.970725343394151
1800	avila	data/diffprep_dataset/avila/data.csv	10	LogisticRegression	0.9307605949427743
1800	shuttle	data/diffprep_dataset/shuttle/data.csv	9	LogisticRegression	0.9546167311797316
1800	abalone	data/diffprep_dataset/abalone/data.csv	8	LogisticRegression	0.5210864616150269
1800	connect-4	data/diffprep_dataset/connect-4/data.csv	42	LogisticRegression	0.8162246118153363
1800	house_prices	data/diffprep_dataset/house_prices/data.csv	80	LogisticRegression	0.9633702257080722
1800	USCensus	data/diffprep_dataset/USCensus/data.csv	14	LogisticRegression	0.9175264312456578
1800	pol	data/diffprep_dataset/pol/data.csv	48	LogisticRegression	0.9902861539306034
1800	mozilla4	data/diffprep_dataset/mozilla4/data.csv	5	LogisticRegression	0.9696255407574413
1800	pbcseq	data/diffprep_dataset/pbcseq/data.csv	18	LogisticRegression	0.894139732470557
1800	page-blocks	data/diffprep_dataset/page-blocks/data.csv	10	LogisticRegression	0.9829598392925829
1800	ada_prior	data/diffprep_dataset/ada_prior/data.csv	14	LogisticRegression	0.8990685212566211
1800	eeg	data/diffprep_dataset/eeg/data.csv	14	LogisticRegression	0.8867817332673293
1800	obesity	data/diffprep_dataset/obesity/data.csv	16	LogisticRegression	0.9675588936937934
1810	microaggregation2	data/diffprep_dataset/microaggregation2/data.csv	20	LogisticRegression	0.7935678924956578
1810	google	data/diffprep_dataset/google/data.csv	8	LogisticRegression	0.7699672199151489
1810	jungle_chess_2pcs_raw_endgame_complete	data/diffprep_dataset/jungle_chess_2pcs_raw_endgame_complete/data.csv	6	LogisticRegression	0.8221471437193746
1810	Run_or_walk_information	data/diffprep_dataset/Run_or_walk_information/data.csv	6	LogisticRegression	0.9779716206518041
1810	wall-robot-navigation	data/diffprep_dataset/wall-robot-navigation/data.csv	24	LogisticRegression	0.970725343394151
1810	avila	data/diffprep_dataset/avila/data.csv	10	LogisticRegression	0.7493808337049281
1810	shuttle	data/diffprep_dataset/shuttle/data.csv	9	LogisticRegression	0.982344135219425
1810	abalone	data/diffprep_dataset/abalone/data.csv	8	LogisticRegression	0.507126250053005
1810	connect-4	data/diffprep_dataset/connect-4/data.csv	42	LogisticRegression	0.8146817385393711
1810	house_prices	data/diffprep_dataset/house_prices/data.csv	80	LogisticRegression	0.9633702257080722
1810	USCensus	data/diffprep_dataset/USCensus/data.csv	14	LogisticRegression	0.896022224505577
1810	pol	data/diffprep_dataset/pol/data.csv	48	LogisticRegression	0.9574271077563381
1810	mozilla4	data/diffprep_dataset/mozilla4/data.csv	5	LogisticRegression	0.9677993460111423
1810	pbcseq	data/diffprep_dataset/pbcseq/data.csv	18	LogisticRegression	0.845371490114376
1810	page-blocks	data/diffprep_dataset/page-blocks/data.csv	10	LogisticRegression	0.9815652396222593
1810	ada_prior	data/diffprep_dataset/ada_prior/data.csv	14	LogisticRegression	0.9171602441624201
1810	eeg	data/diffprep_dataset/eeg/data.csv	14	LogisticRegression	0.8590599389089123
1810	obesity	data/diffprep_dataset/obesity/data.csv	16	LogisticRegression	0.8872621047656614
1820	microaggregation2	data/diffprep_dataset/microaggregation2/data.csv	20	LogisticRegression	0.7949842765740717
1820	google	data/diffprep_dataset/google/data.csv	8	LogisticRegression	0.7435241590067406
1820	jungle_chess_2pcs_raw_endgame_complete	data/diffprep_dataset/jungle_chess_2pcs_raw_endgame_complete/data.csv	6	LogisticRegression	0.8211288363094009
1820	Run_or_walk_information	data/diffprep_dataset/Run_or_walk_information/data.csv	6	LogisticRegression	0.9601496478162156
1820	wall-robot-navigation	data/diffprep_dataset/wall-robot-navigation/data.csv	24	LogisticRegression	0.914374423352155
1820	avila	data/diffprep_dataset/avila/data.csv	10	LogisticRegression	0.7253371900646265
1820	shuttle	data/diffprep_dataset/shuttle/data.csv	9	LogisticRegression	0.9998706812935084
1820	abalone	data/diffprep_dataset/abalone/data.csv	8	LogisticRegression	0.5153156695021507
1820	connect-4	data/diffprep_dataset/connect-4/data.csv	42	LogisticRegression	0.890671010543787
1820	house_prices	data/diffprep_dataset/house_prices/data.csv	80	LogisticRegression	0.9562340517069216
1820	USCensus	data/diffprep_dataset/USCensus/data.csv	14	LogisticRegression	0.9208671538621537
1820	pol	data/diffprep_dataset/pol/data.csv	48	LogisticRegression	0.9471008394041259
1820	mozilla4	data/diffprep_dataset/mozilla4/data.csv	5	LogisticRegression	0.9611293882035064
1820	pbcseq	data/diffprep_dataset/pbcseq/data.csv	18	LogisticRegression	0.8869229903128576
1820	page-blocks	data/diffprep_dataset/page-blocks/data.csv	10	LogisticRegression	0.9806344046669169
1820	ada_prior	data/diffprep_dataset/ada_prior/data.csv	14	LogisticRegression	0.9171602441624201
1820	eeg	data/diffprep_dataset/eeg/data.csv	14	LogisticRegression	0.8600307381099771
1820	obesity	data/diffprep_dataset/obesity/data.csv	16	LogisticRegression	0.9402982274263746
1830	microaggregation2	data/diffprep_dataset/microaggregation2/data.csv	20	LogisticRegression	0.7935678924956578
1830	google	data/diffprep_dataset/google/data.csv	8	LogisticRegression	0.7706599480983739
1830	jungle_chess_2pcs_raw_endgame_complete	data/diffprep_dataset/jungle_chess_2pcs_raw_endgame_complete/data.csv	6	LogisticRegression	0.871482859234882
1830	Run_or_walk_information	data/diffprep_dataset/Run_or_walk_information/data.csv	6	LogisticRegression	0.9287763877854197
1830	wall-robot-navigation	data/diffprep_dataset/wall-robot-navigation/data.csv	24	LogisticRegression	0.9559913252323025
1830	avila	data/diffprep_dataset/avila/data.csv	10	LogisticRegression	0.8683046945887974
1830	shuttle	data/diffprep_dataset/shuttle/data.csv	9	LogisticRegression	0.9744582933698298
1830	abalone	data/diffprep_dataset/abalone/data.csv	8	LogisticRegression	0.5023866484069891
1830	connect-4	data/diffprep_dataset/connect-4/data.csv	42	LogisticRegression	0.890671010543787
1830	house_prices	data/diffprep_dataset/house_prices/data.csv	80	LogisticRegression	0.9633702257080722
1830	USCensus	data/diffprep_dataset/USCensus/data.csv	14	LogisticRegression	0.9205336271746971
1830	pol	data/diffprep_dataset/pol/data.csv	48	LogisticRegression	0.982344135219425
1830	mozilla4	data/diffprep_dataset/mozilla4/data.csv	5	LogisticRegression	0.9674669402496591
1830	pbcseq	data/diffprep_dataset/pbcseq/data.csv	18	LogisticRegression	0.8468905775751694
1830	page-blocks	data/diffprep_dataset/page-blocks/data.csv	10	LogisticRegression	0.9824951926869505
1830	ada_prior	data/diffprep_dataset/ada_prior/data.csv	14	LogisticRegression	0.9147686879558149
1830	eeg	data/diffprep_dataset/eeg/data.csv	14	LogisticRegression	0.8617754207648568
1830	obesity	data/diffprep_dataset/obesity/data.csv	16	LogisticRegression	0.8711287208139509
1840	microaggregation2	data/diffprep_dataset/microaggregation2/data.csv	20	LogisticRegression	0.7823042886243179
1840	google	data/diffprep_dataset/google/data.csv	8	LogisticRegression	0.8134409828976024
1840	jungle_chess_2pcs_raw_endgame_complete	data/diffprep_dataset/jungle_chess_2pcs_raw_endgame_complete/data.csv	6	LogisticRegression	0.8722505729581845
1840	Run_or_walk_information	data/diffprep_dataset/Run_or_walk_information/data.csv	6	LogisticRegression	0.9855600399731707
1840	wall-robot-navigation	data/diffprep_dataset/wall-robot-navigation/data.csv	24	LogisticRegression	0.9555122516240506
1840	avila	data/diffprep_dataset/avila/data.csv	10	LogisticRegression	0.7816167682442432
1840	shuttle	data/diffprep_dataset/shuttle/data.csv	9	LogisticRegression	0.9657942952252593
1840	abalone	data/diffprep_dataset/abalone/data.csv	8	LogisticRegression	0.5011947448335864
1840	connect-4	data/diffprep_dataset/connect-4/data.csv	42	LogisticRegression	0.890671010543787
1840	house_prices	data/diffprep_dataset/house_prices/data.csv	80	LogisticRegression	0.9633702257080722
1840	USCensus	data/diffprep_dataset/USCensus/data.csv	14	LogisticRegression	0.9044645904078856
1840	pol	data/diffprep_dataset/pol/data.csv	48	LogisticRegression	0.972967967955095
1840	mozilla4	data/diffprep_dataset/mozilla4/data.csv	5	LogisticRegression	0.933456623142456
1840	pbcseq	data/diffprep_dataset/pbcseq/data.csv	18	LogisticRegression	0.8796470430283292
1840	page-blocks	data/diffprep_dataset/page-blocks/data.csv	10	LogisticRegression	0.9824951926869505
1840	ada_prior	data/diffprep_dataset/ada_prior/data.csv	14	LogisticRegression	0.9147686879558149
1840	eeg	data/diffprep_dataset/eeg/data.csv	14	LogisticRegression	0.8207099079479944
1840	obesity	data/diffprep_dataset/obesity/data.csv	16	LogisticRegression	0.8859288777093441
1850	microaggregation2	data/diffprep_dataset/microaggregation2/data.csv	20	LogisticRegression	0.7612489737267303
1850	google	data/diffprep_dataset/google/data.csv	8	LogisticRegression	0.7580939982210257
1850	jungle_chess_2pcs_raw_endgame_complete	data/diffprep_dataset/jungle_chess_2pcs_raw_endgame_complete/data.csv	6	LogisticRegression	0.8224862993559777
1850	Run_or_walk_information	data/diffprep_dataset/Run_or_walk_information/data.csv	6	LogisticRegression	0.9421103760801671
1850	wall-robot-navigation	data/diffprep_dataset/wall-robot-navigation/data.csv	24	LogisticRegression	0.820412654142367
1850	avila	data/diffprep_dataset/avila/data.csv	10	LogisticRegression	0.866647623050759
1850	shuttle	data/diffprep_dataset/shuttle/data.csv	9	LogisticRegression	0.9994826247821316
1850	abalone	data/diffprep_dataset/abalone/data.csv	8	LogisticRegression	0.5199374272253009
1850	connect-4	data/diffprep_dataset/connect-4/data.csv	42	LogisticRegression	0.8131359377656162
1850	house_prices	data/diffprep_dataset/house_prices/data.csv	80	LogisticRegression	0.9633702257080722
1850	USCensus	data/diffprep_dataset/USCensus/data.csv	14	LogisticRegression	0.8910390341716945
1850	pol	data/diffprep_dataset/pol/data.csv	48	LogisticRegression	0.9743373816770725
1850	mozilla4	data/diffprep_dataset/mozilla4/data.csv	5	LogisticRegression	0.9483272334238139
1850	pbcseq	data/diffprep_dataset/pbcseq/data.csv	18	LogisticRegression	0.8407977604846422
1850	page-blocks	data/diffprep_dataset/page-blocks/data.csv	10	LogisticRegression	0.9778365832600271
1850	ada_prior	data/diffprep_dataset/ada_prior/data.csv	14	LogisticRegression	0.9105683503729887
1850	eeg	data/diffprep_dataset/eeg/data.csv	14	LogisticRegression	0.8021999124903131
1850	obesity	data/diffprep_dataset/obesity/data.csv	16	LogisticRegression	0.8899225668230345
1860	microaggregation2	data/diffprep_dataset/microaggregation2/data.csv	20	LogisticRegression	0.7549834435270749
1860	google	data/diffprep_dataset/google/data.csv	8	LogisticRegression	0.7998799269548883
1860	jungle_chess_2pcs_raw_endgame_complete	data/diffprep_dataset/jungle_chess_2pcs_raw_endgame_complete/data.csv	6	LogisticRegression	0.871482859234882
1860	Run_or_walk_information	data/diffprep_dataset/Run_or_walk_information/data.csv	6	LogisticRegression	0.8810313713098945
1860	wall-robot-navigation	data/diffprep_dataset/wall-robot-navigation/data.csv	24	LogisticRegression	0.8781015152374303
1860	avila	data/diffprep_dataset/avila/data.csv	10	LogisticRegression	0.7287970804519757
1860	shuttle	data/diffprep_dataset/shuttle/data.csv	9	LogisticRegression	0.9998706812935084
1860	abalone	data/diffprep_dataset/abalone/data.csv	8	LogisticRegression	0.5035757308949782
1860	connect-4	data/diffprep_dataset/connect-4/data.csv	42	LogisticRegression	0.890671010543787
1860	house_prices	data/diffprep_dataset/house_prices/data.csv	80	LogisticRegression	0.9580230786249787
1860	USCensus	data/diffprep_dataset/USCensus/data.csv	14	LogisticRegression	0.9203668185066293
1860	pol	data/diffprep_dataset/pol/data.csv	48	LogisticRegression	0.9750213672872337
1860	mozilla4	data/diffprep_dataset/mozilla4/data.csv	5	LogisticRegression	0.9267130304733756
1860	pbcseq	data/diffprep_dataset/pbcseq/data.csv	18	LogisticRegression	0.8574488375392606
1860	page-blocks	data/diffprep_dataset/page-blocks/data.csv	10	LogisticRegression	0.9810999325377465
1860	ada_prior	data/diffprep_dataset/ada_prior/data.csv	14	LogisticRegression	0.896628710730869
1860	eeg	data/diffprep_dataset/eeg/data.csv	14	LogisticRegression	0.8580880413934088
1860	obesity	data/diffprep_dataset/obesity/data.csv	16	LogisticRegression	0.8885933314779292
1870	microaggregation2	data/diffprep_dataset/microaggregation2/data.csv	20	LogisticRegression	0.7689278249614849
1870	google	data/diffprep_dataset/google/data.csv	8	LogisticRegression	0.8111417306183182
1870	jungle_chess_2pcs_raw_endgame_complete	data/diffprep_dataset/jungle_chess_2pcs_raw_endgame_complete/data.csv	6	LogisticRegression	0.8212646835824471
1870	Run_or_walk_information	data/diffprep_dataset/Run_or_walk_information/data.csv	6	LogisticRegression	0.9858749565529265
1870	wall-robot-navigation	data/diffprep_dataset/wall-robot-navigation/data.csv	24	LogisticRegression	0.9297681778103962
1870	avila	data/diffprep_dataset/avila/data.csv	10	LogisticRegression	0.7874190430774799
1870	shuttle	data/diffprep_dataset/shuttle/data.csv	9	LogisticRegression	0.9897753141060819
1870	abalone	data/diffprep_dataset/abalone/data.csv	8	LogisticRegression	0.5153156695021507
1870	connect-4	data/diffprep_dataset/connect-4/data.csv	42	LogisticRegression	0.890671010543787
1870	house_prices	data/diffprep_dataset/house_prices/data.csv	80	LogisticRegression	0.9615911471340486
1870	USCensus	data/diffprep_dataset/USCensus/data.csv	14	LogisticRegression	0.9210338719143683
1870	pol	data/diffprep_dataset/pol/data.csv	48	LogisticRegression	0.9877584050093761
1870	mozilla4	data/diffprep_dataset/mozilla4/data.csv	5	LogisticRegression	0.9696255407574413
1870	pbcseq	data/diffprep_dataset/pbcseq/data.csv	18	LogisticRegression	0.8377347347825459
1870	page-blocks	data/diffprep_dataset/page-blocks/data.csv	10	LogisticRegression	0.9806344046669169
1870	ada_prior	data/diffprep_dataset/ada_prior/data.csv	14	LogisticRegression	0.9159652465941253
1870	eeg	data/diffprep_dataset/eeg/data.csv	14	LogisticRegression	0.8490943891635048
1870	obesity	data/diffprep_dataset/obesity/data.csv	16	LogisticRegression	0.9365193847004032
1880	microaggregation2	data/diffprep_dataset/microaggregation2/data.csv	20	LogisticRegression	0.7689278249614849
1880	google	data/diffprep_dataset/google/data.csv	8	LogisticRegression	0.7471039782535663
1880	jungle_chess_2pcs_raw_endgame_complete	data/diffprep_dataset/jungle_chess_2pcs_raw_endgame_complete/data.csv	6	LogisticRegression	0.8374729843724934
1880	Run_or_walk_information	data/diffprep_dataset/Run_or_walk_information/data.csv	6	LogisticRegression	0.8638884155326297
1880	wall-robot-navigation	data/diffprep_dataset/wall-robot-navigation/data.csv	24	LogisticRegression	0.9726102487485395
1880	avila	data/diffprep_dataset/avila/data.csv	10	LogisticRegression	0.755747820115287
1880	shuttle	data/diffprep_dataset/shuttle/data.csv	9	LogisticRegression	0.9711795174798601
1880	abalone	data/diffprep_dataset/abalone/data.csv	8	LogisticRegression	0.5118219636631847
1880	connect-4	data/diffprep_dataset/connect-4/data.csv	42	LogisticRegression	0.890671010543787
1880	house_prices	data/diffprep_dataset/house_prices/data.csv	80	LogisticRegression	0.9669185626769791
1880	USCensus	data/diffprep_dataset/USCensus/data.csv	14	LogisticRegression	0.9191983102401179
1880	pol	data/diffprep_dataset/pol/data.csv	48	LogisticRegression	0.9624621204667398
1880	mozilla4	data/diffprep_dataset/mozilla4/data.csv	5	LogisticRegression	0.9696255407574413
1880	pbcseq	data/diffprep_dataset/pbcseq/data.csv	18	LogisticRegression	0.854445504887598
1880	page-blocks	data/diffprep_dataset/page-blocks/data.csv	10	LogisticRegression	0.9829598392925829
1880	ada_prior	data/diffprep_dataset/ada_prior/data.csv	14	LogisticRegression	0.9105683503729887
1880	eeg	data/diffprep_dataset/eeg/data.csv	14	LogisticRegression	0.7959342613963917
1880	obesity	data/diffprep_dataset/obesity/data.csv	16	LogisticRegression	0.9540259349900136
1890	microaggregation2	data/diffprep_dataset/microaggregation2/data.csv	20	LogisticRegression	0.7808649050892222
1890	google	data/diffprep_dataset/google/data.csv	8	LogisticRegression	0.790822491743357
1890	jungle_chess_2pcs_raw_endgame_complete	data/diffprep_dataset/jungle_chess_2pcs_raw_endgame_complete/data.csv	6	LogisticRegression	0.8566353866327345
1890	Run_or_walk_information	data/diffprep_dataset/Run_or_walk_information/data.csv	6	LogisticRegression	0.985932203305961
1890	wall-robot-navigation	data/diffprep_dataset/wall-robot-navigation/data.csv	24	LogisticRegression	0.7966275068156915
1890	avila	data/diffprep_dataset/avila/data.csv	10	LogisticRegression	0.7837594459974471
1890	shuttle	data/diffprep_dataset/shuttle/data.csv	9	LogisticRegression	0.9783871316152645
1890	abalone	data/diffprep_dataset/abalone/data.csv	8	LogisticRegression	0.5324404407692068
1890	connect-4	data/diffprep_dataset/connect-4/data.csv	42	LogisticRegression	0.8632864353785393
1890	house_prices	data/diffprep_dataset/house_prices/data.csv	80	LogisticRegression	0.9633702257080722
1890	USCensus	data/diffprep_dataset/USCensus/data.csv	14	LogisticRegression	0.9190312592055281
1890	pol	data/diffprep_dataset/pol/data.csv	48	LogisticRegression	0.9527154174603593
1890	mozilla4	data/diffprep_dataset/mozilla4/data.csv	5	LogisticRegression	0.9658031953551667
1890	pbcseq	data/diffprep_dataset/pbcseq/data.csv	18	LogisticRegression	0.854445504887598
1890	page-blocks	data/diffprep_dataset/page-blocks/data.csv	10	LogisticRegression	0.9824951926869505
1890	ada_prior	data/diffprep_dataset/ada_prior/data.csv	14	LogisticRegression	0.9105683503729887
1890	eeg	data/diffprep_dataset/eeg/data.csv	14	LogisticRegression	0.7554872697049556
1890	obesity	data/diffprep_dataset/obesity/data.csv	16	LogisticRegression	0.8656841129716639
1900	microaggregation2	data/diffprep_dataset/microaggregation2/data.csv	20	LogisticRegression	0.7758865896508329
1900	google	data/diffprep_dataset/google/data.csv	8	LogisticRegression	0.7591491052009665
1900	jungle_chess_2pcs_raw_endgame_complete	data/diffprep_dataset/jungle_chess_2pcs_raw_endgame_complete/data.csv	6	LogisticRegression	0.9280809370911877
1900	Run_or_walk_information	data/diffprep_dataset/Run_or_walk_information/data.csv	6	LogisticRegression	0.9287460033448199
1900	wall-robot-navigation	data/diffprep_dataset/wall-robot-navigation/data.csv	24	LogisticRegression	0.8220852606780977
1900	avila	data/diffprep_dataset/avila/data.csv	10	LogisticRegression	0.8087328817241154
1900	shuttle	data/diffprep_dataset/shuttle/data.csv	9	LogisticRegression	0.9998706812935084
1900	abalone	data/diffprep_dataset/abalone/data.csv	8	LogisticRegression	0.5118219636631847
1900	connect-4	data/diffprep_dataset/connect-4/data.csv	42	LogisticRegression	0.8724111664457614
1900	house_prices	data/diffprep_dataset/house_prices/data.csv	80	LogisticRegression	0.95980877090821
1900	USCensus	data/diffprep_dataset/USCensus/data.csv	14	LogisticRegression	0.9076842403490903
1900	pol	data/diffprep_dataset/pol/data.csv	48	LogisticRegression	0.9603818684946802
1900	mozilla4	data/diffprep_dataset/mozilla4/data.csv	5	LogisticRegression	0.9716138385544459
1900	pbcseq	data/diffprep_dataset/pbcseq/data.csv	18	LogisticRegression	0.8619342151577695
1900	page-blocks	data/diffprep_dataset/page-blocks/data.csv	10	LogisticRegression	0.9806344046669169
1900	ada_prior	data/diffprep_dataset/ada_prior/data.csv	14	LogisticRegression	0.9111695840802098
1900	eeg	data/diffprep_dataset/eeg/data.csv	14	LogisticRegression	0.8013673228394204
1900	obesity	data/diffprep_dataset/obesity/data.csv	16	LogisticRegression	0.9263671131731709
1910	microaggregation2	data/diffprep_dataset/microaggregation2/data.csv	20	LogisticRegression	0.7935678924956578
1910	google	data/diffprep_dataset/google/data.csv	8	LogisticRegression	0.8170410209301636
1910	jungle_chess_2pcs_raw_endgame_complete	data/diffprep_dataset/jungle_chess_2pcs_raw_endgame_complete/data.csv	6	LogisticRegression	0.9280809370911877
1910	Run_or_walk_information	data/diffprep_dataset/Run_or_walk_information/data.csv	6	LogisticRegression	0.9116335569641404
1910	wall-robot-navigation	data/diffprep_dataset/wall-robot-navigation/data.csv	24	LogisticRegression	0.9726102487485395
1910	avila	data/diffprep_dataset/avila/data.csv	10	LogisticRegression	0.9307605949427743
1910	shuttle	data/diffprep_dataset/shuttle/data.csv	9	LogisticRegression	0.9998706812935084
1910	abalone	data/diffprep_dataset/abalone/data.csv	8	LogisticRegression	0.498802393489843
1910	connect-4	data/diffprep_dataset/connect-4/data.csv	42	LogisticRegression	0.880601414597635
1910	house_prices	data/diffprep_dataset/house_prices/data.csv	80	LogisticRegression	0.970453925705805
1910	USCensus	data/diffprep_dataset/USCensus/data.csv	14	LogisticRegression	0.91994966450863
1910	pol	data/diffprep_dataset/pol/data.csv	48	LogisticRegression	0.9428679653058534
1910	mozilla4	data/diffprep_dataset/mozilla4/data.csv	5	LogisticRegression	0.9648035712867039
1910	pbcseq	data/diffprep_dataset/pbcseq/data.csv	18	LogisticRegression	0.8499206072101154
1910	page-blocks	data/diffprep_dataset/page-blocks/data.csv	10	LogisticRegression	0.9848162334662391
1910	ada_prior	data/diffprep_dataset/ada_prior/data.csv	14	LogisticRegression	0.91536716279115
1910	eeg	data/diffprep_dataset/eeg/data.csv	14	LogisticRegression	0.8852748813150164
1910	obesity	data/diffprep_dataset/obesity/data.csv	16	LogisticRegression	0.927642223361274
1920	microaggregation2	data/diffprep_dataset/microaggregation2/data.csv	20	LogisticRegression	0.7956129712366434
1920	google	data/diffprep_dataset/google/data.csv	8	LogisticRegression	0.7854058355870377
1920	jungle_chess_2pcs_raw_endgame_complete	data/diffprep_dataset/jungle_chess_2pcs_raw_endgame_complete/data.csv	6	LogisticRegression	0.9280809370911877
1920	Run_or_walk_information	data/diffprep_dataset/Run_or_walk_information/data.csv	6	LogisticRegression	0.8477309142062738
1920	wall-robot-navigation	data/diffprep_dataset/wall-robot-navigation/data.csv	24	LogisticRegression	0.9238397336550607
1920	avila	data/diffprep_dataset/avila/data.csv	10	LogisticRegression	0.8683046945887974
1920	shuttle	data/diffprep_dataset/shuttle/data.csv	9	LogisticRegression	0.9998706812935084
1920	abalone	data/diffprep_dataset/abalone/data.csv	8	LogisticRegression	0.512989176042577
1920	connect-4	data/diffprep_dataset/connect-4/data.csv	42	LogisticRegression	0.8283301555870252
1920	house_prices	data/diffprep_dataset/house_prices/data.csv	80	LogisticRegression	0.9580230786249787
1920	USCensus	data/diffprep_dataset/USCensus/data.csv	14	LogisticRegression	0.8977341523646173
1920	pol	data/diffprep_dataset/pol/data.csv	48	LogisticRegression	0.9453394452082631
1920	mozilla4	data/diffprep_dataset/mozilla4/data.csv	5	LogisticRegression	0.9696255407574413
1920	pbcseq	data/diffprep_dataset/pbcseq/data.csv	18	LogisticRegression	0.8468905775751694
1920	page-blocks	data/diffprep_dataset/page-blocks/data.csv	10	LogisticRegression	0.9824951926869505
1920	ada_prior	data/diffprep_dataset/ada_prior/data.csv	14	LogisticRegression	0.920735931189595
1920	eeg	data/diffprep_dataset/eeg/data.csv	14	LogisticRegression	0.7554872697049556
1920	obesity	data/diffprep_dataset/obesity/data.csv	16	LogisticRegression	0.9148111458788166
1930	microaggregation2	data/diffprep_dataset/microaggregation2/data.csv	20	LogisticRegression	0.795455844154784
1930	google	data/diffprep_dataset/google/data.csv	8	LogisticRegression	0.7847261246543586
1930	jungle_chess_2pcs_raw_endgame_complete	data/diffprep_dataset/jungle_chess_2pcs_raw_endgame_complete/data.csv	6	LogisticRegression	0.8210609042442332
1930	Run_or_walk_information	data/diffprep_dataset/Run_or_walk_information/data.csv	6	LogisticRegression	0.9708181423148042
1930	wall-robot-navigation	data/diffprep_dataset/wall-robot-navigation/data.csv	24	LogisticRegression	0.9726102487485395
1930	avila	data/diffprep_dataset/avila/data.csv	10	LogisticRegression	0.7773136939622732
1930	shuttle	data/diffprep_dataset/shuttle/data.csv	9	LogisticRegression	0.9869842607835663
1930	abalone	data/diffprep_dataset/abalone/data.csv	8	LogisticRegression	0.498802393489843
1930	connect-4	data/diffprep_dataset/connect-4/data.csv	42	LogisticRegression	0.8174930268956981
1930	house_prices	data/diffprep_dataset/house_prices/data.csv	80	LogisticRegression	0.9454288003008773
1930	USCensus	data/diffprep_dataset/USCensus/data.csv	14	LogisticRegression	0.9210338719143683
1930	pol	data/diffprep_dataset/pol/data.csv	48	LogisticRegression	0.9514900595031633
1930	mozilla4	data/diffprep_dataset/mozilla4/data.csv	5	LogisticRegression	0.9433964084793212
1930	pbcseq	data/diffprep_dataset/pbcseq/data.csv	18	LogisticRegression	0.855948488467633
1930	page-blocks	data/diffprep_dataset/page-blocks/data.csv	10	LogisticRegression	0.980168655695185
1930	ada_prior	data/diffprep_dataset/ada_prior/data.csv	14	LogisticRegression	0.9141698213201344
1930	eeg	data/diffprep_dataset/eeg/data.csv	14	LogisticRegression	0.8017837257372732
1930	obesity	data/diffprep_dataset/obesity/data.csv	16	LogisticRegression	0.8832563863180561
1940	microaggregation2	data/diffprep_dataset/microaggregation2/data.csv	20	LogisticRegression	0.7968688725254613
1940	google	data/diffprep_dataset/google/data.csv	8	LogisticRegression	0.8114705940944765
1940	jungle_chess_2pcs_raw_endgame_complete	data/diffprep_dataset/jungle_chess_2pcs_raw_endgame_complete/data.csv	6	LogisticRegression	0.9280809370911877
1940	Run_or_walk_information	data/diffprep_dataset/Run_or_walk_information/data.csv	6	LogisticRegression	0.8476976248181002
1940	wall-robot-navigation	data/diffprep_dataset/wall-robot-navigation/data.csv	24	LogisticRegression	0.977775002771065
1940	avila	data/diffprep_dataset/avila/data.csv	10	LogisticRegression	0.866647623050759
1940	shuttle	data/diffprep_dataset/shuttle/data.csv	9	LogisticRegression	0.9998706812935084
1940	abalone	data/diffprep_dataset/abalone/data.csv	8	LogisticRegression	0.49760190464104165
1940	connect-4	data/diffprep_dataset/connect-4/data.csv	42	LogisticRegression	0.8146363156774954
1940	house_prices	data/diffprep_dataset/house_prices/data.csv	80	LogisticRegression	0.9651460248662211
1940	USCensus	data/diffprep_dataset/USCensus/data.csv	14	LogisticRegression	0.9038702460927901
1940	pol	data/diffprep_dataset/pol/data.csv	48	LogisticRegression	0.9435747629803021
1940	mozilla4	data/diffprep_dataset/mozilla4/data.csv	5	LogisticRegression	0.9459500441399444
1940	pbcseq	data/diffprep_dataset/pbcseq/data.csv	18	LogisticRegression	0.8484069450876789
1940	page-blocks	data/diffprep_dataset/page-blocks/data.csv	10	LogisticRegression	0.9787700790174926
1940	ada_prior	data/diffprep_dataset/ada_prior/data.csv	14	LogisticRegression	0.91536716279115
1940	eeg	data/diffprep_dataset/eeg/data.csv	14	LogisticRegression	0.8867817332673293
1940	obesity	data/diffprep_dataset/obesity/data.csv	16	LogisticRegression	0.9057212425835773
1950	microaggregation2	data/diffprep_dataset/microaggregation2/data.csv	20	LogisticRegression	0.7744352781220649
1950	google	data/diffprep_dataset/google/data.csv	8	LogisticRegression	0.7545663197116051
1950	jungle_chess_2pcs_raw_endgame_complete	data/diffprep_dataset/jungle_chess_2pcs_raw_endgame_complete/data.csv	6	LogisticRegression	0.8719947434841504
1950	Run_or_walk_information	data/diffprep_dataset/Run_or_walk_information/data.csv	6	LogisticRegression	0.9406714895953968
1950	wall-robot-navigation	data/diffprep_dataset/wall-robot-navigation/data.csv	24	LogisticRegression	0.935659059410999
1950	avila	data/diffprep_dataset/avila/data.csv	10	LogisticRegression	0.7287970804519757
1950	shuttle	data/diffprep_dataset/shuttle/data.csv	9	LogisticRegression	0.9897753141060819
1950	abalone	data/diffprep_dataset/abalone/data.csv	8	LogisticRegression	0.5267940410848324
1950	connect-4	data/diffprep_dataset/connect-4/data.csv	42	LogisticRegression	0.8146363156774954
1950	house_prices	data/diffprep_dataset/house_prices/data.csv	80	LogisticRegression	0.9633702257080722
1950	USCensus	data/diffprep_dataset/USCensus/data.csv	14	LogisticRegression	0.8810752332875601
1950	pol	data/diffprep_dataset/pol/data.csv	48	LogisticRegression	0.9743373816770725
1950	mozilla4	data/diffprep_dataset/mozilla4/data.csv	5	LogisticRegression	0.9674669402496591
1950	pbcseq	data/diffprep_dataset/pbcseq/data.csv	18	LogisticRegression	0.8438496680160495
1950	page-blocks	data/diffprep_dataset/page-blocks/data.csv	10	LogisticRegression	0.980168655695185
1950	ada_prior	data/diffprep_dataset/ada_prior/data.csv	14	LogisticRegression	0.8954063124655012
1950	eeg	data/diffprep_dataset/eeg/data.csv	14	LogisticRegression	0.7677581673100554
1950	obesity	data/diffprep_dataset/obesity/data.csv	16	LogisticRegression	0.9402982274263746
1960	microaggregation2	data/diffprep_dataset/microaggregation2/data.csv	20	LogisticRegression	0.776530746332687
1960	google	data/diffprep_dataset/google/data.csv	8	LogisticRegression	0.8008799855996184
1960	jungle_chess_2pcs_raw_endgame_complete	data/diffprep_dataset/jungle_chess_2pcs_raw_endgame_complete/data.csv	6	LogisticRegression	0.8337348430330128
1960	Run_or_walk_information	data/diffprep_dataset/Run_or_walk_information/data.csv	6	LogisticRegression	0.8473979614758606
1960	wall-robot-navigation	data/diffprep_dataset/wall-robot-navigation/data.csv	24	LogisticRegression	0.9688367708983225
1960	avila	data/diffprep_dataset/avila/data.csv	10	LogisticRegression	0.7319133643919634
1960	shuttle	data/diffprep_dataset/shuttle/data.csv	9	LogisticRegression	0.9986197370923253
1960	abalone	data/diffprep_dataset/abalone/data.csv	8	LogisticRegression	0.5059455121295366
1960	connect-4	data/diffprep_dataset/connect-4/data.csv	42	LogisticRegression	0.870585370262638
1960	house_prices	data/diffprep_dataset/house_prices/data.csv	80	LogisticRegression	0.9580230786249787
1960	USCensus	data/diffprep_dataset/USCensus/data.csv	14	LogisticRegression	0.9014037877536863
1960	pol	data/diffprep_dataset/pol/data.csv	48	LogisticRegression	0.9428679653058534
1960	mozilla4	data/diffprep_dataset/mozilla4/data.csv	5	LogisticRegression	0.9277536967535187
1960	pbcseq	data/diffprep_dataset/pbcseq/data.csv	18	LogisticRegression	0.8499206072101154
1960	page-blocks	data/diffprep_dataset/page-blocks/data.csv	10	LogisticRegression	0.9824951926869505
1960	ada_prior	data/diffprep_dataset/ada_prior/data.csv	14	LogisticRegression	0.91536716279115
1960	eeg	data/diffprep_dataset/eeg/data.csv	14	LogisticRegression	0.789830219541475
1960	obesity	data/diffprep_dataset/obesity/data.csv	16	LogisticRegression	0.9415544714433868
1970	microaggregation2	data/diffprep_dataset/microaggregation2/data.csv	20	LogisticRegression	0.7707139547199077
1970	google	data/diffprep_dataset/google/data.csv	8	LogisticRegression	0.7737695502984401
1970	jungle_chess_2pcs_raw_endgame_complete	data/diffprep_dataset/jungle_chess_2pcs_raw_endgame_complete/data.csv	6	LogisticRegression	0.8210609042442332
1970	Run_or_walk_information	data/diffprep_dataset/Run_or_walk_information/data.csv	6	LogisticRegression	0.8477309142062738
1970	wall-robot-navigation	data/diffprep_dataset/wall-robot-navigation/data.csv	24	LogisticRegression	0.9810475077457832
1970	avila	data/diffprep_dataset/avila/data.csv	10	LogisticRegression	0.8185967401008201
1970	shuttle	data/diffprep_dataset/shuttle/data.csv	9	LogisticRegression	0.9758285604092272
1970	abalone	data/diffprep_dataset/abalone/data.csv	8	LogisticRegression	0.504762012234692
1970	connect-4	data/diffprep_dataset/connect-4/data.csv	42	LogisticRegression	0.8283301555870252
1970	house_prices	data/diffprep_dataset/house_prices/data.csv	80	LogisticRegression	0.9633702257080722
1970	USCensus	data/diffprep_dataset/USCensus/data.csv	14	LogisticRegression	0.8978196630713279
1970	pol	data/diffprep_dataset/pol/data.csv	48	LogisticRegression	0.8921883209278185
1970	mozilla4	data/diffprep_dataset/mozilla4/data.csv	5	LogisticRegression	0.9614639850415635
1970	pbcseq	data/diffprep_dataset/pbcseq/data.csv	18	LogisticRegression	0.870835665199848
1970	page-blocks	data/diffprep_dataset/page-blocks/data.csv	10	LogisticRegression	0.9806344046669169
1970	ada_prior	data/diffprep_dataset/ada_prior/data.csv	14	LogisticRegression	0.9171602441624201
1970	eeg	data/diffprep_dataset/eeg/data.csv	14	LogisticRegression	0.8852748813150164
1970	obesity	data/diffprep_dataset/obesity/data.csv	16	LogisticRegression	0.8033617310539418
1980	microaggregation2	data/diffprep_dataset/microaggregation2/data.csv	20	LogisticRegression	0.7760476789476275
1980	google	data/diffprep_dataset/google/data.csv	8	LogisticRegression	0.7716978744247489
1980	jungle_chess_2pcs_raw_endgame_complete	data/diffprep_dataset/jungle_chess_2pcs_raw_endgame_complete/data.csv	6	LogisticRegression	0.775791113542719
1980	Run_or_walk_information	data/diffprep_dataset/Run_or_walk_information/data.csv	6	LogisticRegression	0.9068539111977498
1980	wall-robot-navigation	data/diffprep_dataset/wall-robot-navigation/data.csv	24	LogisticRegression	0.9782431737352972
1980	avila	data/diffprep_dataset/avila/data.csv	10	LogisticRegression	0.7877232420623946
1980	shuttle	data/diffprep_dataset/shuttle/data.csv	9	LogisticRegression	0.9951173904066068
1980	abalone	data/diffprep_dataset/abalone/data.csv	8	LogisticRegression	0.5094795167525684
1980	connect-4	data/diffprep_dataset/connect-4/data.csv	42	LogisticRegression	0.8149996276882774
1980	house_prices	data/diffprep_dataset/house_prices/data.csv	80	LogisticRegression	0.9669185626769791
1980	USCensus	data/diffprep_dataset/USCensus/data.csv	14	LogisticRegression	0.91994966450863
1980	pol	data/diffprep_dataset/pol/data.csv	48	LogisticRegression	0.9506138367742533
1980	mozilla4	data/diffprep_dataset/mozilla4/data.csv	5	LogisticRegression	0.9614639850415635
1980	pbcseq	data/diffprep_dataset/pbcseq/data.csv	18	LogisticRegression	0.8468905775751694
1980	page-blocks	data/diffprep_dataset/page-blocks/data.csv	10	LogisticRegression	0.9848162334662391
1980	ada_prior	data/diffprep_dataset/ada_prior/data.csv	14	LogisticRegression	0.8892691166817271
1980	eeg	data/diffprep_dataset/eeg/data.csv	14	LogisticRegression	0.7565909770424546
1980	obesity	data/diffprep_dataset/obesity/data.csv	16	LogisticRegression	0.9663364561953067
1990	microaggregation2	data/diffprep_dataset/microaggregation2/data.csv	20	LogisticRegression	0.7932527970325727
1990	google	data/diffprep_dataset/google/data.csv	8	LogisticRegression	0.7633549496022
1990	jungle_chess_2pcs_raw_endgame_complete	data/diffprep_dataset/jungle_chess_2pcs_raw_endgame_complete/data.csv	6	LogisticRegression	0.871866800596882
1990	Run_or_walk_information	data/diffprep_dataset/Run_or_walk_information/data.csv	6	LogisticRegression	0.9287460033448199
1990	wall-robot-navigation	data/diffprep_dataset/wall-robot-navigation/data.csv	24	LogisticRegression	0.9810475077457832
1990	avila	data/diffprep_dataset/avila/data.csv	10	LogisticRegression	0.7011524499179008
1990	shuttle	data/diffprep_dataset/shuttle/data.csv	9	LogisticRegression	0.9998706812935084
1990	abalone	data/diffprep_dataset/abalone/data.csv	8	LogisticRegression	0.5118219636631847
1990	connect-4	data/diffprep_dataset/connect-4/data.csv	42	LogisticRegression	0.8537608784990195
1990	house_prices	data/diffprep_dataset/house_prices/data.csv	80	LogisticRegression	0.9615911471340486
1990	USCensus	data/diffprep_dataset/USCensus/data.csv	14	LogisticRegression	0.8994428218823658
1990	pol	data/diffprep_dataset/pol/data.csv	48	LogisticRegression	0.9743373816770725
1990	mozilla4	data/diffprep_dataset/mozilla4/data.csv	5	LogisticRegression	0.9258449150318071
1990	pbcseq	data/diffprep_dataset/pbcseq/data.csv	18	LogisticRegression	0.8869229903128576
1990	page-blocks	data/diffprep_dataset/page-blocks/data.csv	10	LogisticRegression	0.9646727980543124
1990	ada_prior	data/diffprep_dataset/ada_prior/data.csv	14	LogisticRegression	0.920735931189595
1990	eeg	data/diffprep_dataset/eeg/data.csv	14	LogisticRegression	0.7364712167746386
1990	obesity	data/diffprep_dataset/obesity/data.csv	16	LogisticRegression	0.9540259349900136
2000	microaggregation2	data/diffprep_dataset/microaggregation2/data.csv	20	LogisticRegression	0.7770135133960027
2000	google	data/diffprep_dataset/google/data.csv	8	LogisticRegression	0.8193237183125733
2000	jungle_chess_2pcs_raw_endgame_complete	data/diffprep_dataset/jungle_chess_2pcs_raw_endgame_complete/data.csv	6	LogisticRegression	0.8566353866327345
2000	Run_or_walk_information	data/diffprep_dataset/Run_or_walk_information/data.csv	6	LogisticRegression	0.8479306230898499
2000	wall-robot-navigation	data/diffprep_dataset/wall-robot-navigation/data.csv	24	LogisticRegression	0.977775002771065
2000	avila	data/diffprep_dataset/avila/data.csv	10	LogisticRegression	0.8277644945617778
2000	shuttle	data/diffprep_dataset/shuttle/data.csv	9	LogisticRegression	0.9783871316152645
2000	abalone	data/diffprep_dataset/abalone/data.csv	8	LogisticRegression	0.518785847899556
2000	connect-4	data/diffprep_dataset/connect-4/data.csv	42	LogisticRegression	0.890671010543787
2000	house_prices	data/diffprep_dataset/house_prices/data.csv	80	LogisticRegression	0.9633702257080722
2000	USCensus	data/diffprep_dataset/USCensus/data.csv	14	LogisticRegression	0.8919001912627745
2000	pol	data/diffprep_dataset/pol/data.csv	48	LogisticRegression	0.9847165412780811
2000	mozilla4	data/diffprep_dataset/mozilla4/data.csv	5	LogisticRegression	0.9249759848403419
2000	pbcseq	data/diffprep_dataset/pbcseq/data.csv	18	LogisticRegression	0.8869229903128576
2000	page-blocks	data/diffprep_dataset/page-blocks/data.csv	10	LogisticRegression	0.9810999325377465
2000	ada_prior	data/diffprep_dataset/ada_prior/data.csv	14	LogisticRegression	0.9069525782473332
2000	eeg	data/diffprep_dataset/eeg/data.csv	14	LogisticRegression	0.8867817332673293
2000	obesity	data/diffprep_dataset/obesity/data.csv	16	LogisticRegression	0.9784921095801633
